[Licensing::Module] Trying to connect to existing licensing client channel...
Built from '6000.2/staging' branch; Version is '6000.2.13f1 (abdb44fca7f7) revision 11262788'; Using compiler version '194234433'; Build Type 'Release'
[Licensing::IpcConnector] Successfully connected to: "LicenseClient-stran" at "2026-02-02T22:46:18.0748481Z"
OS: 'Windows 11  (10.0.22631) 64bit Professional' Language: 'en' Physical Memory: 16174 MB
BatchMode: 1, IsHumanControllingUs: 0, StartBugReporterOnCrash: 0, Is64bit: 1
Date: 2026-02-02T22:46:18Z

COMMAND LINE ARGUMENTS:
C:\Program Files\Unity\Hub\Editor\6000.2.13f1\Editor\Unity.exe
-adb2
-batchMode
-noUpm
-name
AssetImportWorker8
-projectPath
G:/GITHUP/Ultimate-Tetris-3D-Unity
-logFile
Logs/AssetImportWorker8.log
-srvPort
56631
-licensingIpc
LicenseClient-stran
-job-worker-count
5
-background-job-worker-count
8
-gc-helper-count
1
-name
AssetImport
Successfully changed project path to: G:/GITHUP/Ultimate-Tetris-3D-Unity
G:/GITHUP/Ultimate-Tetris-3D-Unity
[UnityMemory] Configuration Parameters - Can be set up in boot.config
    "memorysetup-allocator-temp-initial-block-size-main=262144"
    "memorysetup-allocator-temp-initial-block-size-worker=262144"
    "memorysetup-bucket-allocator-granularity=16"
    "memorysetup-bucket-allocator-bucket-count=8"
    "memorysetup-bucket-allocator-block-size=33554432"
    "memorysetup-bucket-allocator-block-count=8"
    "memorysetup-main-allocator-block-size=16777216"
    "memorysetup-thread-allocator-block-size=16777216"
    "memorysetup-gfx-main-allocator-block-size=16777216"
    "memorysetup-gfx-thread-allocator-block-size=16777216"
    "memorysetup-cache-allocator-block-size=4194304"
    "memorysetup-typetree-allocator-block-size=2097152"
    "memorysetup-profiler-bucket-allocator-granularity=16"
    "memorysetup-profiler-bucket-allocator-bucket-count=8"
    "memorysetup-profiler-bucket-allocator-block-size=33554432"
    "memorysetup-profiler-bucket-allocator-block-count=8"
    "memorysetup-profiler-allocator-block-size=16777216"
    "memorysetup-profiler-editor-allocator-block-size=1048576"
    "memorysetup-temp-allocator-size-main=16777216"
    "memorysetup-job-temp-allocator-block-size=2097152"
    "memorysetup-job-temp-allocator-block-size-background=1048576"
    "memorysetup-job-temp-allocator-reduction-small-platforms=262144"
    "memorysetup-temp-allocator-size-background-worker=32768"
    "memorysetup-temp-allocator-size-job-worker=262144"
    "memorysetup-temp-allocator-size-preload-manager=33554432"
    "memorysetup-temp-allocator-size-nav-mesh-worker=65536"
    "memorysetup-temp-allocator-size-audio-worker=65536"
    "memorysetup-temp-allocator-size-cloud-worker=32768"
    "memorysetup-temp-allocator-size-gi-baking-worker=262144"
    "memorysetup-temp-allocator-size-gi-baking-worker=262144"
    "memorysetup-temp-allocator-size-gi-baking-worker=262144"
    "memorysetup-temp-allocator-size-gi-baking-worker=262144"
    "memorysetup-temp-allocator-size-gi-baking-worker=262144"
    "memorysetup-temp-allocator-size-gfx=262144"
Player connection [24656]  Target information:

Player connection [24656]  * "[IP] 192.168.1.2 [Port] 0 [Flags] 2 [Guid] 2224395992 [EditorId] 2224395992 [Version] 1048832 [Id] WindowsEditor(7,Ghareeb) [Debug] 1 [PackageName] WindowsEditor [ProjectName] Editor" 

Player connection [24656] Host joined multi-casting on [225.0.0.222:54997]...
Player connection [24656] Host joined alternative multi-casting on [225.0.0.222:34997]...
JobSystem: Creating JobQueue using job-worker-count value 5
Input System module state changed to: Initialized.
[Physics::Module] Initialized fallback backend.
[Physics::Module] Id: 0xdecafbad
Library Redirect Path: Library/
[Physics::Module] Selected backend.
[Physics::Module] Name: PhysX
[Physics::Module] Id: 0xf2b8ea05
[Physics::Module] SDK Version: 4.1.2
[Physics::Module] Integration Version: 1.0.0
[Physics::Module] Threading Mode: Multi-Threaded
ETC Legacy compression has been deprecated and will be removed in a future release. You can review compressors in "Project Settings > Editor > Texture Compressors".
Refreshing native plugins compatible for Editor in 0.83 ms, found 2 plugins.
Preloading 0 native plugins for Editor in 0.00 ms.
Initialize engine version: 6000.2.13f1 (abdb44fca7f7)
[Subsystems] Discovering subsystems at path C:/Program Files/Unity/Hub/Editor/6000.2.13f1/Editor/Data/Resources/UnitySubsystems
[Subsystems] Discovering subsystems at path G:/GITHUP/Ultimate-Tetris-3D-Unity/Assets
GfxDevice: creating device client; kGfxThreadingModeNonThreaded
Direct3D:
    Version:  Direct3D 11.0 [level 11.1]
    Renderer: NVIDIA GeForce RTX 5060 Ti (ID=0x2d04)
    Vendor:   NVIDIA
    VRAM:     16051 MB
    Driver:   32.0.15.9174
Initialize mono
Mono path[0] = 'C:/Program Files/Unity/Hub/Editor/6000.2.13f1/Editor/Data/Managed'
Mono path[1] = 'C:/Program Files/Unity/Hub/Editor/6000.2.13f1/Editor/Data/MonoBleedingEdge/lib/mono/unityjit-win32'
Mono config path = 'C:/Program Files/Unity/Hub/Editor/6000.2.13f1/Editor/Data/MonoBleedingEdge/etc'
Using monoOptions --debugger-agent=transport=dt_socket,embedding=1,server=y,suspend=n,address=127.0.0.1:56528
Begin MonoManager ReloadAssembly
Registering precompiled unity dll's ...
Register platform support module: C:/Program Files/Unity/Hub/Editor/6000.2.13f1/Editor/Data/PlaybackEngines/WindowsStandaloneSupport/UnityEditor.WindowsStandalone.Extensions.dll
Registered in 0.001439 seconds.
- Loaded All Assemblies, in  0.417 seconds
Native extension for WindowsStandalone target not found
Mono: successfully reloaded assembly
- Finished resetting the current domain, in  0.386 seconds
Domain Reload Profiling: 801ms
	BeginReloadAssembly (134ms)
		ExecutionOrderSort (0ms)
		DisableScriptedObjects (0ms)
		BackupInstance (0ms)
		ReleaseScriptingObjects (0ms)
		CreateAndSetChildDomain (1ms)
	RebuildCommonClasses (43ms)
	RebuildNativeTypeToScriptingClass (14ms)
	initialDomainReloadingComplete (51ms)
	LoadAllAssembliesAndSetupDomain (173ms)
		LoadAssemblies (132ms)
		RebuildTransferFunctionScriptingTraits (0ms)
		AnalyzeDomain (170ms)
			TypeCache.Refresh (169ms)
				TypeCache.ScanAssembly (155ms)
			BuildScriptInfoCaches (0ms)
			ResolveRequiredComponents (1ms)
	FinalizeReload (387ms)
		ReleaseScriptCaches (0ms)
		RebuildScriptCaches (0ms)
		SetupLoadedEditorAssemblies (341ms)
			LogAssemblyErrors (0ms)
			InitializePlatformSupportModulesInManaged (59ms)
			SetLoadedEditorAssemblies (4ms)
			BeforeProcessingInitializeOnLoad (71ms)
			ProcessInitializeOnLoadAttributes (139ms)
			ProcessInitializeOnLoadMethodAttributes (67ms)
			AfterProcessingInitializeOnLoad (0ms)
			EditorAssembliesLoaded (0ms)
		ExecutionOrderSort2 (0ms)
		AwakeInstancesAfterBackupRestoration (0ms)
========================================================================
Worker process is ready to serve import requests
Import Worker Mode flag is 0x00
Begin MonoManager ReloadAssembly
[Licensing::Module] Licensing is not yet initialized.
[Licensing::Client] Handshaking with LicensingClient:
  Version:                 1.17.4+4293ba1
  Session Id:              30d85d0fae35453194ee4b29d6846dd0
  Correlation Id:          8cda8903196e05e92d7a391303223f2e
  External correlation Id: 4548034043112843495
  Machine Id:              mhPnH16mwgaa4n2vHrJnpNbZ6Zs=
[Licensing::Module] Successfully connected to LicensingClient on channel: "LicenseClient-stran" (connect: 0.00s, validation: 0.02s, handshake: 2.00s)
[Licensing::IpcConnector] Successfully connected to: "LicenseClient-stran-notifications" at "2026-02-02T22:46:20.0860919Z"
[Licensing::Module] Licensing Background thread has ended after 2.01s
[Licensing::Module] Licensing is initialized (took 0.29s).
[Licensing::Client] Successfully resolved entitlement details
[Licensing::Module] License group:
  Id: F4-S6VB-6VNM-MCA7-YRJZ-XXXX
  Product: Unity Personal
  Type: ULF
  Expiration: Unlimited
[Licensing::Module] License group:
  Id: 11270200047816-UnityPersXXXX
  Product: Unity Personal
  Type: Assigned
  Expiration: Unlimited
- Loaded All Assemblies, in  0.982 seconds
Refreshing native plugins compatible for Editor in 0.25 ms, found 2 plugins.
Native extension for WindowsStandalone target not found
Package Manager log level set to [2]
[Package Manager] Failed to launch server process. Reason: Unity was launched with the -noUpm command-line argument
[Package Manager] Unable to send message (not connected to server process).
[Package Manager] Cannot connect to Unity Package Manager local server
[MODES] ModeService[none].Initialize
[MODES] ModeService[none].LoadModes
[MODES] Loading mode Default (0) for mode-current-id-Ultimate Tetris
Mono: successfully reloaded assembly
- Finished resetting the current domain, in  0.777 seconds
Domain Reload Profiling: 1757ms
	BeginReloadAssembly (478ms)
		ExecutionOrderSort (0ms)
		DisableScriptedObjects (7ms)
		BackupInstance (0ms)
		ReleaseScriptingObjects (0ms)
		CreateAndSetChildDomain (34ms)
	RebuildCommonClasses (41ms)
	RebuildNativeTypeToScriptingClass (14ms)
	initialDomainReloadingComplete (39ms)
	LoadAllAssembliesAndSetupDomain (407ms)
		LoadAssemblies (311ms)
		RebuildTransferFunctionScriptingTraits (0ms)
		AnalyzeDomain (198ms)
			TypeCache.Refresh (148ms)
				TypeCache.ScanAssembly (135ms)
			BuildScriptInfoCaches (38ms)
			ResolveRequiredComponents (10ms)
	FinalizeReload (778ms)
		ReleaseScriptCaches (0ms)
		RebuildScriptCaches (0ms)
		SetupLoadedEditorAssemblies (574ms)
			LogAssemblyErrors (0ms)
			InitializePlatformSupportModulesInManaged (2ms)
			SetLoadedEditorAssemblies (3ms)
			BeforeProcessingInitializeOnLoad (122ms)
			ProcessInitializeOnLoadAttributes (331ms)
			ProcessInitializeOnLoadMethodAttributes (110ms)
			AfterProcessingInitializeOnLoad (6ms)
			EditorAssembliesLoaded (0ms)
		ExecutionOrderSort2 (0ms)
		AwakeInstancesAfterBackupRestoration (8ms)
ETC Legacy compression has been deprecated and will be removed in a future release. You can review compressors in "Project Settings > Editor > Texture Compressors".
Launched and connected shader compiler UnityShaderCompiler.exe after 0.02 seconds
Refreshing native plugins compatible for Editor in 0.48 ms, found 2 plugins.
Preloading 0 native plugins for Editor in 0.00 ms.
Unloading 15 Unused Serialized files (Serialized files now loaded: 0)
Unloading 4463 unused Assets / (4.6 MB). Loaded Objects now: 5182.
Memory consumption went from 120.1 MB to 115.5 MB.
Total: 14.131200 ms (FindLiveObjects: 0.995300 ms CreateObjectMapping: 1.267500 ms MarkObjects: 7.834400 ms  DeleteObjects: 4.030500 ms)

========================================================================
Received Import Request.
  Time since last request: 33515.649103 seconds.
  path: Packages/com.unity.probuilder/Content/Resources/Textures/GridBox_Default.png
  artifactKey: Guid(6344bf96fbda94141a525046d088fb23) Importer(815301076,1909f56bfc062723c751e8b465ee728b)
Start importing Packages/com.unity.probuilder/Content/Resources/Textures/GridBox_Default.png using Guid(6344bf96fbda94141a525046d088fb23) Importer(815301076,1909f56bfc062723c751e8b465ee728b) (PreviewImporter) -> (artifact id: '0ffb2109db4dd859f8c75f1d379ce899') in 0.1139994 seconds
Number of updated asset objects reloaded before import = 0Number of asset objects unloaded after import = 2

========================================================================
Received Import Request.
  Time since last request: 45.610899 seconds.
  path: Assets/Resources/Cube 1.prefab
  artifactKey: Guid(23e102effb56b984b8e01ef8d4ab0363) Importer(815301076,1909f56bfc062723c751e8b465ee728b)
Start importing Assets/Resources/Cube 1.prefab using Guid(23e102effb56b984b8e01ef8d4ab0363) Importer(815301076,1909f56bfc062723c751e8b465ee728b) (PreviewImporter) -> (artifact id: 'a68f8862e7bc4bfa2f5c50c2c1376820') in 0.0487284 seconds
Number of updated asset objects reloaded before import = 0Number of asset objects unloaded after import = 9

========================================================================
Received Prepare
ETC Legacy compression has been deprecated and will be removed in a future release. You can review compressors in "Project Settings > Editor > Texture Compressors".
Refreshing native plugins compatible for Editor in 0.35 ms, found 2 plugins.
Preloading 0 native plugins for Editor in 0.00 ms.
Unloading 15 Unused Serialized files (Serialized files now loaded: 0)
Unloading 15 unused Assets / (1.9 MB). Loaded Objects now: 5187.
Memory consumption went from 116.6 MB to 114.8 MB.
Total: 7.925400 ms (FindLiveObjects: 0.424000 ms CreateObjectMapping: 0.185100 ms MarkObjects: 6.757300 ms  DeleteObjects: 0.557300 ms)

Prepare: number of updated asset objects reloaded= 1
========================================================================
Received Import Request.
  Time since last request: 14.300872 seconds.
  path: Assets/Resources/Cube 1.prefab
  artifactKey: Guid(23e102effb56b984b8e01ef8d4ab0363) Importer(815301076,1909f56bfc062723c751e8b465ee728b)
Start importing Assets/Resources/Cube 1.prefab using Guid(23e102effb56b984b8e01ef8d4ab0363) Importer(815301076,1909f56bfc062723c751e8b465ee728b) (PreviewImporter) -> (artifact id: '73730e90fc1067c8876d15f4c026d25d') in 0.0089281 seconds
Number of updated asset objects reloaded before import = 0Number of asset objects unloaded after import = 9

========================================================================
Received Import Request.
  Time since last request: 10.163998 seconds.
  path: Assets/Materials/DarkBlue.mat
  artifactKey: Guid(dfd0162ca303b4b7c9867380d6d98939) Importer(815301076,1909f56bfc062723c751e8b465ee728b)
Start importing Assets/Materials/DarkBlue.mat using Guid(dfd0162ca303b4b7c9867380d6d98939) Importer(815301076,1909f56bfc062723c751e8b465ee728b) (PreviewImporter) -> (artifact id: 'efc22629d6e2526e97f0201361a250fb') in 0.6590561 seconds
Number of updated asset objects reloaded before import = 0Number of asset objects unloaded after import = 3

========================================================================
Received Import Request.
  Time since last request: 22.184418 seconds.
  path: Assets/Shaders/BoxMaterial.mat
  artifactKey: Guid(150af693a6723874d9e4300d68e8cf38) Importer(815301076,1909f56bfc062723c751e8b465ee728b)
Start importing Assets/Shaders/BoxMaterial.mat using Guid(150af693a6723874d9e4300d68e8cf38) Importer(815301076,1909f56bfc062723c751e8b465ee728b) (PreviewImporter) -> (artifact id: '56d1abdd1eab7c85064735111d55bb88') in 0.0436901 seconds
Number of updated asset objects reloaded before import = 0Number of asset objects unloaded after import = 2

========================================================================
Received Import Request.
  Time since last request: 12.907765 seconds.
  path: Assets/Mobile Game GUI Vector Pack
  artifactKey: Guid(5993491385a26a445bd1d98069d39486) Importer(815301076,1909f56bfc062723c751e8b465ee728b)
Start importing Assets/Mobile Game GUI Vector Pack using Guid(5993491385a26a445bd1d98069d39486) Importer(815301076,1909f56bfc062723c751e8b465ee728b) (PreviewImporter) -> (artifact id: 'c5b6ed5c06081c1e780b48bcb6cc14ce') in 0.0005938 seconds
Number of updated asset objects reloaded before import = 0Number of asset objects unloaded after import = 0

========================================================================
Received Import Request.
  Time since last request: 1.082218 seconds.
  path: Assets/Mobile Game GUI Vector Pack/DEMO_Scripts
  artifactKey: Guid(47aaf3a2a20c02d4d8f984ff57750234) Importer(815301076,1909f56bfc062723c751e8b465ee728b)
Start importing Assets/Mobile Game GUI Vector Pack/DEMO_Scripts using Guid(47aaf3a2a20c02d4d8f984ff57750234) Importer(815301076,1909f56bfc062723c751e8b465ee728b) (PreviewImporter) -> (artifact id: '64f0ab080ecc140e3276c42eea8cb044') in 0.0006634 seconds
Number of updated asset objects reloaded before import = 0Number of asset objects unloaded after import = 0

========================================================================
Received Import Request.
  Time since last request: 0.290485 seconds.
  path: Assets/Mobile Game GUI Vector Pack/Prefab
  artifactKey: Guid(a6987867ed2509d47a9bcdf65ff67278) Importer(815301076,1909f56bfc062723c751e8b465ee728b)
Start importing Assets/Mobile Game GUI Vector Pack/Prefab using Guid(a6987867ed2509d47a9bcdf65ff67278) Importer(815301076,1909f56bfc062723c751e8b465ee728b) (PreviewImporter) -> (artifact id: '1c9554ca07f4b790ad39cf86c5bde8f8') in 0.0006474 seconds
Number of updated asset objects reloaded before import = 0Number of asset objects unloaded after import = 0

========================================================================
Received Import Request.
  Time since last request: 1.002024 seconds.
  path: Assets/Mobile Game GUI Vector Pack/Scenes
  artifactKey: Guid(ace0bf33e1392124faa970beb0eb7caa) Importer(815301076,1909f56bfc062723c751e8b465ee728b)
Start importing Assets/Mobile Game GUI Vector Pack/Scenes using Guid(ace0bf33e1392124faa970beb0eb7caa) Importer(815301076,1909f56bfc062723c751e8b465ee728b) (PreviewImporter) -> (artifact id: '7b94fca15c19aeef814157441356eed9') in 0.0006706 seconds
Number of updated asset objects reloaded before import = 0Number of asset objects unloaded after import = 0

========================================================================
Received Import Request.
  Time since last request: 5.633686 seconds.
  path: Assets/Resources/Cube 1.prefab
  artifactKey: Guid(23e102effb56b984b8e01ef8d4ab0363) Importer(815301076,1909f56bfc062723c751e8b465ee728b)
Start importing Assets/Resources/Cube 1.prefab using Guid(23e102effb56b984b8e01ef8d4ab0363) Importer(815301076,1909f56bfc062723c751e8b465ee728b) (PreviewImporter) -> (artifact id: 'c6da75cc3cd6819ac629fb9ab0875a69') in 0.0022177 seconds
Number of updated asset objects reloaded before import = 0Number of asset objects unloaded after import = 9

========================================================================
Received Prepare
ETC Legacy compression has been deprecated and will be removed in a future release. You can review compressors in "Project Settings > Editor > Texture Compressors".
Begin MonoManager ReloadAssembly
[Licensing::Client] Successfully resolved entitlement details
[Licensing::Module] License group:
  Id: F4-S6VB-6VNM-MCA7-YRJZ-XXXX
  Product: Unity Personal
  Type: ULF
  Expiration: Unlimited
[Licensing::Module] License group:
  Id: 11270200047816-UnityPersXXXX
  Product: Unity Personal
  Type: Assigned
  Expiration: Unlimited
- Loaded All Assemblies, in  0.754 seconds
Refreshing native plugins compatible for Editor in 0.23 ms, found 2 plugins.
Native extension for WindowsStandalone target not found
[Package Manager] Failed to launch server process. Reason: Unity was launched with the -noUpm command-line argument
[Package Manager] Unable to send message (not connected to server process).
[Package Manager] Cannot connect to Unity Package Manager local server
[MODES] ModeService[none].Initialize
[MODES] ModeService[none].LoadModes
Mono: successfully reloaded assembly
- Finished resetting the current domain, in  0.772 seconds
Domain Reload Profiling: 1527ms
	BeginReloadAssembly (311ms)
		ExecutionOrderSort (0ms)
		DisableScriptedObjects (24ms)
		BackupInstance (0ms)
		ReleaseScriptingObjects (0ms)
		CreateAndSetChildDomain (69ms)
	RebuildCommonClasses (46ms)
	RebuildNativeTypeToScriptingClass (14ms)
	initialDomainReloadingComplete (29ms)
	LoadAllAssembliesAndSetupDomain (354ms)
		LoadAssemblies (312ms)
		RebuildTransferFunctionScriptingTraits (0ms)
		AnalyzeDomain (150ms)
			TypeCache.Refresh (6ms)
				TypeCache.ScanAssembly (0ms)
			BuildScriptInfoCaches (131ms)
			ResolveRequiredComponents (9ms)
	FinalizeReload (773ms)
		ReleaseScriptCaches (0ms)
		RebuildScriptCaches (0ms)
		SetupLoadedEditorAssemblies (592ms)
			LogAssemblyErrors (0ms)
			InitializePlatformSupportModulesInManaged (2ms)
			SetLoadedEditorAssemblies (3ms)
			BeforeProcessingInitializeOnLoad (111ms)
			ProcessInitializeOnLoadAttributes (333ms)
			ProcessInitializeOnLoadMethodAttributes (135ms)
			AfterProcessingInitializeOnLoad (8ms)
			EditorAssembliesLoaded (0ms)
		ExecutionOrderSort2 (0ms)
		AwakeInstancesAfterBackupRestoration (20ms)
Refreshing native plugins compatible for Editor in 0.30 ms, found 2 plugins.
Preloading 0 native plugins for Editor in 0.00 ms.
Unloading 15 Unused Serialized files (Serialized files now loaded: 0)
Unloading 4463 unused Assets / (4.3 MB). Loaded Objects now: 5264.
Memory consumption went from 131.0 MB to 126.6 MB.
Total: 9.404400 ms (FindLiveObjects: 0.620300 ms CreateObjectMapping: 0.444200 ms MarkObjects: 5.968200 ms  DeleteObjects: 2.370000 ms)

Prepare: number of updated asset objects reloaded= 0
========================================================================
Received Prepare
ETC Legacy compression has been deprecated and will be removed in a future release. You can review compressors in "Project Settings > Editor > Texture Compressors".
Begin MonoManager ReloadAssembly
[Licensing::Client] Successfully resolved entitlement details
[Licensing::Module] License group:
  Id: F4-S6VB-6VNM-MCA7-YRJZ-XXXX
  Product: Unity Personal
  Type: ULF
  Expiration: Unlimited
[Licensing::Module] License group:
  Id: 11270200047816-UnityPersXXXX
  Product: Unity Personal
  Type: Assigned
  Expiration: Unlimited
- Loaded All Assemblies, in  0.653 seconds
Refreshing native plugins compatible for Editor in 0.26 ms, found 2 plugins.
Native extension for WindowsStandalone target not found
[Package Manager] Failed to launch server process. Reason: Unity was launched with the -noUpm command-line argument
[Package Manager] Unable to send message (not connected to server process).
[Package Manager] Cannot connect to Unity Package Manager local server
[MODES] ModeService[none].Initialize
[MODES] ModeService[none].LoadModes
Mono: successfully reloaded assembly
- Finished resetting the current domain, in  0.741 seconds
Domain Reload Profiling: 1394ms
	BeginReloadAssembly (221ms)
		ExecutionOrderSort (0ms)
		DisableScriptedObjects (6ms)
		BackupInstance (0ms)
		ReleaseScriptingObjects (0ms)
		CreateAndSetChildDomain (51ms)
	RebuildCommonClasses (39ms)
	RebuildNativeTypeToScriptingClass (14ms)
	initialDomainReloadingComplete (27ms)
	LoadAllAssembliesAndSetupDomain (352ms)
		LoadAssemblies (305ms)
		RebuildTransferFunctionScriptingTraits (0ms)
		AnalyzeDomain (146ms)
			TypeCache.Refresh (6ms)
				TypeCache.ScanAssembly (0ms)
			BuildScriptInfoCaches (127ms)
			ResolveRequiredComponents (10ms)
	FinalizeReload (741ms)
		ReleaseScriptCaches (0ms)
		RebuildScriptCaches (0ms)
		SetupLoadedEditorAssemblies (578ms)
			LogAssemblyErrors (0ms)
			InitializePlatformSupportModulesInManaged (2ms)
			SetLoadedEditorAssemblies (5ms)
			BeforeProcessingInitializeOnLoad (113ms)
			ProcessInitializeOnLoadAttributes (337ms)
			ProcessInitializeOnLoadMethodAttributes (116ms)
			AfterProcessingInitializeOnLoad (5ms)
			EditorAssembliesLoaded (0ms)
		ExecutionOrderSort2 (0ms)
		AwakeInstancesAfterBackupRestoration (21ms)
Refreshing native plugins compatible for Editor in 0.41 ms, found 2 plugins.
Preloading 0 native plugins for Editor in 0.00 ms.
Unloading 15 Unused Serialized files (Serialized files now loaded: 0)
Unloading 4461 unused Assets / (4.1 MB). Loaded Objects now: 5267.
Memory consumption went from 132.7 MB to 128.6 MB.
Total: 11.539600 ms (FindLiveObjects: 0.901600 ms CreateObjectMapping: 0.941900 ms MarkObjects: 6.393800 ms  DeleteObjects: 3.299100 ms)

Prepare: number of updated asset objects reloaded= 0
========================================================================
Received Import Request.
  Time since last request: 194.642393 seconds.
  path: Assets/Skybox/CloudyCrown_Sunset.mat
  artifactKey: Guid(169a1b8f06c17c84e8de491f2bfef986) Importer(815301076,1909f56bfc062723c751e8b465ee728b)
Start importing Assets/Skybox/CloudyCrown_Sunset.mat using Guid(169a1b8f06c17c84e8de491f2bfef986) Importer(815301076,1909f56bfc062723c751e8b465ee728b) (PreviewImporter) -> (artifact id: 'dfd83eaf6ee1dff289565f9371a60d30') in 0.988797 seconds
Number of updated asset objects reloaded before import = 0Number of asset objects unloaded after import = 8

========================================================================
Received Import Request.
  Time since last request: 374.545439 seconds.
  path: Assets/Shaders/whiteborder.png
  artifactKey: Guid(77f1fb96b181468498e4f2ebdbdc718a) Importer(815301076,1909f56bfc062723c751e8b465ee728b)
Start importing Assets/Shaders/whiteborder.png using Guid(77f1fb96b181468498e4f2ebdbdc718a) Importer(815301076,1909f56bfc062723c751e8b465ee728b) (PreviewImporter) -> (artifact id: 'c0ae35b70179bf50e9e8abab0ca36da4') in 0.1230748 seconds
Number of updated asset objects reloaded before import = 0Number of asset objects unloaded after import = 3

========================================================================
Received Import Request.
  Time since last request: 44.264526 seconds.
  path: Assets/Shaders/BoxMaterial.mat
  artifactKey: Guid(150af693a6723874d9e4300d68e8cf38) Importer(815301076,1909f56bfc062723c751e8b465ee728b)
Start importing Assets/Shaders/BoxMaterial.mat using Guid(150af693a6723874d9e4300d68e8cf38) Importer(815301076,1909f56bfc062723c751e8b465ee728b) (PreviewImporter) -> (artifact id: 'ac02da69693247e9806ab4cd79c5ff31') in 0.0311524 seconds
Number of updated asset objects reloaded before import = 0Number of asset objects unloaded after import = 2

========================================================================
Received Import Request.
  Time since last request: 91.604597 seconds.
  path: Assets/Shaders/BoxMaterial.mat
  artifactKey: Guid(150af693a6723874d9e4300d68e8cf38) Importer(815301076,1909f56bfc062723c751e8b465ee728b)
Start importing Assets/Shaders/BoxMaterial.mat using Guid(150af693a6723874d9e4300d68e8cf38) Importer(815301076,1909f56bfc062723c751e8b465ee728b) (PreviewImporter) -> (artifact id: '1774722f22ced950e500a2af95478cd5') in 0.0663324 seconds
Number of updated asset objects reloaded before import = 0Number of asset objects unloaded after import = 2

========================================================================
Received Import Request.
  Time since last request: 11.169432 seconds.
  path: Assets/Resources/cube.prefab
  artifactKey: Guid(2d32e83b5dd414f7aa1ad53408997e11) Importer(815301076,1909f56bfc062723c751e8b465ee728b)
Start importing Assets/Resources/cube.prefab using Guid(2d32e83b5dd414f7aa1ad53408997e11) Importer(815301076,1909f56bfc062723c751e8b465ee728b) (PreviewImporter) -> (artifact id: 'fb2928528dc41489f766bdab3018f416') in 0.0754672 seconds
Number of updated asset objects reloaded before import = 0Number of asset objects unloaded after import = 11

========================================================================
Received Import Request.
  Time since last request: 30.415841 seconds.
  path: Assets/Resources/CubeDone.prefab
  artifactKey: Guid(59f53938417176a4ba8e13a0642fedfb) Importer(815301076,1909f56bfc062723c751e8b465ee728b)
Start importing Assets/Resources/CubeDone.prefab using Guid(59f53938417176a4ba8e13a0642fedfb) Importer(815301076,1909f56bfc062723c751e8b465ee728b) (PreviewImporter) -> (artifact id: 'bb6d93894bb0703db3412471b4e116dd') in 0.0732778 seconds
Number of updated asset objects reloaded before import = 0Number of asset objects unloaded after import = 9

========================================================================
Received Import Request.
  Time since last request: 4.876800 seconds.
  path: Assets/Resources/I.prefab
  artifactKey: Guid(af89d980ec7414879ac32890d324f7db) Importer(815301076,1909f56bfc062723c751e8b465ee728b)
Start importing Assets/Resources/I.prefab using Guid(af89d980ec7414879ac32890d324f7db) Importer(815301076,1909f56bfc062723c751e8b465ee728b) (PreviewImporter) -> (artifact id: '0725c7689989f608c8441a7022fa735d') in 0.1269491 seconds
Number of updated asset objects reloaded before import = 0Number of asset objects unloaded after import = 38

========================================================================
Received Import Request.
  Time since last request: 10.279611 seconds.
  path: Assets/Resources/I.prefab
  artifactKey: Guid(af89d980ec7414879ac32890d324f7db) Importer(815301076,1909f56bfc062723c751e8b465ee728b)
Start importing Assets/Resources/I.prefab using Guid(af89d980ec7414879ac32890d324f7db) Importer(815301076,1909f56bfc062723c751e8b465ee728b) (PreviewImporter) -> (artifact id: 'a9be09d2ed75809b40d40b6e7c05aac1') in 0.0177955 seconds
Number of updated asset objects reloaded before import = 0Number of asset objects unloaded after import = 38

========================================================================
Received Import Request.
  Time since last request: 10.666471 seconds.
  path: Assets/Resources/I.prefab
  artifactKey: Guid(af89d980ec7414879ac32890d324f7db) Importer(815301076,1909f56bfc062723c751e8b465ee728b)
Start importing Assets/Resources/I.prefab using Guid(af89d980ec7414879ac32890d324f7db) Importer(815301076,1909f56bfc062723c751e8b465ee728b) (PreviewImporter) -> (artifact id: 'ff31bfa2168729ddbb6c86f0073e192e') in 0.0351656 seconds
Number of updated asset objects reloaded before import = 0Number of asset objects unloaded after import = 44

========================================================================
Received Import Request.
  Time since last request: 0.670129 seconds.
  path: Assets/Resources/I.prefab
  artifactKey: Guid(af89d980ec7414879ac32890d324f7db) Importer(815301076,1909f56bfc062723c751e8b465ee728b)
Start importing Assets/Resources/I.prefab using Guid(af89d980ec7414879ac32890d324f7db) Importer(815301076,1909f56bfc062723c751e8b465ee728b) (PreviewImporter) -> (artifact id: '81d32568f9415c968d05f13eb343899e') in 0.0934753 seconds
Number of updated asset objects reloaded before import = 0Number of asset objects unloaded after import = 50

========================================================================
Received Import Request.
  Time since last request: 3.143204 seconds.
  path: Assets/Resources/I.prefab
  artifactKey: Guid(af89d980ec7414879ac32890d324f7db) Importer(815301076,1909f56bfc062723c751e8b465ee728b)
Start importing Assets/Resources/I.prefab using Guid(af89d980ec7414879ac32890d324f7db) Importer(815301076,1909f56bfc062723c751e8b465ee728b) (PreviewImporter) -> (artifact id: '4b3f9a1ed990b5b8b50b756c77f1b9a1') in 0.0175172 seconds
Number of updated asset objects reloaded before import = 0Number of asset objects unloaded after import = 56

========================================================================
Received Import Request.
  Time since last request: 3.178285 seconds.
  path: Assets/Resources/I.prefab
  artifactKey: Guid(af89d980ec7414879ac32890d324f7db) Importer(815301076,1909f56bfc062723c751e8b465ee728b)
Start importing Assets/Resources/I.prefab using Guid(af89d980ec7414879ac32890d324f7db) Importer(815301076,1909f56bfc062723c751e8b465ee728b) (PreviewImporter) -> (artifact id: '5d5181dbba1af9ebe7d43116f5fae9c4') in 0.0163775 seconds
Number of updated asset objects reloaded before import = 0Number of asset objects unloaded after import = 56

========================================================================
Received Import Request.
  Time since last request: 2.620005 seconds.
  path: Assets/Resources/I.prefab
  artifactKey: Guid(af89d980ec7414879ac32890d324f7db) Importer(815301076,1909f56bfc062723c751e8b465ee728b)
Start importing Assets/Resources/I.prefab using Guid(af89d980ec7414879ac32890d324f7db) Importer(815301076,1909f56bfc062723c751e8b465ee728b) (PreviewImporter) -> (artifact id: '65bd785200083d838af18f3475ff1027') in 0.0238871 seconds
Number of updated asset objects reloaded before import = 0Number of asset objects unloaded after import = 56

========================================================================
Received Import Request.
  Time since last request: 10.302521 seconds.
  path: Assets/Resources/I.prefab
  artifactKey: Guid(af89d980ec7414879ac32890d324f7db) Importer(815301076,1909f56bfc062723c751e8b465ee728b)
Start importing Assets/Resources/I.prefab using Guid(af89d980ec7414879ac32890d324f7db) Importer(815301076,1909f56bfc062723c751e8b465ee728b) (PreviewImporter) -> (artifact id: '3997aeddc9bcb894749f9eb3cfede5c5') in 0.0460896 seconds
Number of updated asset objects reloaded before import = 0Number of asset objects unloaded after import = 56

========================================================================
Received Import Request.
  Time since last request: 3.130687 seconds.
  path: Assets/Resources/I.prefab
  artifactKey: Guid(af89d980ec7414879ac32890d324f7db) Importer(815301076,1909f56bfc062723c751e8b465ee728b)
Start importing Assets/Resources/I.prefab using Guid(af89d980ec7414879ac32890d324f7db) Importer(815301076,1909f56bfc062723c751e8b465ee728b) (PreviewImporter) -> (artifact id: '048a4040a8b09c0b0e2cc7b0c6f04eef') in 0.0230513 seconds
Number of updated asset objects reloaded before import = 0Number of asset objects unloaded after import = 56

========================================================================
Received Import Request.
  Time since last request: 3.343772 seconds.
  path: Assets/Resources/I.prefab
  artifactKey: Guid(af89d980ec7414879ac32890d324f7db) Importer(815301076,1909f56bfc062723c751e8b465ee728b)
Start importing Assets/Resources/I.prefab using Guid(af89d980ec7414879ac32890d324f7db) Importer(815301076,1909f56bfc062723c751e8b465ee728b) (PreviewImporter) -> (artifact id: 'eeffd22f014d54783dbb683690bc0b7d') in 0.0804024 seconds
Number of updated asset objects reloaded before import = 0Number of asset objects unloaded after import = 56

========================================================================
Received Import Request.
  Time since last request: 3.428199 seconds.
  path: Assets/Resources/I.prefab
  artifactKey: Guid(af89d980ec7414879ac32890d324f7db) Importer(815301076,1909f56bfc062723c751e8b465ee728b)
Start importing Assets/Resources/I.prefab using Guid(af89d980ec7414879ac32890d324f7db) Importer(815301076,1909f56bfc062723c751e8b465ee728b) (PreviewImporter) -> (artifact id: '70ff5e568e2e28906eee4ca3b8600506') in 0.0450592 seconds
Number of updated asset objects reloaded before import = 0Number of asset objects unloaded after import = 55

========================================================================
Received Import Request.
  Time since last request: 174.092131 seconds.
  path: Assets/Resources/CubeDone.prefab
  artifactKey: Guid(59f53938417176a4ba8e13a0642fedfb) Importer(815301076,1909f56bfc062723c751e8b465ee728b)
Start importing Assets/Resources/CubeDone.prefab using Guid(59f53938417176a4ba8e13a0642fedfb) Importer(815301076,1909f56bfc062723c751e8b465ee728b) (PreviewImporter) -> (artifact id: '02c3292c86b03dda6be44f14da7a379e') in 0.0253322 seconds
Number of updated asset objects reloaded before import = 0Number of asset objects unloaded after import = 12

========================================================================
Received Import Request.
  Time since last request: 12.517214 seconds.
  path: Assets/Resources/CubeDone 1.prefab
  artifactKey: Guid(376490d28f3aeb3479cfc8f90b8fe241) Importer(815301076,1909f56bfc062723c751e8b465ee728b)
Start importing Assets/Resources/CubeDone 1.prefab using Guid(376490d28f3aeb3479cfc8f90b8fe241) Importer(815301076,1909f56bfc062723c751e8b465ee728b) (PreviewImporter) -> (artifact id: 'c35ded3b33c4c680d0efd61134c8741c') in 0.0119462 seconds
Number of updated asset objects reloaded before import = 0Number of asset objects unloaded after import = 12

========================================================================
Received Import Request.
  Time since last request: 19.041526 seconds.
  path: Assets/Resources/L.prefab
  artifactKey: Guid(c81f39e67f02749b6808603b77033943) Importer(815301076,1909f56bfc062723c751e8b465ee728b)
Start importing Assets/Resources/L.prefab using Guid(c81f39e67f02749b6808603b77033943) Importer(815301076,1909f56bfc062723c751e8b465ee728b) (PreviewImporter) -> (artifact id: '98bb6810276843b8e102a8576f4c357f') in 0.0489114 seconds
Number of updated asset objects reloaded before import = 0Number of asset objects unloaded after import = 42

========================================================================
Received Import Request.
  Time since last request: 2.152391 seconds.
  path: Assets/Resources/L.prefab
  artifactKey: Guid(c81f39e67f02749b6808603b77033943) Importer(815301076,1909f56bfc062723c751e8b465ee728b)
Start importing Assets/Resources/L.prefab using Guid(c81f39e67f02749b6808603b77033943) Importer(815301076,1909f56bfc062723c751e8b465ee728b) (PreviewImporter) -> (artifact id: 'ac87cae157623fefc76b5adafa9a6ec2') in 0.0586307 seconds
Number of updated asset objects reloaded before import = 0Number of asset objects unloaded after import = 49

========================================================================
Received Import Request.
  Time since last request: 0.069420 seconds.
  path: Assets/Resources/L.prefab
  artifactKey: Guid(c81f39e67f02749b6808603b77033943) Importer(815301076,1909f56bfc062723c751e8b465ee728b)
Start importing Assets/Resources/L.prefab using Guid(c81f39e67f02749b6808603b77033943) Importer(815301076,1909f56bfc062723c751e8b465ee728b) (PreviewImporter) -> (artifact id: 'f756dcdd7f9699448f11e379ef44abd3') in 0.0417802 seconds
Number of updated asset objects reloaded before import = 0Number of asset objects unloaded after import = 63

========================================================================
Received Import Request.
  Time since last request: 3.353891 seconds.
  path: Assets/Resources/L.prefab
  artifactKey: Guid(c81f39e67f02749b6808603b77033943) Importer(815301076,1909f56bfc062723c751e8b465ee728b)
Start importing Assets/Resources/L.prefab using Guid(c81f39e67f02749b6808603b77033943) Importer(815301076,1909f56bfc062723c751e8b465ee728b) (PreviewImporter) -> (artifact id: '2f9f279a0570d64018782b09176ec030') in 0.0384447 seconds
Number of updated asset objects reloaded before import = 0Number of asset objects unloaded after import = 63

========================================================================
Received Import Request.
  Time since last request: 2.773028 seconds.
  path: Assets/Resources/L.prefab
  artifactKey: Guid(c81f39e67f02749b6808603b77033943) Importer(815301076,1909f56bfc062723c751e8b465ee728b)
Start importing Assets/Resources/L.prefab using Guid(c81f39e67f02749b6808603b77033943) Importer(815301076,1909f56bfc062723c751e8b465ee728b) (PreviewImporter) -> (artifact id: 'bdb51cf149db83063a5e05ca51809711') in 0.0167904 seconds
Number of updated asset objects reloaded before import = 0Number of asset objects unloaded after import = 63

========================================================================
Received Import Request.
  Time since last request: 2.205927 seconds.
  path: Assets/Resources/L.prefab
  artifactKey: Guid(c81f39e67f02749b6808603b77033943) Importer(815301076,1909f56bfc062723c751e8b465ee728b)
Start importing Assets/Resources/L.prefab using Guid(c81f39e67f02749b6808603b77033943) Importer(815301076,1909f56bfc062723c751e8b465ee728b) (PreviewImporter) -> (artifact id: 'aa2e6ee2ab75b8af88ef931c8ed8a655') in 0.0167234 seconds
Number of updated asset objects reloaded before import = 0Number of asset objects unloaded after import = 63

========================================================================
Received Import Request.
  Time since last request: 3.532297 seconds.
  path: Assets/Resources/L.prefab
  artifactKey: Guid(c81f39e67f02749b6808603b77033943) Importer(815301076,1909f56bfc062723c751e8b465ee728b)
Start importing Assets/Resources/L.prefab using Guid(c81f39e67f02749b6808603b77033943) Importer(815301076,1909f56bfc062723c751e8b465ee728b) (PreviewImporter) -> (artifact id: '37c4c5c9759c9a8a96d38a99deb84857') in 0.0136531 seconds
Number of updated asset objects reloaded before import = 0Number of asset objects unloaded after import = 63

========================================================================
Received Import Request.
  Time since last request: 4.579499 seconds.
  path: Assets/Resources/L.prefab
  artifactKey: Guid(c81f39e67f02749b6808603b77033943) Importer(815301076,1909f56bfc062723c751e8b465ee728b)
Start importing Assets/Resources/L.prefab using Guid(c81f39e67f02749b6808603b77033943) Importer(815301076,1909f56bfc062723c751e8b465ee728b) (PreviewImporter) -> (artifact id: '4f67d9b580469a659fd9a3e784c8403a') in 0.0199681 seconds
Number of updated asset objects reloaded before import = 0Number of asset objects unloaded after import = 63

========================================================================
Received Import Request.
  Time since last request: 3.333719 seconds.
  path: Assets/Resources/L.prefab
  artifactKey: Guid(c81f39e67f02749b6808603b77033943) Importer(815301076,1909f56bfc062723c751e8b465ee728b)
Start importing Assets/Resources/L.prefab using Guid(c81f39e67f02749b6808603b77033943) Importer(815301076,1909f56bfc062723c751e8b465ee728b) (PreviewImporter) -> (artifact id: '5113732aae0b2da7513b29a2ea20861a') in 0.0757826 seconds
Number of updated asset objects reloaded before import = 0Number of asset objects unloaded after import = 63

========================================================================
Received Import Request.
  Time since last request: 2.509981 seconds.
  path: Assets/Resources/L.prefab
  artifactKey: Guid(c81f39e67f02749b6808603b77033943) Importer(815301076,1909f56bfc062723c751e8b465ee728b)
Start importing Assets/Resources/L.prefab using Guid(c81f39e67f02749b6808603b77033943) Importer(815301076,1909f56bfc062723c751e8b465ee728b) (PreviewImporter) -> (artifact id: '84d5a517f3b92e7c1894fbeafdcaac93') in 0.0564305 seconds
Number of updated asset objects reloaded before import = 0Number of asset objects unloaded after import = 63

========================================================================
Received Import Request.
  Time since last request: 24.728006 seconds.
  path: Assets/Resources/L.prefab
  artifactKey: Guid(c81f39e67f02749b6808603b77033943) Importer(815301076,1909f56bfc062723c751e8b465ee728b)
Start importing Assets/Resources/L.prefab using Guid(c81f39e67f02749b6808603b77033943) Importer(815301076,1909f56bfc062723c751e8b465ee728b) (PreviewImporter) -> (artifact id: 'f1041bff3b34b0ef3cb4fd084c5096bc') in 0.0243611 seconds
Number of updated asset objects reloaded before import = 0Number of asset objects unloaded after import = 62

========================================================================
Received Import Request.
  Time since last request: 0.121194 seconds.
  path: Assets/Resources/cube.prefab
  artifactKey: Guid(2d32e83b5dd414f7aa1ad53408997e11) Importer(815301076,1909f56bfc062723c751e8b465ee728b)
Start importing Assets/Resources/cube.prefab using Guid(2d32e83b5dd414f7aa1ad53408997e11) Importer(815301076,1909f56bfc062723c751e8b465ee728b) (PreviewImporter) -> (artifact id: '4da6e762de7f17b6f7eee6cd98dc6127') in 0.3809378 seconds
Number of updated asset objects reloaded before import = 0Number of asset objects unloaded after import = 11

========================================================================
Received Import Request.
  Time since last request: 0.000035 seconds.
  path: Assets/Resources/I.prefab
  artifactKey: Guid(af89d980ec7414879ac32890d324f7db) Importer(815301076,1909f56bfc062723c751e8b465ee728b)
Start importing Assets/Resources/I.prefab using Guid(af89d980ec7414879ac32890d324f7db) Importer(815301076,1909f56bfc062723c751e8b465ee728b) (PreviewImporter) -> (artifact id: '8ad44f1c1bf51f7a058692b35736e886') in 0.0208846 seconds
Number of updated asset objects reloaded before import = 0Number of asset objects unloaded after import = 62

========================================================================
Received Prepare
ETC Legacy compression has been deprecated and will be removed in a future release. You can review compressors in "Project Settings > Editor > Texture Compressors".
Begin MonoManager ReloadAssembly
[Licensing::Client] Successfully resolved entitlement details
[Licensing::Module] License group:
  Id: F4-S6VB-6VNM-MCA7-YRJZ-XXXX
  Product: Unity Personal
  Type: ULF
  Expiration: Unlimited
[Licensing::Module] License group:
  Id: 11270200047816-UnityPersXXXX
  Product: Unity Personal
  Type: Assigned
  Expiration: Unlimited
- Loaded All Assemblies, in  0.757 seconds
Refreshing native plugins compatible for Editor in 0.26 ms, found 2 plugins.
Native extension for WindowsStandalone target not found
[Package Manager] Failed to launch server process. Reason: Unity was launched with the -noUpm command-line argument
[Package Manager] Unable to send message (not connected to server process).
[Package Manager] Cannot connect to Unity Package Manager local server
[MODES] ModeService[none].Initialize
[MODES] ModeService[none].LoadModes
Mono: successfully reloaded assembly
- Finished resetting the current domain, in  0.823 seconds
Domain Reload Profiling: 1580ms
	BeginReloadAssembly (247ms)
		ExecutionOrderSort (0ms)
		DisableScriptedObjects (26ms)
		BackupInstance (0ms)
		ReleaseScriptingObjects (0ms)
		CreateAndSetChildDomain (62ms)
	RebuildCommonClasses (40ms)
	RebuildNativeTypeToScriptingClass (14ms)
	initialDomainReloadingComplete (29ms)
	LoadAllAssembliesAndSetupDomain (426ms)
		LoadAssemblies (356ms)
		RebuildTransferFunctionScriptingTraits (0ms)
		AnalyzeDomain (171ms)
			TypeCache.Refresh (5ms)
				TypeCache.ScanAssembly (0ms)
			BuildScriptInfoCaches (153ms)
			ResolveRequiredComponents (9ms)
	FinalizeReload (823ms)
		ReleaseScriptCaches (0ms)
		RebuildScriptCaches (0ms)
		SetupLoadedEditorAssemblies (646ms)
			LogAssemblyErrors (0ms)
			InitializePlatformSupportModulesInManaged (2ms)
			SetLoadedEditorAssemblies (6ms)
			BeforeProcessingInitializeOnLoad (135ms)
			ProcessInitializeOnLoadAttributes (372ms)
			ProcessInitializeOnLoadMethodAttributes (125ms)
			AfterProcessingInitializeOnLoad (5ms)
			EditorAssembliesLoaded (0ms)
		ExecutionOrderSort2 (0ms)
		AwakeInstancesAfterBackupRestoration (21ms)
Refreshing native plugins compatible for Editor in 0.43 ms, found 2 plugins.
Preloading 0 native plugins for Editor in 0.00 ms.
Unloading 15 Unused Serialized files (Serialized files now loaded: 0)
Unloading 4463 unused Assets / (4.0 MB). Loaded Objects now: 5292.
Memory consumption went from 133.1 MB to 129.2 MB.
Total: 9.297000 ms (FindLiveObjects: 0.780600 ms CreateObjectMapping: 0.680900 ms MarkObjects: 5.431500 ms  DeleteObjects: 2.402100 ms)

Prepare: number of updated asset objects reloaded= 0
========================================================================
Received Import Request.
  Time since last request: 476.062147 seconds.
  path: Assets/Resources/I.prefab
  artifactKey: Guid(af89d980ec7414879ac32890d324f7db) Importer(815301076,1909f56bfc062723c751e8b465ee728b)
Start importing Assets/Resources/I.prefab using Guid(af89d980ec7414879ac32890d324f7db) Importer(815301076,1909f56bfc062723c751e8b465ee728b) (PreviewImporter) -> (artifact id: 'fa562e6fdaa0fe6d37ddc22ed7cc6638') in 0.6952258 seconds
Number of updated asset objects reloaded before import = 0Number of asset objects unloaded after import = 45

========================================================================
Received Import Request.
  Time since last request: 0.000035 seconds.
  path: Assets/Resources/cube.prefab
  artifactKey: Guid(2d32e83b5dd414f7aa1ad53408997e11) Importer(815301076,1909f56bfc062723c751e8b465ee728b)
Start importing Assets/Resources/cube.prefab using Guid(2d32e83b5dd414f7aa1ad53408997e11) Importer(815301076,1909f56bfc062723c751e8b465ee728b) (PreviewImporter) -> (artifact id: 'd8dac8d8934dfee41a3e6c8f7a011ff0') in 0.0631674 seconds
Number of updated asset objects reloaded before import = 0Number of asset objects unloaded after import = 11

========================================================================
Received Prepare
ETC Legacy compression has been deprecated and will be removed in a future release. You can review compressors in "Project Settings > Editor > Texture Compressors".
Begin MonoManager ReloadAssembly
[Licensing::Client] Successfully resolved entitlement details
[Licensing::Module] License group:
  Id: F4-S6VB-6VNM-MCA7-YRJZ-XXXX
  Product: Unity Personal
  Type: ULF
  Expiration: Unlimited
[Licensing::Module] License group:
  Id: 11270200047816-UnityPersXXXX
  Product: Unity Personal
  Type: Assigned
  Expiration: Unlimited
- Loaded All Assemblies, in  0.737 seconds
Refreshing native plugins compatible for Editor in 0.30 ms, found 2 plugins.
Native extension for WindowsStandalone target not found
[Package Manager] Failed to launch server process. Reason: Unity was launched with the -noUpm command-line argument
[Package Manager] Unable to send message (not connected to server process).
[Package Manager] Cannot connect to Unity Package Manager local server
[MODES] ModeService[none].Initialize
[MODES] ModeService[none].LoadModes
Mono: successfully reloaded assembly
- Finished resetting the current domain, in  0.821 seconds
Domain Reload Profiling: 1558ms
	BeginReloadAssembly (255ms)
		ExecutionOrderSort (0ms)
		DisableScriptedObjects (23ms)
		BackupInstance (0ms)
		ReleaseScriptingObjects (0ms)
		CreateAndSetChildDomain (68ms)
	RebuildCommonClasses (40ms)
	RebuildNativeTypeToScriptingClass (14ms)
	initialDomainReloadingComplete (29ms)
	LoadAllAssembliesAndSetupDomain (397ms)
		LoadAssemblies (341ms)
		RebuildTransferFunctionScriptingTraits (0ms)
		AnalyzeDomain (157ms)
			TypeCache.Refresh (6ms)
				TypeCache.ScanAssembly (0ms)
			BuildScriptInfoCaches (138ms)
			ResolveRequiredComponents (10ms)
	FinalizeReload (822ms)
		ReleaseScriptCaches (0ms)
		RebuildScriptCaches (0ms)
		SetupLoadedEditorAssemblies (645ms)
			LogAssemblyErrors (0ms)
			InitializePlatformSupportModulesInManaged (2ms)
			SetLoadedEditorAssemblies (5ms)
			BeforeProcessingInitializeOnLoad (135ms)
			ProcessInitializeOnLoadAttributes (379ms)
			ProcessInitializeOnLoadMethodAttributes (118ms)
			AfterProcessingInitializeOnLoad (7ms)
			EditorAssembliesLoaded (0ms)
		ExecutionOrderSort2 (0ms)
		AwakeInstancesAfterBackupRestoration (21ms)
Refreshing native plugins compatible for Editor in 0.36 ms, found 2 plugins.
Preloading 0 native plugins for Editor in 0.00 ms.
Unloading 15 Unused Serialized files (Serialized files now loaded: 0)
Unloading 4463 unused Assets / (4.0 MB). Loaded Objects now: 5315.
Memory consumption went from 133.2 MB to 129.2 MB.
Total: 10.083400 ms (FindLiveObjects: 0.812300 ms CreateObjectMapping: 0.750400 ms MarkObjects: 5.606300 ms  DeleteObjects: 2.912700 ms)

Prepare: number of updated asset objects reloaded= 0
========================================================================
Received Prepare
ETC Legacy compression has been deprecated and will be removed in a future release. You can review compressors in "Project Settings > Editor > Texture Compressors".
Begin MonoManager ReloadAssembly
- Loaded All Assemblies, in  0.681 seconds
Refreshing native plugins compatible for Editor in 0.28 ms, found 2 plugins.
Native extension for WindowsStandalone target not found
[Package Manager] Failed to launch server process. Reason: Unity was launched with the -noUpm command-line argument
[Package Manager] Unable to send message (not connected to server process).
[Package Manager] Cannot connect to Unity Package Manager local server
[MODES] ModeService[none].Initialize
[MODES] ModeService[none].LoadModes
Mono: successfully reloaded assembly
- Finished resetting the current domain, in  0.731 seconds
Domain Reload Profiling: 1412ms
	BeginReloadAssembly (213ms)
		ExecutionOrderSort (0ms)
		DisableScriptedObjects (6ms)
		BackupInstance (0ms)
		ReleaseScriptingObjects (0ms)
		CreateAndSetChildDomain (49ms)
	RebuildCommonClasses (40ms)
	RebuildNativeTypeToScriptingClass (14ms)
	initialDomainReloadingComplete (28ms)
	LoadAllAssembliesAndSetupDomain (385ms)
		LoadAssemblies (324ms)
		RebuildTransferFunctionScriptingTraits (0ms)
		AnalyzeDomain (162ms)
			TypeCache.Refresh (8ms)
				TypeCache.ScanAssembly (0ms)
			BuildScriptInfoCaches (141ms)
			ResolveRequiredComponents (9ms)
	FinalizeReload (732ms)
		ReleaseScriptCaches (0ms)
		RebuildScriptCaches (0ms)
		SetupLoadedEditorAssemblies (572ms)
			LogAssemblyErrors (0ms)
			InitializePlatformSupportModulesInManaged (2ms)
			SetLoadedEditorAssemblies (5ms)
			BeforeProcessingInitializeOnLoad (119ms)
			ProcessInitializeOnLoadAttributes (327ms)
			ProcessInitializeOnLoadMethodAttributes (114ms)
			AfterProcessingInitializeOnLoad (5ms)
			EditorAssembliesLoaded (0ms)
		ExecutionOrderSort2 (0ms)
		AwakeInstancesAfterBackupRestoration (19ms)
Refreshing native plugins compatible for Editor in 0.43 ms, found 2 plugins.
Preloading 0 native plugins for Editor in 0.00 ms.
Unloading 15 Unused Serialized files (Serialized files now loaded: 0)
Unloading 4461 unused Assets / (3.8 MB). Loaded Objects now: 5318.
Memory consumption went from 133.1 MB to 129.3 MB.
Total: 12.431300 ms (FindLiveObjects: 0.805500 ms CreateObjectMapping: 0.803300 ms MarkObjects: 7.449400 ms  DeleteObjects: 3.370800 ms)

Prepare: number of updated asset objects reloaded= 0
========================================================================
Received Import Request.
  Time since last request: 66.014308 seconds.
  path: Assets/Resources/L.prefab
  artifactKey: Guid(c81f39e67f02749b6808603b77033943) Importer(815301076,1909f56bfc062723c751e8b465ee728b)
Start importing Assets/Resources/L.prefab using Guid(c81f39e67f02749b6808603b77033943) Importer(815301076,1909f56bfc062723c751e8b465ee728b) (PreviewImporter) -> (artifact id: '50a1a5996a19217e57f8fb8d854fcedf') in 0.5056645 seconds
Number of updated asset objects reloaded before import = 0Number of asset objects unloaded after import = 45

========================================================================
Received Prepare
ETC Legacy compression has been deprecated and will be removed in a future release. You can review compressors in "Project Settings > Editor > Texture Compressors".
Begin MonoManager ReloadAssembly
[Licensing::Client] Successfully resolved entitlement details
[Licensing::Module] License group:
  Id: F4-S6VB-6VNM-MCA7-YRJZ-XXXX
  Product: Unity Personal
  Type: ULF
  Expiration: Unlimited
[Licensing::Module] License group:
  Id: 11270200047816-UnityPersXXXX
  Product: Unity Personal
  Type: Assigned
  Expiration: Unlimited
- Loaded All Assemblies, in  0.728 seconds
Refreshing native plugins compatible for Editor in 0.24 ms, found 2 plugins.
Native extension for WindowsStandalone target not found
[Package Manager] Failed to launch server process. Reason: Unity was launched with the -noUpm command-line argument
[Package Manager] Unable to send message (not connected to server process).
[Package Manager] Cannot connect to Unity Package Manager local server
[MODES] ModeService[none].Initialize
[MODES] ModeService[none].LoadModes
Mono: successfully reloaded assembly
- Finished resetting the current domain, in  0.716 seconds
Domain Reload Profiling: 1510ms
	BeginReloadAssembly (253ms)
		ExecutionOrderSort (0ms)
		DisableScriptedObjects (23ms)
		BackupInstance (0ms)
		ReleaseScriptingObjects (0ms)
		CreateAndSetChildDomain (61ms)
	RebuildCommonClasses (45ms)
	RebuildNativeTypeToScriptingClass (14ms)
	initialDomainReloadingComplete (29ms)
	LoadAllAssembliesAndSetupDomain (388ms)
		LoadAssemblies (326ms)
		RebuildTransferFunctionScriptingTraits (0ms)
		AnalyzeDomain (166ms)
			TypeCache.Refresh (7ms)
				TypeCache.ScanAssembly (0ms)
			BuildScriptInfoCaches (141ms)
			ResolveRequiredComponents (13ms)
	FinalizeReload (781ms)
		ReleaseScriptCaches (0ms)
		RebuildScriptCaches (0ms)
		SetupLoadedEditorAssemblies (549ms)
			LogAssemblyErrors (0ms)
			InitializePlatformSupportModulesInManaged (2ms)
			SetLoadedEditorAssemblies (5ms)
			BeforeProcessingInitializeOnLoad (117ms)
			ProcessInitializeOnLoadAttributes (317ms)
			ProcessInitializeOnLoadMethodAttributes (104ms)
			AfterProcessingInitializeOnLoad (5ms)
			EditorAssembliesLoaded (0ms)
		ExecutionOrderSort2 (0ms)
		AwakeInstancesAfterBackupRestoration (17ms)
Refreshing native plugins compatible for Editor in 0.36 ms, found 2 plugins.
Preloading 0 native plugins for Editor in 0.00 ms.
Unloading 15 Unused Serialized files (Serialized files now loaded: 0)
Unloading 4463 unused Assets / (4.3 MB). Loaded Objects now: 5341.
Memory consumption went from 133.3 MB to 129.0 MB.
Total: 11.663100 ms (FindLiveObjects: 0.702700 ms CreateObjectMapping: 1.145100 ms MarkObjects: 6.380700 ms  DeleteObjects: 3.431400 ms)

Prepare: number of updated asset objects reloaded= 0
========================================================================
Received Import Request.
  Time since last request: 88.143888 seconds.
  path: Assets/Shaders/BoxMaterial.mat
  artifactKey: Guid(150af693a6723874d9e4300d68e8cf38) Importer(815301076,1909f56bfc062723c751e8b465ee728b)
Start importing Assets/Shaders/BoxMaterial.mat using Guid(150af693a6723874d9e4300d68e8cf38) Importer(815301076,1909f56bfc062723c751e8b465ee728b) (PreviewImporter) -> (artifact id: '11d0abaa221ebe1a140607855f18dc1a') in 0.479102 seconds
Number of updated asset objects reloaded before import = 0Number of asset objects unloaded after import = 3

========================================================================
Received Import Request.
  Time since last request: 15.724487 seconds.
  path: Assets/Resources/cube.prefab
  artifactKey: Guid(2d32e83b5dd414f7aa1ad53408997e11) Importer(815301076,1909f56bfc062723c751e8b465ee728b)
Start importing Assets/Resources/cube.prefab using Guid(2d32e83b5dd414f7aa1ad53408997e11) Importer(815301076,1909f56bfc062723c751e8b465ee728b) (PreviewImporter) -> (artifact id: 'dbc29aba16be24816df8373d539557ff') in 0.0344115 seconds
Number of updated asset objects reloaded before import = 0Number of asset objects unloaded after import = 11

========================================================================
Received Prepare
ETC Legacy compression has been deprecated and will be removed in a future release. You can review compressors in "Project Settings > Editor > Texture Compressors".
Begin MonoManager ReloadAssembly
[Licensing::Client] Successfully resolved entitlement details
[Licensing::Module] License group:
  Id: F4-S6VB-6VNM-MCA7-YRJZ-XXXX
  Product: Unity Personal
  Type: ULF
  Expiration: Unlimited
[Licensing::Module] License group:
  Id: 11270200047816-UnityPersXXXX
  Product: Unity Personal
  Type: Assigned
  Expiration: Unlimited
- Loaded All Assemblies, in  0.719 seconds
Refreshing native plugins compatible for Editor in 0.26 ms, found 2 plugins.
Native extension for WindowsStandalone target not found
[Package Manager] Failed to launch server process. Reason: Unity was launched with the -noUpm command-line argument
[Package Manager] Unable to send message (not connected to server process).
[Package Manager] Cannot connect to Unity Package Manager local server
[MODES] ModeService[none].Initialize
[MODES] ModeService[none].LoadModes
Mono: successfully reloaded assembly
- Finished resetting the current domain, in  0.759 seconds
Domain Reload Profiling: 1479ms
	BeginReloadAssembly (254ms)
		ExecutionOrderSort (0ms)
		DisableScriptedObjects (31ms)
		BackupInstance (0ms)
		ReleaseScriptingObjects (0ms)
		CreateAndSetChildDomain (59ms)
	RebuildCommonClasses (41ms)
	RebuildNativeTypeToScriptingClass (18ms)
	initialDomainReloadingComplete (30ms)
	LoadAllAssembliesAndSetupDomain (376ms)
		LoadAssemblies (310ms)
		RebuildTransferFunctionScriptingTraits (0ms)
		AnalyzeDomain (170ms)
			TypeCache.Refresh (6ms)
				TypeCache.ScanAssembly (0ms)
			BuildScriptInfoCaches (150ms)
			ResolveRequiredComponents (10ms)
	FinalizeReload (760ms)
		ReleaseScriptCaches (0ms)
		RebuildScriptCaches (0ms)
		SetupLoadedEditorAssemblies (588ms)
			LogAssemblyErrors (0ms)
			InitializePlatformSupportModulesInManaged (2ms)
			SetLoadedEditorAssemblies (3ms)
			BeforeProcessingInitializeOnLoad (111ms)
			ProcessInitializeOnLoadAttributes (354ms)
			ProcessInitializeOnLoadMethodAttributes (113ms)
			AfterProcessingInitializeOnLoad (5ms)
			EditorAssembliesLoaded (0ms)
		ExecutionOrderSort2 (0ms)
		AwakeInstancesAfterBackupRestoration (20ms)
Refreshing native plugins compatible for Editor in 0.51 ms, found 2 plugins.
Preloading 0 native plugins for Editor in 0.00 ms.
Unloading 15 Unused Serialized files (Serialized files now loaded: 0)
Unloading 4463 unused Assets / (3.6 MB). Loaded Objects now: 5364.
Memory consumption went from 133.3 MB to 129.7 MB.
Total: 9.124200 ms (FindLiveObjects: 0.662900 ms CreateObjectMapping: 0.669700 ms MarkObjects: 5.342500 ms  DeleteObjects: 2.447500 ms)

Prepare: number of updated asset objects reloaded= 0
========================================================================
Received Import Request.
  Time since last request: 52.023873 seconds.
  path: Assets/Resources/I.prefab
  artifactKey: Guid(af89d980ec7414879ac32890d324f7db) Importer(815301076,1909f56bfc062723c751e8b465ee728b)
Start importing Assets/Resources/I.prefab using Guid(af89d980ec7414879ac32890d324f7db) Importer(815301076,1909f56bfc062723c751e8b465ee728b) (PreviewImporter) -> (artifact id: '217554f9469f3329fd33beb285792922') in 0.4653839 seconds
Number of updated asset objects reloaded before import = 0Number of asset objects unloaded after import = 41

========================================================================
Received Prepare
ETC Legacy compression has been deprecated and will be removed in a future release. You can review compressors in "Project Settings > Editor > Texture Compressors".
Begin MonoManager ReloadAssembly
- Loaded All Assemblies, in  0.696 seconds
Refreshing native plugins compatible for Editor in 0.26 ms, found 2 plugins.
Native extension for WindowsStandalone target not found
[Package Manager] Failed to launch server process. Reason: Unity was launched with the -noUpm command-line argument
[Package Manager] Unable to send message (not connected to server process).
[Package Manager] Cannot connect to Unity Package Manager local server
[MODES] ModeService[none].Initialize
[MODES] ModeService[none].LoadModes
Mono: successfully reloaded assembly
- Finished resetting the current domain, in  0.759 seconds
Domain Reload Profiling: 1455ms
	BeginReloadAssembly (243ms)
		ExecutionOrderSort (0ms)
		DisableScriptedObjects (24ms)
		BackupInstance (0ms)
		ReleaseScriptingObjects (0ms)
		CreateAndSetChildDomain (62ms)
	RebuildCommonClasses (40ms)
	RebuildNativeTypeToScriptingClass (16ms)
	initialDomainReloadingComplete (29ms)
	LoadAllAssembliesAndSetupDomain (367ms)
		LoadAssemblies (299ms)
		RebuildTransferFunctionScriptingTraits (0ms)
		AnalyzeDomain (166ms)
			TypeCache.Refresh (6ms)
				TypeCache.ScanAssembly (0ms)
			BuildScriptInfoCaches (147ms)
			ResolveRequiredComponents (9ms)
	FinalizeReload (759ms)
		ReleaseScriptCaches (0ms)
		RebuildScriptCaches (0ms)
		SetupLoadedEditorAssemblies (589ms)
			LogAssemblyErrors (0ms)
			InitializePlatformSupportModulesInManaged (2ms)
			SetLoadedEditorAssemblies (3ms)
			BeforeProcessingInitializeOnLoad (117ms)
			ProcessInitializeOnLoadAttributes (347ms)
			ProcessInitializeOnLoadMethodAttributes (114ms)
			AfterProcessingInitializeOnLoad (6ms)
			EditorAssembliesLoaded (0ms)
		ExecutionOrderSort2 (0ms)
		AwakeInstancesAfterBackupRestoration (23ms)
Refreshing native plugins compatible for Editor in 0.30 ms, found 2 plugins.
Preloading 0 native plugins for Editor in 0.00 ms.
Unloading 15 Unused Serialized files (Serialized files now loaded: 0)
Unloading 4463 unused Assets / (4.0 MB). Loaded Objects now: 5387.
Memory consumption went from 133.3 MB to 129.3 MB.
Total: 8.804300 ms (FindLiveObjects: 0.682600 ms CreateObjectMapping: 0.323500 ms MarkObjects: 5.310900 ms  DeleteObjects: 2.485100 ms)

Prepare: number of updated asset objects reloaded= 0
========================================================================
Received Import Request.
  Time since last request: 55.902257 seconds.
  path: Assets/Resources/L.prefab
  artifactKey: Guid(c81f39e67f02749b6808603b77033943) Importer(815301076,1909f56bfc062723c751e8b465ee728b)
Start importing Assets/Resources/L.prefab using Guid(c81f39e67f02749b6808603b77033943) Importer(815301076,1909f56bfc062723c751e8b465ee728b) (PreviewImporter) -> (artifact id: 'e645a515c01adbcf78c2d8b9febddb41') in 0.4686972 seconds
Number of updated asset objects reloaded before import = 0Number of asset objects unloaded after import = 41

========================================================================
Received Prepare
ETC Legacy compression has been deprecated and will be removed in a future release. You can review compressors in "Project Settings > Editor > Texture Compressors".
Begin MonoManager ReloadAssembly
[Licensing::Client] Successfully resolved entitlement details
[Licensing::Module] License group:
  Id: F4-S6VB-6VNM-MCA7-YRJZ-XXXX
  Product: Unity Personal
  Type: ULF
  Expiration: Unlimited
[Licensing::Module] License group:
  Id: 11270200047816-UnityPersXXXX
  Product: Unity Personal
  Type: Assigned
  Expiration: Unlimited
- Loaded All Assemblies, in  0.890 seconds
Refreshing native plugins compatible for Editor in 0.31 ms, found 2 plugins.
Native extension for WindowsStandalone target not found
[Package Manager] Failed to launch server process. Reason: Unity was launched with the -noUpm command-line argument
[Package Manager] Unable to send message (not connected to server process).
[Package Manager] Cannot connect to Unity Package Manager local server
[MODES] ModeService[none].Initialize
[MODES] ModeService[none].LoadModes
Mono: successfully reloaded assembly
- Finished resetting the current domain, in  0.836 seconds
Domain Reload Profiling: 1724ms
	BeginReloadAssembly (303ms)
		ExecutionOrderSort (0ms)
		DisableScriptedObjects (35ms)
		BackupInstance (0ms)
		ReleaseScriptingObjects (0ms)
		CreateAndSetChildDomain (76ms)
	RebuildCommonClasses (44ms)
	RebuildNativeTypeToScriptingClass (15ms)
	initialDomainReloadingComplete (31ms)
	LoadAllAssembliesAndSetupDomain (494ms)
		LoadAssemblies (407ms)
		RebuildTransferFunctionScriptingTraits (0ms)
		AnalyzeDomain (210ms)
			TypeCache.Refresh (7ms)
				TypeCache.ScanAssembly (0ms)
			BuildScriptInfoCaches (186ms)
			ResolveRequiredComponents (12ms)
	FinalizeReload (836ms)
		ReleaseScriptCaches (0ms)
		RebuildScriptCaches (0ms)
		SetupLoadedEditorAssemblies (651ms)
			LogAssemblyErrors (0ms)
			InitializePlatformSupportModulesInManaged (2ms)
			SetLoadedEditorAssemblies (3ms)
			BeforeProcessingInitializeOnLoad (126ms)
			ProcessInitializeOnLoadAttributes (378ms)
			ProcessInitializeOnLoadMethodAttributes (135ms)
			AfterProcessingInitializeOnLoad (6ms)
			EditorAssembliesLoaded (0ms)
		ExecutionOrderSort2 (0ms)
		AwakeInstancesAfterBackupRestoration (23ms)
Refreshing native plugins compatible for Editor in 0.32 ms, found 2 plugins.
Preloading 0 native plugins for Editor in 0.00 ms.
Unloading 15 Unused Serialized files (Serialized files now loaded: 0)
Unloading 4463 unused Assets / (4.2 MB). Loaded Objects now: 5410.
Memory consumption went from 133.4 MB to 129.2 MB.
Total: 9.758700 ms (FindLiveObjects: 0.720000 ms CreateObjectMapping: 0.766600 ms MarkObjects: 5.953300 ms  DeleteObjects: 2.316000 ms)

Prepare: number of updated asset objects reloaded= 0
========================================================================
Received Prepare
ETC Legacy compression has been deprecated and will be removed in a future release. You can review compressors in "Project Settings > Editor > Texture Compressors".
Begin MonoManager ReloadAssembly
- Loaded All Assemblies, in  0.654 seconds
Refreshing native plugins compatible for Editor in 0.28 ms, found 2 plugins.
Native extension for WindowsStandalone target not found
[Package Manager] Failed to launch server process. Reason: Unity was launched with the -noUpm command-line argument
[Package Manager] Unable to send message (not connected to server process).
[Package Manager] Cannot connect to Unity Package Manager local server
[MODES] ModeService[none].Initialize
[MODES] ModeService[none].LoadModes
Mono: successfully reloaded assembly
- Finished resetting the current domain, in  0.746 seconds
Domain Reload Profiling: 1401ms
	BeginReloadAssembly (205ms)
		ExecutionOrderSort (0ms)
		DisableScriptedObjects (6ms)
		BackupInstance (0ms)
		ReleaseScriptingObjects (0ms)
		CreateAndSetChildDomain (44ms)
	RebuildCommonClasses (39ms)
	RebuildNativeTypeToScriptingClass (15ms)
	initialDomainReloadingComplete (32ms)
	LoadAllAssembliesAndSetupDomain (362ms)
		LoadAssemblies (305ms)
		RebuildTransferFunctionScriptingTraits (0ms)
		AnalyzeDomain (154ms)
			TypeCache.Refresh (6ms)
				TypeCache.ScanAssembly (0ms)
			BuildScriptInfoCaches (135ms)
			ResolveRequiredComponents (9ms)
	FinalizeReload (747ms)
		ReleaseScriptCaches (0ms)
		RebuildScriptCaches (0ms)
		SetupLoadedEditorAssemblies (574ms)
			LogAssemblyErrors (0ms)
			InitializePlatformSupportModulesInManaged (2ms)
			SetLoadedEditorAssemblies (3ms)
			BeforeProcessingInitializeOnLoad (109ms)
			ProcessInitializeOnLoadAttributes (339ms)
			ProcessInitializeOnLoadMethodAttributes (115ms)
			AfterProcessingInitializeOnLoad (5ms)
			EditorAssembliesLoaded (0ms)
		ExecutionOrderSort2 (0ms)
		AwakeInstancesAfterBackupRestoration (22ms)
Refreshing native plugins compatible for Editor in 0.37 ms, found 2 plugins.
Preloading 0 native plugins for Editor in 0.00 ms.
Unloading 15 Unused Serialized files (Serialized files now loaded: 0)
Unloading 4461 unused Assets / (4.1 MB). Loaded Objects now: 5413.
Memory consumption went from 133.2 MB to 129.1 MB.
Total: 12.949100 ms (FindLiveObjects: 1.163400 ms CreateObjectMapping: 0.893900 ms MarkObjects: 7.272700 ms  DeleteObjects: 3.617100 ms)

Prepare: number of updated asset objects reloaded= 0
========================================================================
Received Import Request.
  Time since last request: 36.398040 seconds.
  path: Assets/Resources/CubeDone.prefab
  artifactKey: Guid(59f53938417176a4ba8e13a0642fedfb) Importer(815301076,1909f56bfc062723c751e8b465ee728b)
Start importing Assets/Resources/CubeDone.prefab using Guid(59f53938417176a4ba8e13a0642fedfb) Importer(815301076,1909f56bfc062723c751e8b465ee728b) (PreviewImporter) -> (artifact id: '0c2f7216cd0e6d16e2b761fabc71dfdd') in 0.4765074 seconds
Number of updated asset objects reloaded before import = 0Number of asset objects unloaded after import = 12

========================================================================
Received Import Request.
  Time since last request: 0.000040 seconds.
  path: Assets/Resources/L.prefab
  artifactKey: Guid(c81f39e67f02749b6808603b77033943) Importer(815301076,1909f56bfc062723c751e8b465ee728b)
Start importing Assets/Resources/L.prefab using Guid(c81f39e67f02749b6808603b77033943) Importer(815301076,1909f56bfc062723c751e8b465ee728b) (PreviewImporter) -> (artifact id: 'ac86d3a28068558d57f16639186070d7') in 0.011776 seconds
Number of updated asset objects reloaded before import = 0Number of asset objects unloaded after import = 39

========================================================================
Received Prepare
ETC Legacy compression has been deprecated and will be removed in a future release. You can review compressors in "Project Settings > Editor > Texture Compressors".
Begin MonoManager ReloadAssembly
- Loaded All Assemblies, in  0.847 seconds
Refreshing native plugins compatible for Editor in 0.23 ms, found 2 plugins.
Native extension for WindowsStandalone target not found
[Package Manager] Failed to launch server process. Reason: Unity was launched with the -noUpm command-line argument
[Package Manager] Unable to send message (not connected to server process).
[Package Manager] Cannot connect to Unity Package Manager local server
[MODES] ModeService[none].Initialize
[MODES] ModeService[none].LoadModes
Mono: successfully reloaded assembly
- Finished resetting the current domain, in  0.792 seconds
Domain Reload Profiling: 1640ms
	BeginReloadAssembly (301ms)
		ExecutionOrderSort (0ms)
		DisableScriptedObjects (32ms)
		BackupInstance (0ms)
		ReleaseScriptingObjects (0ms)
		CreateAndSetChildDomain (69ms)
	RebuildCommonClasses (44ms)
	RebuildNativeTypeToScriptingClass (16ms)
	initialDomainReloadingComplete (34ms)
	LoadAllAssembliesAndSetupDomain (452ms)
		LoadAssemblies (401ms)
		RebuildTransferFunctionScriptingTraits (0ms)
		AnalyzeDomain (177ms)
			TypeCache.Refresh (8ms)
				TypeCache.ScanAssembly (0ms)
			BuildScriptInfoCaches (156ms)
			ResolveRequiredComponents (10ms)
	FinalizeReload (793ms)
		ReleaseScriptCaches (0ms)
		RebuildScriptCaches (0ms)
		SetupLoadedEditorAssemblies (606ms)
			LogAssemblyErrors (0ms)
			InitializePlatformSupportModulesInManaged (3ms)
			SetLoadedEditorAssemblies (5ms)
			BeforeProcessingInitializeOnLoad (118ms)
			ProcessInitializeOnLoadAttributes (356ms)
			ProcessInitializeOnLoadMethodAttributes (120ms)
			AfterProcessingInitializeOnLoad (5ms)
			EditorAssembliesLoaded (0ms)
		ExecutionOrderSort2 (0ms)
		AwakeInstancesAfterBackupRestoration (24ms)
Refreshing native plugins compatible for Editor in 0.29 ms, found 2 plugins.
Preloading 0 native plugins for Editor in 0.00 ms.
Unloading 15 Unused Serialized files (Serialized files now loaded: 0)
Unloading 4463 unused Assets / (4.0 MB). Loaded Objects now: 5436.
Memory consumption went from 133.5 MB to 129.5 MB.
Total: 7.903500 ms (FindLiveObjects: 0.636700 ms CreateObjectMapping: 0.233200 ms MarkObjects: 4.980800 ms  DeleteObjects: 2.050500 ms)

Prepare: number of updated asset objects reloaded= 0
========================================================================
Received Import Request.
  Time since last request: 704.582312 seconds.
  path: Assets/Resources/I.prefab
  artifactKey: Guid(af89d980ec7414879ac32890d324f7db) Importer(815301076,1909f56bfc062723c751e8b465ee728b)
Start importing Assets/Resources/I.prefab using Guid(af89d980ec7414879ac32890d324f7db) Importer(815301076,1909f56bfc062723c751e8b465ee728b) (PreviewImporter) -> (artifact id: 'a745da88ff0f4334a8588aa49d6492b7') in 1.2533837 seconds
Number of updated asset objects reloaded before import = 0Number of asset objects unloaded after import = 40

========================================================================
Received Import Request.
  Time since last request: 0.000029 seconds.
  path: Assets/Resources/L.prefab
  artifactKey: Guid(c81f39e67f02749b6808603b77033943) Importer(815301076,1909f56bfc062723c751e8b465ee728b)
Start importing Assets/Resources/L.prefab using Guid(c81f39e67f02749b6808603b77033943) Importer(815301076,1909f56bfc062723c751e8b465ee728b) (PreviewImporter) -> (artifact id: 'c1e771301a0f002cfa0e9b0ee1129ffd') in 0.0104683 seconds
Number of updated asset objects reloaded before import = 0Number of asset objects unloaded after import = 39

========================================================================
Received Prepare
ETC Legacy compression has been deprecated and will be removed in a future release. You can review compressors in "Project Settings > Editor > Texture Compressors".
Begin MonoManager ReloadAssembly
[Licensing::Client] Successfully resolved entitlement details
[Licensing::Module] License group:
  Id: F4-S6VB-6VNM-MCA7-YRJZ-XXXX
  Product: Unity Personal
  Type: ULF
  Expiration: Unlimited
[Licensing::Module] License group:
  Id: 11270200047816-UnityPersXXXX
  Product: Unity Personal
  Type: Assigned
  Expiration: Unlimited
- Loaded All Assemblies, in  0.756 seconds
Refreshing native plugins compatible for Editor in 0.27 ms, found 2 plugins.
Native extension for WindowsStandalone target not found
[Package Manager] Failed to launch server process. Reason: Unity was launched with the -noUpm command-line argument
[Package Manager] Unable to send message (not connected to server process).
[Package Manager] Cannot connect to Unity Package Manager local server
[MODES] ModeService[none].Initialize
[MODES] ModeService[none].LoadModes
Mono: successfully reloaded assembly
- Finished resetting the current domain, in  0.820 seconds
Domain Reload Profiling: 1578ms
	BeginReloadAssembly (257ms)
		ExecutionOrderSort (0ms)
		DisableScriptedObjects (27ms)
		BackupInstance (0ms)
		ReleaseScriptingObjects (0ms)
		CreateAndSetChildDomain (63ms)
	RebuildCommonClasses (45ms)
	RebuildNativeTypeToScriptingClass (15ms)
	initialDomainReloadingComplete (29ms)
	LoadAllAssembliesAndSetupDomain (412ms)
		LoadAssemblies (339ms)
		RebuildTransferFunctionScriptingTraits (0ms)
		AnalyzeDomain (177ms)
			TypeCache.Refresh (6ms)
				TypeCache.ScanAssembly (0ms)
			BuildScriptInfoCaches (156ms)
			ResolveRequiredComponents (11ms)
	FinalizeReload (821ms)
		ReleaseScriptCaches (0ms)
		RebuildScriptCaches (0ms)
		SetupLoadedEditorAssemblies (656ms)
			LogAssemblyErrors (0ms)
			InitializePlatformSupportModulesInManaged (2ms)
			SetLoadedEditorAssemblies (3ms)
			BeforeProcessingInitializeOnLoad (132ms)
			ProcessInitializeOnLoadAttributes (392ms)
			ProcessInitializeOnLoadMethodAttributes (121ms)
			AfterProcessingInitializeOnLoad (5ms)
			EditorAssembliesLoaded (0ms)
		ExecutionOrderSort2 (0ms)
		AwakeInstancesAfterBackupRestoration (22ms)
Refreshing native plugins compatible for Editor in 0.47 ms, found 2 plugins.
Preloading 0 native plugins for Editor in 0.00 ms.
Unloading 15 Unused Serialized files (Serialized files now loaded: 0)
Unloading 4463 unused Assets / (4.0 MB). Loaded Objects now: 5459.
Memory consumption went from 133.5 MB to 129.5 MB.
Total: 9.330300 ms (FindLiveObjects: 0.816700 ms CreateObjectMapping: 0.664900 ms MarkObjects: 5.490000 ms  DeleteObjects: 2.356200 ms)

Prepare: number of updated asset objects reloaded= 0
========================================================================
Received Import Request.
  Time since last request: 846.178873 seconds.
  path: Assets/Resources/I.prefab
  artifactKey: Guid(af89d980ec7414879ac32890d324f7db) Importer(815301076,1909f56bfc062723c751e8b465ee728b)
Start importing Assets/Resources/I.prefab using Guid(af89d980ec7414879ac32890d324f7db) Importer(815301076,1909f56bfc062723c751e8b465ee728b) (PreviewImporter) -> (artifact id: '04295daf974ac64e6a513e8ae7e18548') in 0.4641611 seconds
Number of updated asset objects reloaded before import = 0Number of asset objects unloaded after import = 40

========================================================================
Received Import Request.
  Time since last request: 6.161913 seconds.
  path: Assets/Resources/CubeDone.prefab
  artifactKey: Guid(59f53938417176a4ba8e13a0642fedfb) Importer(815301076,1909f56bfc062723c751e8b465ee728b)
Start importing Assets/Resources/CubeDone.prefab using Guid(59f53938417176a4ba8e13a0642fedfb) Importer(815301076,1909f56bfc062723c751e8b465ee728b) (PreviewImporter) -> (artifact id: '5b7fc1ebf80c7c6dd7c336388e84c8d8') in 0.0139394 seconds
Number of updated asset objects reloaded before import = 0Number of asset objects unloaded after import = 11

========================================================================
Received Import Request.
  Time since last request: 0.000027 seconds.
  path: Assets/Resources/L.prefab
  artifactKey: Guid(c81f39e67f02749b6808603b77033943) Importer(815301076,1909f56bfc062723c751e8b465ee728b)
Start importing Assets/Resources/L.prefab using Guid(c81f39e67f02749b6808603b77033943) Importer(815301076,1909f56bfc062723c751e8b465ee728b) (PreviewImporter) -> (artifact id: 'fc851412ba5ae84fe495d5addace23b5') in 0.0173714 seconds
Number of updated asset objects reloaded before import = 0Number of asset objects unloaded after import = 39

========================================================================
Received Prepare
ETC Legacy compression has been deprecated and will be removed in a future release. You can review compressors in "Project Settings > Editor > Texture Compressors".
Begin MonoManager ReloadAssembly
[Licensing::Client] Successfully resolved entitlement details
[Licensing::Module] License group:
  Id: F4-S6VB-6VNM-MCA7-YRJZ-XXXX
  Product: Unity Personal
  Type: ULF
  Expiration: Unlimited
[Licensing::Module] License group:
  Id: 11270200047816-UnityPersXXXX
  Product: Unity Personal
  Type: Assigned
  Expiration: Unlimited
- Loaded All Assemblies, in  0.736 seconds
Refreshing native plugins compatible for Editor in 1.17 ms, found 2 plugins.
Native extension for WindowsStandalone target not found
[Package Manager] Failed to launch server process. Reason: Unity was launched with the -noUpm command-line argument
[Package Manager] Unable to send message (not connected to server process).
[Package Manager] Cannot connect to Unity Package Manager local server
[MODES] ModeService[none].Initialize
[MODES] ModeService[none].LoadModes
Mono: successfully reloaded assembly
- Finished resetting the current domain, in  0.778 seconds
Domain Reload Profiling: 1514ms
	BeginReloadAssembly (262ms)
		ExecutionOrderSort (0ms)
		DisableScriptedObjects (28ms)
		BackupInstance (0ms)
		ReleaseScriptingObjects (0ms)
		CreateAndSetChildDomain (62ms)
	RebuildCommonClasses (46ms)
	RebuildNativeTypeToScriptingClass (16ms)
	initialDomainReloadingComplete (35ms)
	LoadAllAssembliesAndSetupDomain (377ms)
		LoadAssemblies (337ms)
		RebuildTransferFunctionScriptingTraits (0ms)
		AnalyzeDomain (151ms)
			TypeCache.Refresh (6ms)
				TypeCache.ScanAssembly (0ms)
			BuildScriptInfoCaches (132ms)
			ResolveRequiredComponents (10ms)
	FinalizeReload (778ms)
		ReleaseScriptCaches (0ms)
		RebuildScriptCaches (0ms)
		SetupLoadedEditorAssemblies (602ms)
			LogAssemblyErrors (0ms)
			InitializePlatformSupportModulesInManaged (2ms)
			SetLoadedEditorAssemblies (3ms)
			BeforeProcessingInitializeOnLoad (119ms)
			ProcessInitializeOnLoadAttributes (360ms)
			ProcessInitializeOnLoadMethodAttributes (113ms)
			AfterProcessingInitializeOnLoad (5ms)
			EditorAssembliesLoaded (0ms)
		ExecutionOrderSort2 (0ms)
		AwakeInstancesAfterBackupRestoration (21ms)
Refreshing native plugins compatible for Editor in 0.33 ms, found 2 plugins.
Preloading 0 native plugins for Editor in 0.00 ms.
Unloading 15 Unused Serialized files (Serialized files now loaded: 0)
Unloading 4463 unused Assets / (4.1 MB). Loaded Objects now: 5482.
Memory consumption went from 133.6 MB to 129.5 MB.
Total: 10.818000 ms (FindLiveObjects: 0.835800 ms CreateObjectMapping: 0.813500 ms MarkObjects: 6.298200 ms  DeleteObjects: 2.868500 ms)

Prepare: number of updated asset objects reloaded= 0
========================================================================
Received Import Request.
  Time since last request: 57.450895 seconds.
  path: Assets/Shaders/BoxMaterial 1.mat
  artifactKey: Guid(28d3966bbcbc67545b258087757b0795) Importer(815301076,1909f56bfc062723c751e8b465ee728b)
Start importing Assets/Shaders/BoxMaterial 1.mat using Guid(28d3966bbcbc67545b258087757b0795) Importer(815301076,1909f56bfc062723c751e8b465ee728b) (PreviewImporter) -> (artifact id: '372532b99b933b87d3359be2a9364399') in 0.4664178 seconds
Number of updated asset objects reloaded before import = 0Number of asset objects unloaded after import = 3

========================================================================
Received Import Request.
  Time since last request: 4.801396 seconds.
  path: Assets/Shaders/BoxMaterial Red.mat
  artifactKey: Guid(28d3966bbcbc67545b258087757b0795) Importer(815301076,1909f56bfc062723c751e8b465ee728b)
Start importing Assets/Shaders/BoxMaterial Red.mat using Guid(28d3966bbcbc67545b258087757b0795) Importer(815301076,1909f56bfc062723c751e8b465ee728b) (PreviewImporter) -> (artifact id: '3da2fe8ff64a650fcb5466bb3dc2c7da') in 0.0140106 seconds
Number of updated asset objects reloaded before import = 0Number of asset objects unloaded after import = 2

========================================================================
Received Import Request.
  Time since last request: 8.523023 seconds.
  path: Assets/Shaders/RedLine.mat
  artifactKey: Guid(28d3966bbcbc67545b258087757b0795) Importer(815301076,1909f56bfc062723c751e8b465ee728b)
Start importing Assets/Shaders/RedLine.mat using Guid(28d3966bbcbc67545b258087757b0795) Importer(815301076,1909f56bfc062723c751e8b465ee728b) (PreviewImporter) -> (artifact id: 'fd6a7fb3b3a9b005a5303dc483f50a58') in 0.0109352 seconds
Number of updated asset objects reloaded before import = 0Number of asset objects unloaded after import = 2

========================================================================
Received Import Request.
  Time since last request: 4.485660 seconds.
  path: Assets/Shaders/YellowLine.mat
  artifactKey: Guid(150af693a6723874d9e4300d68e8cf38) Importer(815301076,1909f56bfc062723c751e8b465ee728b)
Start importing Assets/Shaders/YellowLine.mat using Guid(150af693a6723874d9e4300d68e8cf38) Importer(815301076,1909f56bfc062723c751e8b465ee728b) (PreviewImporter) -> (artifact id: '77389796043e3ecd6edc98fc516e6082') in 0.0104261 seconds
Number of updated asset objects reloaded before import = 0Number of asset objects unloaded after import = 2

========================================================================
Received Import Request.
  Time since last request: 14.010848 seconds.
  path: Assets/Shaders/RedLine.mat
  artifactKey: Guid(28d3966bbcbc67545b258087757b0795) Importer(815301076,1909f56bfc062723c751e8b465ee728b)
Start importing Assets/Shaders/RedLine.mat using Guid(28d3966bbcbc67545b258087757b0795) Importer(815301076,1909f56bfc062723c751e8b465ee728b) (PreviewImporter) -> (artifact id: 'ca8226c98cd6c5d0d109eb59a120f284') in 0.024158 seconds
Number of updated asset objects reloaded before import = 0Number of asset objects unloaded after import = 2

========================================================================
Received Import Request.
  Time since last request: 7.805655 seconds.
  path: Assets/Shaders/BlueLine.mat
  artifactKey: Guid(01c2c7a3e694fe648937762f438e6cdd) Importer(815301076,1909f56bfc062723c751e8b465ee728b)
Start importing Assets/Shaders/BlueLine.mat using Guid(01c2c7a3e694fe648937762f438e6cdd) Importer(815301076,1909f56bfc062723c751e8b465ee728b) (PreviewImporter) -> (artifact id: '11554316a97681935c73af8d195cec09') in 0.0110298 seconds
Number of updated asset objects reloaded before import = 0Number of asset objects unloaded after import = 2

========================================================================
Received Import Request.
  Time since last request: 13.065014 seconds.
  path: Assets/Shaders/BlueLine.mat
  artifactKey: Guid(01c2c7a3e694fe648937762f438e6cdd) Importer(815301076,1909f56bfc062723c751e8b465ee728b)
Start importing Assets/Shaders/BlueLine.mat using Guid(01c2c7a3e694fe648937762f438e6cdd) Importer(815301076,1909f56bfc062723c751e8b465ee728b) (PreviewImporter) -> (artifact id: '25ce04ec08edf81f107c12b3ddcbf8c8') in 0.0203248 seconds
Number of updated asset objects reloaded before import = 0Number of asset objects unloaded after import = 2

========================================================================
Received Import Request.
  Time since last request: 0.927357 seconds.
  path: Assets/Shaders/BlueLine 1.mat
  artifactKey: Guid(713bb342beaf6b941868004cc6bf25b5) Importer(815301076,1909f56bfc062723c751e8b465ee728b)
Start importing Assets/Shaders/BlueLine 1.mat using Guid(713bb342beaf6b941868004cc6bf25b5) Importer(815301076,1909f56bfc062723c751e8b465ee728b) (PreviewImporter) -> (artifact id: '13ae78d94bd44e8fe340661af7cb7f35') in 0.0098877 seconds
Number of updated asset objects reloaded before import = 0Number of asset objects unloaded after import = 2

========================================================================
Received Import Request.
  Time since last request: 5.510953 seconds.
  path: Assets/Shaders/GreenLine 1.mat
  artifactKey: Guid(713bb342beaf6b941868004cc6bf25b5) Importer(815301076,1909f56bfc062723c751e8b465ee728b)
Start importing Assets/Shaders/GreenLine 1.mat using Guid(713bb342beaf6b941868004cc6bf25b5) Importer(815301076,1909f56bfc062723c751e8b465ee728b) (PreviewImporter) -> (artifact id: '622459ad6204e27788315f06d8630c8d') in 0.0139193 seconds
Number of updated asset objects reloaded before import = 0Number of asset objects unloaded after import = 2

========================================================================
Received Import Request.
  Time since last request: 2.259442 seconds.
  path: Assets/Shaders/GreenLine.mat
  artifactKey: Guid(713bb342beaf6b941868004cc6bf25b5) Importer(815301076,1909f56bfc062723c751e8b465ee728b)
Start importing Assets/Shaders/GreenLine.mat using Guid(713bb342beaf6b941868004cc6bf25b5) Importer(815301076,1909f56bfc062723c751e8b465ee728b) (PreviewImporter) -> (artifact id: '694c7e51d3b0e03055094728f4ef6b09') in 0.0101131 seconds
Number of updated asset objects reloaded before import = 0Number of asset objects unloaded after import = 2

========================================================================
Received Import Request.
  Time since last request: 6.007708 seconds.
  path: Assets/Shaders/GreenLine.mat
  artifactKey: Guid(713bb342beaf6b941868004cc6bf25b5) Importer(815301076,1909f56bfc062723c751e8b465ee728b)
Start importing Assets/Shaders/GreenLine.mat using Guid(713bb342beaf6b941868004cc6bf25b5) Importer(815301076,1909f56bfc062723c751e8b465ee728b) (PreviewImporter) -> (artifact id: 'd0137c9cd1213d9c6f2316a209626981') in 0.0223348 seconds
Number of updated asset objects reloaded before import = 0Number of asset objects unloaded after import = 2

========================================================================
Received Import Request.
  Time since last request: 4.053825 seconds.
  path: Assets/Shaders/GreenLine.mat
  artifactKey: Guid(713bb342beaf6b941868004cc6bf25b5) Importer(815301076,1909f56bfc062723c751e8b465ee728b)
Start importing Assets/Shaders/GreenLine.mat using Guid(713bb342beaf6b941868004cc6bf25b5) Importer(815301076,1909f56bfc062723c751e8b465ee728b) (PreviewImporter) -> (artifact id: '97b430d9a92ae799ea51a40f5c96ed6f') in 0.0204289 seconds
Number of updated asset objects reloaded before import = 0Number of asset objects unloaded after import = 2

========================================================================
Received Import Request.
  Time since last request: 24.425031 seconds.
  path: Assets/Resources/cube.prefab
  artifactKey: Guid(2d32e83b5dd414f7aa1ad53408997e11) Importer(815301076,1909f56bfc062723c751e8b465ee728b)
Start importing Assets/Resources/cube.prefab using Guid(2d32e83b5dd414f7aa1ad53408997e11) Importer(815301076,1909f56bfc062723c751e8b465ee728b) (PreviewImporter) -> (artifact id: 'f09bded53d51fec49342b33794f31531') in 0.0287468 seconds
Number of updated asset objects reloaded before import = 0Number of asset objects unloaded after import = 11

========================================================================
Received Import Request.
  Time since last request: 0.000030 seconds.
  path: Assets/Resources/I.prefab
  artifactKey: Guid(af89d980ec7414879ac32890d324f7db) Importer(815301076,1909f56bfc062723c751e8b465ee728b)
Start importing Assets/Resources/I.prefab using Guid(af89d980ec7414879ac32890d324f7db) Importer(815301076,1909f56bfc062723c751e8b465ee728b) (PreviewImporter) -> (artifact id: '977b7b7585aebf438291069480c2040e') in 0.0124508 seconds
Number of updated asset objects reloaded before import = 0Number of asset objects unloaded after import = 39

========================================================================
Received Import Request.
  Time since last request: 47.380779 seconds.
  path: Assets/Shaders/YellowLine.mat
  artifactKey: Guid(150af693a6723874d9e4300d68e8cf38) Importer(815301076,1909f56bfc062723c751e8b465ee728b)
Start importing Assets/Shaders/YellowLine.mat using Guid(150af693a6723874d9e4300d68e8cf38) Importer(815301076,1909f56bfc062723c751e8b465ee728b) (PreviewImporter) -> (artifact id: '6f8caa2ee0bd2d9ed68a313ffca7e06c') in 0.0158039 seconds
Number of updated asset objects reloaded before import = 0Number of asset objects unloaded after import = 3

========================================================================
Received Import Request.
  Time since last request: 26.965523 seconds.
  path: Assets/Resources/I.prefab
  artifactKey: Guid(af89d980ec7414879ac32890d324f7db) Importer(815301076,1909f56bfc062723c751e8b465ee728b)
Start importing Assets/Resources/I.prefab using Guid(af89d980ec7414879ac32890d324f7db) Importer(815301076,1909f56bfc062723c751e8b465ee728b) (PreviewImporter) -> (artifact id: '6c9ea10445f912a628fa5ef14fcfc4a6') in 0.0232938 seconds
Number of updated asset objects reloaded before import = 0Number of asset objects unloaded after import = 40

========================================================================
Received Import Request.
  Time since last request: 8.383946 seconds.
  path: Assets/Shaders/BlueLine 1.mat
  artifactKey: Guid(bff35e952c7fdc34ea17222273a61773) Importer(815301076,1909f56bfc062723c751e8b465ee728b)
Start importing Assets/Shaders/BlueLine 1.mat using Guid(bff35e952c7fdc34ea17222273a61773) Importer(815301076,1909f56bfc062723c751e8b465ee728b) (PreviewImporter) -> (artifact id: 'e1aa6986ed956e9277e8da1e2e25069b') in 0.0121944 seconds
Number of updated asset objects reloaded before import = 0Number of asset objects unloaded after import = 2

========================================================================
Received Import Request.
  Time since last request: 8.620266 seconds.
  path: Assets/Shaders/PurbleLine 1.mat
  artifactKey: Guid(bff35e952c7fdc34ea17222273a61773) Importer(815301076,1909f56bfc062723c751e8b465ee728b)
Start importing Assets/Shaders/PurbleLine 1.mat using Guid(bff35e952c7fdc34ea17222273a61773) Importer(815301076,1909f56bfc062723c751e8b465ee728b) (PreviewImporter) -> (artifact id: '2d283d36a15e053677175b168a7f4bcc') in 0.0170457 seconds
Number of updated asset objects reloaded before import = 0Number of asset objects unloaded after import = 2

========================================================================
Received Import Request.
  Time since last request: 8.071640 seconds.
  path: Assets/Shaders/PurbleLine 1.mat
  artifactKey: Guid(bff35e952c7fdc34ea17222273a61773) Importer(815301076,1909f56bfc062723c751e8b465ee728b)
Start importing Assets/Shaders/PurbleLine 1.mat using Guid(bff35e952c7fdc34ea17222273a61773) Importer(815301076,1909f56bfc062723c751e8b465ee728b) (PreviewImporter) -> (artifact id: '2624cd6e29f940910152067205bc21f2') in 0.0218634 seconds
Number of updated asset objects reloaded before import = 0Number of asset objects unloaded after import = 2

========================================================================
Received Import Request.
  Time since last request: 20.152081 seconds.
  path: Assets/Resources/L2.prefab
  artifactKey: Guid(14125b05857d84fc1a861ee8bea8acd2) Importer(815301076,1909f56bfc062723c751e8b465ee728b)
Start importing Assets/Resources/L2.prefab using Guid(14125b05857d84fc1a861ee8bea8acd2) Importer(815301076,1909f56bfc062723c751e8b465ee728b) (PreviewImporter) -> (artifact id: 'd8fe37d11821b9725b771af078eacb76') in 0.108602 seconds
Number of updated asset objects reloaded before import = 0Number of asset objects unloaded after import = 40

========================================================================
Received Import Request.
  Time since last request: 1.915163 seconds.
  path: Assets/Resources/L2.prefab
  artifactKey: Guid(14125b05857d84fc1a861ee8bea8acd2) Importer(815301076,1909f56bfc062723c751e8b465ee728b)
Start importing Assets/Resources/L2.prefab using Guid(14125b05857d84fc1a861ee8bea8acd2) Importer(815301076,1909f56bfc062723c751e8b465ee728b) (PreviewImporter) -> (artifact id: '929fff82a31ea6e246c7d7aec16f6303') in 0.0194098 seconds
Number of updated asset objects reloaded before import = 0Number of asset objects unloaded after import = 46

========================================================================
Received Import Request.
  Time since last request: 1894.865333 seconds.
  path: Assets/Resources/L2.prefab
  artifactKey: Guid(14125b05857d84fc1a861ee8bea8acd2) Importer(815301076,1909f56bfc062723c751e8b465ee728b)
Start importing Assets/Resources/L2.prefab using Guid(14125b05857d84fc1a861ee8bea8acd2) Importer(815301076,1909f56bfc062723c751e8b465ee728b) (PreviewImporter) -> (artifact id: 'cc404fed74b89c82cfdea80e5f762f9f') in 0.2074321 seconds
Number of updated asset objects reloaded before import = 0Number of asset objects unloaded after import = 40

========================================================================
Received Import Request.
  Time since last request: 3.606216 seconds.
  path: Assets/Resources/O.prefab
  artifactKey: Guid(4a17950ef5b8e46dfa64b099a87ecd33) Importer(815301076,1909f56bfc062723c751e8b465ee728b)
Start importing Assets/Resources/O.prefab using Guid(4a17950ef5b8e46dfa64b099a87ecd33) Importer(815301076,1909f56bfc062723c751e8b465ee728b) (PreviewImporter) -> (artifact id: 'dea945b8bda6f0aee33d491ffd77913a') in 0.1308798 seconds
Number of updated asset objects reloaded before import = 0Number of asset objects unloaded after import = 40

========================================================================
Received Import Request.
  Time since last request: 1.854194 seconds.
  path: Assets/Resources/O.prefab
  artifactKey: Guid(4a17950ef5b8e46dfa64b099a87ecd33) Importer(815301076,1909f56bfc062723c751e8b465ee728b)
Start importing Assets/Resources/O.prefab using Guid(4a17950ef5b8e46dfa64b099a87ecd33) Importer(815301076,1909f56bfc062723c751e8b465ee728b) (PreviewImporter) -> (artifact id: 'f66561520abc5ec7ad1503aeb566b5c0') in 0.0220592 seconds
Number of updated asset objects reloaded before import = 0Number of asset objects unloaded after import = 46

========================================================================
Received Import Request.
  Time since last request: 0.148914 seconds.
  path: Assets/Resources/O.prefab
  artifactKey: Guid(4a17950ef5b8e46dfa64b099a87ecd33) Importer(815301076,1909f56bfc062723c751e8b465ee728b)
Start importing Assets/Resources/O.prefab using Guid(4a17950ef5b8e46dfa64b099a87ecd33) Importer(815301076,1909f56bfc062723c751e8b465ee728b) (PreviewImporter) -> (artifact id: 'e9ce08745b557120f8eda31c5c09ad99') in 0.0226093 seconds
Number of updated asset objects reloaded before import = 0Number of asset objects unloaded after import = 52

========================================================================
Received Import Request.
  Time since last request: 0.317600 seconds.
  path: Assets/Resources/O.prefab
  artifactKey: Guid(4a17950ef5b8e46dfa64b099a87ecd33) Importer(815301076,1909f56bfc062723c751e8b465ee728b)
Start importing Assets/Resources/O.prefab using Guid(4a17950ef5b8e46dfa64b099a87ecd33) Importer(815301076,1909f56bfc062723c751e8b465ee728b) (PreviewImporter) -> (artifact id: '6b245d86efc4e5bcb45fb3b31052b5fd') in 0.0360615 seconds
Number of updated asset objects reloaded before import = 0Number of asset objects unloaded after import = 58

========================================================================
Received Import Request.
  Time since last request: 7.411565 seconds.
  path: Assets/Resources/O.prefab
  artifactKey: Guid(4a17950ef5b8e46dfa64b099a87ecd33) Importer(815301076,1909f56bfc062723c751e8b465ee728b)
Start importing Assets/Resources/O.prefab using Guid(4a17950ef5b8e46dfa64b099a87ecd33) Importer(815301076,1909f56bfc062723c751e8b465ee728b) (PreviewImporter) -> (artifact id: '405a3c5e843bdee882ae056ed9c573e8') in 0.0211379 seconds
Number of updated asset objects reloaded before import = 0Number of asset objects unloaded after import = 58

========================================================================
Received Import Request.
  Time since last request: 2.401651 seconds.
  path: Assets/Resources/O.prefab
  artifactKey: Guid(4a17950ef5b8e46dfa64b099a87ecd33) Importer(815301076,1909f56bfc062723c751e8b465ee728b)
Start importing Assets/Resources/O.prefab using Guid(4a17950ef5b8e46dfa64b099a87ecd33) Importer(815301076,1909f56bfc062723c751e8b465ee728b) (PreviewImporter) -> (artifact id: '51b0cd9cae60c60e73ab91ae0817d295') in 0.0260884 seconds
Number of updated asset objects reloaded before import = 0Number of asset objects unloaded after import = 58

========================================================================
Received Import Request.
  Time since last request: 2.354093 seconds.
  path: Assets/Resources/O.prefab
  artifactKey: Guid(4a17950ef5b8e46dfa64b099a87ecd33) Importer(815301076,1909f56bfc062723c751e8b465ee728b)
Start importing Assets/Resources/O.prefab using Guid(4a17950ef5b8e46dfa64b099a87ecd33) Importer(815301076,1909f56bfc062723c751e8b465ee728b) (PreviewImporter) -> (artifact id: '10873d4d09a1f7550aab3349c6a357c1') in 0.0603189 seconds
Number of updated asset objects reloaded before import = 0Number of asset objects unloaded after import = 58

========================================================================
Received Import Request.
  Time since last request: 1.277060 seconds.
  path: Assets/Resources/O.prefab
  artifactKey: Guid(4a17950ef5b8e46dfa64b099a87ecd33) Importer(815301076,1909f56bfc062723c751e8b465ee728b)
Start importing Assets/Resources/O.prefab using Guid(4a17950ef5b8e46dfa64b099a87ecd33) Importer(815301076,1909f56bfc062723c751e8b465ee728b) (PreviewImporter) -> (artifact id: 'a1cadea2023d21a34efdcf54720ecef5') in 0.0337651 seconds
Number of updated asset objects reloaded before import = 0Number of asset objects unloaded after import = 58

========================================================================
Received Import Request.
  Time since last request: 19.736717 seconds.
  path: Assets/Resources/O.prefab
  artifactKey: Guid(4a17950ef5b8e46dfa64b099a87ecd33) Importer(815301076,1909f56bfc062723c751e8b465ee728b)
Start importing Assets/Resources/O.prefab using Guid(4a17950ef5b8e46dfa64b099a87ecd33) Importer(815301076,1909f56bfc062723c751e8b465ee728b) (PreviewImporter) -> (artifact id: 'd937ac3dbabca9bcd47ae7ef3dc7f4b7') in 0.0245609 seconds
Number of updated asset objects reloaded before import = 0Number of asset objects unloaded after import = 39

========================================================================
Received Import Request.
  Time since last request: 30.379192 seconds.
  path: Assets/Resources/O.prefab
  artifactKey: Guid(4a17950ef5b8e46dfa64b099a87ecd33) Importer(815301076,1909f56bfc062723c751e8b465ee728b)
Start importing Assets/Resources/O.prefab using Guid(4a17950ef5b8e46dfa64b099a87ecd33) Importer(815301076,1909f56bfc062723c751e8b465ee728b) (PreviewImporter) -> (artifact id: 'add55eb210d706d8ea9f6e6735f62356') in 0.022637 seconds
Number of updated asset objects reloaded before import = 0Number of asset objects unloaded after import = 40

========================================================================
Received Import Request.
  Time since last request: 35.948182 seconds.
  path: Assets/Shaders/BlueLine.mat
  artifactKey: Guid(01c2c7a3e694fe648937762f438e6cdd) Importer(815301076,1909f56bfc062723c751e8b465ee728b)
Start importing Assets/Shaders/BlueLine.mat using Guid(01c2c7a3e694fe648937762f438e6cdd) Importer(815301076,1909f56bfc062723c751e8b465ee728b) (PreviewImporter) -> (artifact id: 'c40bc7cf97cc36ef50513b81b616c13c') in 0.0203913 seconds
Number of updated asset objects reloaded before import = 0Number of asset objects unloaded after import = 2

========================================================================
Received Import Request.
  Time since last request: 18.769660 seconds.
  path: Assets/Shaders/BlueLine.mat
  artifactKey: Guid(01c2c7a3e694fe648937762f438e6cdd) Importer(815301076,1909f56bfc062723c751e8b465ee728b)
Start importing Assets/Shaders/BlueLine.mat using Guid(01c2c7a3e694fe648937762f438e6cdd) Importer(815301076,1909f56bfc062723c751e8b465ee728b) (PreviewImporter) -> (artifact id: '4413ddcbb5f3f86cf15fd312e79746b0') in 0.0201751 seconds
Number of updated asset objects reloaded before import = 0Number of asset objects unloaded after import = 2

========================================================================
Received Import Request.
  Time since last request: 7.093620 seconds.
  path: Assets/Shaders/BlueLine.mat
  artifactKey: Guid(01c2c7a3e694fe648937762f438e6cdd) Importer(815301076,1909f56bfc062723c751e8b465ee728b)
Start importing Assets/Shaders/BlueLine.mat using Guid(01c2c7a3e694fe648937762f438e6cdd) Importer(815301076,1909f56bfc062723c751e8b465ee728b) (PreviewImporter) -> (artifact id: '710829f87e2be343ba838d4d057be9d6') in 0.0223358 seconds
Number of updated asset objects reloaded before import = 0Number of asset objects unloaded after import = 2

========================================================================
Received Import Request.
  Time since last request: 162.206583 seconds.
  path: Assets/Resources/T.prefab
  artifactKey: Guid(9336f9799086c48969588c424eb4260e) Importer(815301076,1909f56bfc062723c751e8b465ee728b)
Start importing Assets/Resources/T.prefab using Guid(9336f9799086c48969588c424eb4260e) Importer(815301076,1909f56bfc062723c751e8b465ee728b) (PreviewImporter) -> (artifact id: '2227f5f1d0cb76a2dce20514db8c366e') in 0.0490841 seconds
Number of updated asset objects reloaded before import = 0Number of asset objects unloaded after import = 40

========================================================================
Received Import Request.
  Time since last request: 2.291370 seconds.
  path: Assets/Resources/T.prefab
  artifactKey: Guid(9336f9799086c48969588c424eb4260e) Importer(815301076,1909f56bfc062723c751e8b465ee728b)
Start importing Assets/Resources/T.prefab using Guid(9336f9799086c48969588c424eb4260e) Importer(815301076,1909f56bfc062723c751e8b465ee728b) (PreviewImporter) -> (artifact id: '65e770229185637b5d814acfab6c5f1e') in 0.0212972 seconds
Number of updated asset objects reloaded before import = 0Number of asset objects unloaded after import = 46

========================================================================
Received Import Request.
  Time since last request: 0.226833 seconds.
  path: Assets/Resources/T.prefab
  artifactKey: Guid(9336f9799086c48969588c424eb4260e) Importer(815301076,1909f56bfc062723c751e8b465ee728b)
Start importing Assets/Resources/T.prefab using Guid(9336f9799086c48969588c424eb4260e) Importer(815301076,1909f56bfc062723c751e8b465ee728b) (PreviewImporter) -> (artifact id: '5088abe4ec6e8ed65ed20b91c0681778') in 0.0254772 seconds
Number of updated asset objects reloaded before import = 0Number of asset objects unloaded after import = 58

========================================================================
Received Import Request.
  Time since last request: 32.798489 seconds.
  path: Assets/Resources/T.prefab
  artifactKey: Guid(9336f9799086c48969588c424eb4260e) Importer(815301076,1909f56bfc062723c751e8b465ee728b)
Start importing Assets/Resources/T.prefab using Guid(9336f9799086c48969588c424eb4260e) Importer(815301076,1909f56bfc062723c751e8b465ee728b) (PreviewImporter) -> (artifact id: '1cfb99c4707f1edef9d7f809070908c3') in 0.038412 seconds
Number of updated asset objects reloaded before import = 0Number of asset objects unloaded after import = 58

========================================================================
Received Import Request.
  Time since last request: 2.487937 seconds.
  path: Assets/Resources/T.prefab
  artifactKey: Guid(9336f9799086c48969588c424eb4260e) Importer(815301076,1909f56bfc062723c751e8b465ee728b)
Start importing Assets/Resources/T.prefab using Guid(9336f9799086c48969588c424eb4260e) Importer(815301076,1909f56bfc062723c751e8b465ee728b) (PreviewImporter) -> (artifact id: 'fbf37d7d972e41128463b94f8be24deb') in 0.0214413 seconds
Number of updated asset objects reloaded before import = 0Number of asset objects unloaded after import = 58

========================================================================
Received Import Request.
  Time since last request: 2.532840 seconds.
  path: Assets/Resources/T.prefab
  artifactKey: Guid(9336f9799086c48969588c424eb4260e) Importer(815301076,1909f56bfc062723c751e8b465ee728b)
Start importing Assets/Resources/T.prefab using Guid(9336f9799086c48969588c424eb4260e) Importer(815301076,1909f56bfc062723c751e8b465ee728b) (PreviewImporter) -> (artifact id: '3b815cfb19942c6b302736eeaa698c0b') in 0.0242955 seconds
Number of updated asset objects reloaded before import = 0Number of asset objects unloaded after import = 58

========================================================================
Received Import Request.
  Time since last request: 1.331523 seconds.
  path: Assets/Resources/T.prefab
  artifactKey: Guid(9336f9799086c48969588c424eb4260e) Importer(815301076,1909f56bfc062723c751e8b465ee728b)
Start importing Assets/Resources/T.prefab using Guid(9336f9799086c48969588c424eb4260e) Importer(815301076,1909f56bfc062723c751e8b465ee728b) (PreviewImporter) -> (artifact id: '694ab330284898b7d849546a495f1da6') in 0.0231882 seconds
Number of updated asset objects reloaded before import = 0Number of asset objects unloaded after import = 58

========================================================================
Received Prepare
ETC Legacy compression has been deprecated and will be removed in a future release. You can review compressors in "Project Settings > Editor > Texture Compressors".
Begin MonoManager ReloadAssembly
[Licensing::Client] Successfully resolved entitlement details
[Licensing::Module] License group:
  Id: F4-S6VB-6VNM-MCA7-YRJZ-XXXX
  Product: Unity Personal
  Type: ULF
  Expiration: Unlimited
[Licensing::Module] License group:
  Id: 11270200047816-UnityPersXXXX
  Product: Unity Personal
  Type: Assigned
  Expiration: Unlimited
- Loaded All Assemblies, in  3.740 seconds
Refreshing native plugins compatible for Editor in 0.44 ms, found 2 plugins.
Native extension for WindowsStandalone target not found
[Package Manager] Failed to launch server process. Reason: Unity was launched with the -noUpm command-line argument
[Package Manager] Unable to send message (not connected to server process).
[Package Manager] Cannot connect to Unity Package Manager local server
[MODES] ModeService[none].Initialize
[MODES] ModeService[none].LoadModes
Mono: successfully reloaded assembly
- Finished resetting the current domain, in  0.770 seconds
Domain Reload Profiling: 4508ms
	BeginReloadAssembly (708ms)
		ExecutionOrderSort (0ms)
		DisableScriptedObjects (45ms)
		BackupInstance (0ms)
		ReleaseScriptingObjects (0ms)
		CreateAndSetChildDomain (84ms)
	RebuildCommonClasses (202ms)
	RebuildNativeTypeToScriptingClass (23ms)
	initialDomainReloadingComplete (39ms)
	LoadAllAssembliesAndSetupDomain (2765ms)
		LoadAssemblies (3074ms)
		RebuildTransferFunctionScriptingTraits (0ms)
		AnalyzeDomain (187ms)
			TypeCache.Refresh (7ms)
				TypeCache.ScanAssembly (0ms)
			BuildScriptInfoCaches (165ms)
			ResolveRequiredComponents (10ms)
	FinalizeReload (771ms)
		ReleaseScriptCaches (0ms)
		RebuildScriptCaches (0ms)
		SetupLoadedEditorAssemblies (587ms)
			LogAssemblyErrors (0ms)
			InitializePlatformSupportModulesInManaged (2ms)
			SetLoadedEditorAssemblies (3ms)
			BeforeProcessingInitializeOnLoad (128ms)
			ProcessInitializeOnLoadAttributes (338ms)
			ProcessInitializeOnLoadMethodAttributes (109ms)
			AfterProcessingInitializeOnLoad (7ms)
			EditorAssembliesLoaded (0ms)
		ExecutionOrderSort2 (0ms)
		AwakeInstancesAfterBackupRestoration (22ms)
Refreshing native plugins compatible for Editor in 0.45 ms, found 2 plugins.
Preloading 0 native plugins for Editor in 0.00 ms.
Unloading 15 Unused Serialized files (Serialized files now loaded: 0)
Unloading 4463 unused Assets / (3.7 MB). Loaded Objects now: 5505.
Memory consumption went from 133.7 MB to 129.9 MB.
Total: 9.248600 ms (FindLiveObjects: 0.812700 ms CreateObjectMapping: 0.660600 ms MarkObjects: 5.537500 ms  DeleteObjects: 2.236300 ms)

Prepare: number of updated asset objects reloaded= 0
========================================================================
Received Prepare
ETC Legacy compression has been deprecated and will be removed in a future release. You can review compressors in "Project Settings > Editor > Texture Compressors".
Begin MonoManager ReloadAssembly
[Licensing::Client] Successfully resolved entitlement details
[Licensing::Module] License group:
  Id: F4-S6VB-6VNM-MCA7-YRJZ-XXXX
  Product: Unity Personal
  Type: ULF
  Expiration: Unlimited
[Licensing::Module] License group:
  Id: 11270200047816-UnityPersXXXX
  Product: Unity Personal
  Type: Assigned
  Expiration: Unlimited
- Loaded All Assemblies, in  0.711 seconds
Refreshing native plugins compatible for Editor in 0.32 ms, found 2 plugins.
Native extension for WindowsStandalone target not found
[Package Manager] Failed to launch server process. Reason: Unity was launched with the -noUpm command-line argument
[Package Manager] Unable to send message (not connected to server process).
[Package Manager] Cannot connect to Unity Package Manager local server
[MODES] ModeService[none].Initialize
[MODES] ModeService[none].LoadModes
Mono: successfully reloaded assembly
- Finished resetting the current domain, in  0.773 seconds
Domain Reload Profiling: 1485ms
	BeginReloadAssembly (222ms)
		ExecutionOrderSort (0ms)
		DisableScriptedObjects (7ms)
		BackupInstance (0ms)
		ReleaseScriptingObjects (0ms)
		CreateAndSetChildDomain (46ms)
	RebuildCommonClasses (41ms)
	RebuildNativeTypeToScriptingClass (14ms)
	initialDomainReloadingComplete (29ms)
	LoadAllAssembliesAndSetupDomain (406ms)
		LoadAssemblies (340ms)
		RebuildTransferFunctionScriptingTraits (0ms)
		AnalyzeDomain (169ms)
			TypeCache.Refresh (7ms)
				TypeCache.ScanAssembly (0ms)
			BuildScriptInfoCaches (150ms)
			ResolveRequiredComponents (9ms)
	FinalizeReload (773ms)
		ReleaseScriptCaches (0ms)
		RebuildScriptCaches (0ms)
		SetupLoadedEditorAssemblies (599ms)
			LogAssemblyErrors (0ms)
			InitializePlatformSupportModulesInManaged (2ms)
			SetLoadedEditorAssemblies (4ms)
			BeforeProcessingInitializeOnLoad (116ms)
			ProcessInitializeOnLoadAttributes (359ms)
			ProcessInitializeOnLoadMethodAttributes (110ms)
			AfterProcessingInitializeOnLoad (6ms)
			EditorAssembliesLoaded (0ms)
		ExecutionOrderSort2 (0ms)
		AwakeInstancesAfterBackupRestoration (20ms)
Refreshing native plugins compatible for Editor in 0.33 ms, found 2 plugins.
Preloading 0 native plugins for Editor in 0.00 ms.
Unloading 15 Unused Serialized files (Serialized files now loaded: 0)
Unloading 4461 unused Assets / (3.6 MB). Loaded Objects now: 5508.
Memory consumption went from 133.5 MB to 130.0 MB.
Total: 9.689500 ms (FindLiveObjects: 0.900300 ms CreateObjectMapping: 0.765000 ms MarkObjects: 6.103100 ms  DeleteObjects: 1.919000 ms)

Prepare: number of updated asset objects reloaded= 0
========================================================================
Received Prepare
ETC Legacy compression has been deprecated and will be removed in a future release. You can review compressors in "Project Settings > Editor > Texture Compressors".
Begin MonoManager ReloadAssembly
[Licensing::Client] Successfully resolved entitlement details
[Licensing::Module] License group:
  Id: F4-S6VB-6VNM-MCA7-YRJZ-XXXX
  Product: Unity Personal
  Type: ULF
  Expiration: Unlimited
[Licensing::Module] License group:
  Id: 11270200047816-UnityPersXXXX
  Product: Unity Personal
  Type: Assigned
  Expiration: Unlimited
- Loaded All Assemblies, in  0.825 seconds
Refreshing native plugins compatible for Editor in 0.33 ms, found 2 plugins.
Native extension for WindowsStandalone target not found
[Package Manager] Failed to launch server process. Reason: Unity was launched with the -noUpm command-line argument
[Package Manager] Unable to send message (not connected to server process).
[Package Manager] Cannot connect to Unity Package Manager local server
[MODES] ModeService[none].Initialize
[MODES] ModeService[none].LoadModes
Mono: successfully reloaded assembly
- Finished resetting the current domain, in  0.800 seconds
Domain Reload Profiling: 1626ms
	BeginReloadAssembly (298ms)
		ExecutionOrderSort (0ms)
		DisableScriptedObjects (8ms)
		BackupInstance (0ms)
		ReleaseScriptingObjects (0ms)
		CreateAndSetChildDomain (49ms)
	RebuildCommonClasses (75ms)
	RebuildNativeTypeToScriptingClass (17ms)
	initialDomainReloadingComplete (34ms)
	LoadAllAssembliesAndSetupDomain (401ms)
		LoadAssemblies (415ms)
		RebuildTransferFunctionScriptingTraits (0ms)
		AnalyzeDomain (161ms)
			TypeCache.Refresh (7ms)
				TypeCache.ScanAssembly (0ms)
			BuildScriptInfoCaches (141ms)
			ResolveRequiredComponents (9ms)
	FinalizeReload (801ms)
		ReleaseScriptCaches (0ms)
		RebuildScriptCaches (0ms)
		SetupLoadedEditorAssemblies (625ms)
			LogAssemblyErrors (0ms)
			InitializePlatformSupportModulesInManaged (2ms)
			SetLoadedEditorAssemblies (3ms)
			BeforeProcessingInitializeOnLoad (112ms)
			ProcessInitializeOnLoadAttributes (371ms)
			ProcessInitializeOnLoadMethodAttributes (127ms)
			AfterProcessingInitializeOnLoad (9ms)
			EditorAssembliesLoaded (1ms)
		ExecutionOrderSort2 (0ms)
		AwakeInstancesAfterBackupRestoration (27ms)
Refreshing native plugins compatible for Editor in 0.47 ms, found 2 plugins.
Preloading 0 native plugins for Editor in 0.00 ms.
Unloading 15 Unused Serialized files (Serialized files now loaded: 0)
Unloading 4461 unused Assets / (4.4 MB). Loaded Objects now: 5511.
Memory consumption went from 133.6 MB to 129.1 MB.
Total: 12.220400 ms (FindLiveObjects: 0.942000 ms CreateObjectMapping: 1.012900 ms MarkObjects: 6.742500 ms  DeleteObjects: 3.520700 ms)

Prepare: number of updated asset objects reloaded= 0
========================================================================
Received Import Request.
  Time since last request: 450.624893 seconds.
  path: Assets/Resources/T.prefab
  artifactKey: Guid(9336f9799086c48969588c424eb4260e) Importer(815301076,1909f56bfc062723c751e8b465ee728b)
Start importing Assets/Resources/T.prefab using Guid(9336f9799086c48969588c424eb4260e) Importer(815301076,1909f56bfc062723c751e8b465ee728b) (PreviewImporter) -> (artifact id: '72b9efdf4cb9f688d9d1ff0be2abd0f3') in 0.5161155 seconds
Number of updated asset objects reloaded before import = 0Number of asset objects unloaded after import = 41

========================================================================
Received Import Request.
  Time since last request: 24.839935 seconds.
  path: Assets/Resources/I.prefab
  artifactKey: Guid(af89d980ec7414879ac32890d324f7db) Importer(815301076,1909f56bfc062723c751e8b465ee728b)
Start importing Assets/Resources/I.prefab using Guid(af89d980ec7414879ac32890d324f7db) Importer(815301076,1909f56bfc062723c751e8b465ee728b) (PreviewImporter) -> (artifact id: '6e6c9b882a74b93735ad507296ed0223') in 0.0588448 seconds
Number of updated asset objects reloaded before import = 0Number of asset objects unloaded after import = 40

========================================================================
Received Import Request.
  Time since last request: 0.250751 seconds.
  path: Assets/Resources/I.prefab
  artifactKey: Guid(af89d980ec7414879ac32890d324f7db) Importer(815301076,1909f56bfc062723c751e8b465ee728b)
Start importing Assets/Resources/I.prefab using Guid(af89d980ec7414879ac32890d324f7db) Importer(815301076,1909f56bfc062723c751e8b465ee728b) (PreviewImporter) -> (artifact id: 'c39e5203e493cc792551d7c02601249e') in 0.0112025 seconds
Number of updated asset objects reloaded before import = 0Number of asset objects unloaded after import = 40

========================================================================
Received Import Request.
  Time since last request: 0.582006 seconds.
  path: Assets/Resources/I.prefab
  artifactKey: Guid(af89d980ec7414879ac32890d324f7db) Importer(815301076,1909f56bfc062723c751e8b465ee728b)
Start importing Assets/Resources/I.prefab using Guid(af89d980ec7414879ac32890d324f7db) Importer(815301076,1909f56bfc062723c751e8b465ee728b) (PreviewImporter) -> (artifact id: '173c3005c5ea9b13c775aa9ba896e09b') in 0.0149038 seconds
Number of updated asset objects reloaded before import = 0Number of asset objects unloaded after import = 40

========================================================================
Received Import Request.
  Time since last request: 0.342629 seconds.
  path: Assets/Resources/I.prefab
  artifactKey: Guid(af89d980ec7414879ac32890d324f7db) Importer(815301076,1909f56bfc062723c751e8b465ee728b)
Start importing Assets/Resources/I.prefab using Guid(af89d980ec7414879ac32890d324f7db) Importer(815301076,1909f56bfc062723c751e8b465ee728b) (PreviewImporter) -> (artifact id: 'b5ac261b1ebc2c0dcee3645900c80b0a') in 0.2766319 seconds
Number of updated asset objects reloaded before import = 0Number of asset objects unloaded after import = 40

========================================================================
Received Import Request.
  Time since last request: 3.090006 seconds.
  path: Assets/Resources/L.prefab
  artifactKey: Guid(c81f39e67f02749b6808603b77033943) Importer(815301076,1909f56bfc062723c751e8b465ee728b)
Start importing Assets/Resources/L.prefab using Guid(c81f39e67f02749b6808603b77033943) Importer(815301076,1909f56bfc062723c751e8b465ee728b) (PreviewImporter) -> (artifact id: '46f62ce84add65f038d40671339b8638') in 0.0108094 seconds
Number of updated asset objects reloaded before import = 0Number of asset objects unloaded after import = 39

========================================================================
Received Import Request.
  Time since last request: 0.322620 seconds.
  path: Assets/Resources/L.prefab
  artifactKey: Guid(c81f39e67f02749b6808603b77033943) Importer(815301076,1909f56bfc062723c751e8b465ee728b)
Start importing Assets/Resources/L.prefab using Guid(c81f39e67f02749b6808603b77033943) Importer(815301076,1909f56bfc062723c751e8b465ee728b) (PreviewImporter) -> (artifact id: '9405850974594bdd195a1b59ccc4a924') in 0.01054 seconds
Number of updated asset objects reloaded before import = 0Number of asset objects unloaded after import = 39

========================================================================
Received Import Request.
  Time since last request: 0.428736 seconds.
  path: Assets/Resources/L.prefab
  artifactKey: Guid(c81f39e67f02749b6808603b77033943) Importer(815301076,1909f56bfc062723c751e8b465ee728b)
Start importing Assets/Resources/L.prefab using Guid(c81f39e67f02749b6808603b77033943) Importer(815301076,1909f56bfc062723c751e8b465ee728b) (PreviewImporter) -> (artifact id: 'c6b5ecaf26d4e9499d4188035a314b57') in 0.0774161 seconds
Number of updated asset objects reloaded before import = 0Number of asset objects unloaded after import = 39

========================================================================
Received Import Request.
  Time since last request: 0.277194 seconds.
  path: Assets/Resources/L.prefab
  artifactKey: Guid(c81f39e67f02749b6808603b77033943) Importer(815301076,1909f56bfc062723c751e8b465ee728b)
Start importing Assets/Resources/L.prefab using Guid(c81f39e67f02749b6808603b77033943) Importer(815301076,1909f56bfc062723c751e8b465ee728b) (PreviewImporter) -> (artifact id: '8d3175aa54026c6b37228e6aa69d24d7') in 0.0108587 seconds
Number of updated asset objects reloaded before import = 0Number of asset objects unloaded after import = 39

========================================================================
Received Prepare
ETC Legacy compression has been deprecated and will be removed in a future release. You can review compressors in "Project Settings > Editor > Texture Compressors".
Begin MonoManager ReloadAssembly
[Licensing::Client] Successfully resolved entitlement details
[Licensing::Module] License group:
  Id: F4-S6VB-6VNM-MCA7-YRJZ-XXXX
  Product: Unity Personal
  Type: ULF
  Expiration: Unlimited
[Licensing::Module] License group:
  Id: 11270200047816-UnityPersXXXX
  Product: Unity Personal
  Type: Assigned
  Expiration: Unlimited
- Loaded All Assemblies, in  0.785 seconds
Refreshing native plugins compatible for Editor in 0.49 ms, found 2 plugins.
Native extension for WindowsStandalone target not found
[Package Manager] Failed to launch server process. Reason: Unity was launched with the -noUpm command-line argument
[Package Manager] Unable to send message (not connected to server process).
[Package Manager] Cannot connect to Unity Package Manager local server
[MODES] ModeService[none].Initialize
[MODES] ModeService[none].LoadModes
Mono: successfully reloaded assembly
- Finished resetting the current domain, in  0.879 seconds
Domain Reload Profiling: 1664ms
	BeginReloadAssembly (279ms)
		ExecutionOrderSort (0ms)
		DisableScriptedObjects (32ms)
		BackupInstance (0ms)
		ReleaseScriptingObjects (0ms)
		CreateAndSetChildDomain (72ms)
	RebuildCommonClasses (42ms)
	RebuildNativeTypeToScriptingClass (15ms)
	initialDomainReloadingComplete (36ms)
	LoadAllAssembliesAndSetupDomain (413ms)
		LoadAssemblies (346ms)
		RebuildTransferFunctionScriptingTraits (0ms)
		AnalyzeDomain (176ms)
			TypeCache.Refresh (6ms)
				TypeCache.ScanAssembly (0ms)
			BuildScriptInfoCaches (152ms)
			ResolveRequiredComponents (14ms)
	FinalizeReload (879ms)
		ReleaseScriptCaches (0ms)
		RebuildScriptCaches (0ms)
		SetupLoadedEditorAssemblies (670ms)
			LogAssemblyErrors (0ms)
			InitializePlatformSupportModulesInManaged (2ms)
			SetLoadedEditorAssemblies (3ms)
			BeforeProcessingInitializeOnLoad (142ms)
			ProcessInitializeOnLoadAttributes (387ms)
			ProcessInitializeOnLoadMethodAttributes (130ms)
			AfterProcessingInitializeOnLoad (5ms)
			EditorAssembliesLoaded (0ms)
		ExecutionOrderSort2 (0ms)
		AwakeInstancesAfterBackupRestoration (30ms)
Refreshing native plugins compatible for Editor in 0.28 ms, found 2 plugins.
Preloading 0 native plugins for Editor in 0.00 ms.
Unloading 15 Unused Serialized files (Serialized files now loaded: 0)
Unloading 4463 unused Assets / (4.1 MB). Loaded Objects now: 5534.
Memory consumption went from 133.8 MB to 129.7 MB.
Total: 8.971300 ms (FindLiveObjects: 0.670500 ms CreateObjectMapping: 0.596200 ms MarkObjects: 5.583400 ms  DeleteObjects: 2.119100 ms)

Prepare: number of updated asset objects reloaded= 0
========================================================================
Received Prepare
ETC Legacy compression has been deprecated and will be removed in a future release. You can review compressors in "Project Settings > Editor > Texture Compressors".
Begin MonoManager ReloadAssembly
[Licensing::Client] Successfully resolved entitlement details
[Licensing::Module] License group:
  Id: F4-S6VB-6VNM-MCA7-YRJZ-XXXX
  Product: Unity Personal
  Type: ULF
  Expiration: Unlimited
[Licensing::Module] License group:
  Id: 11270200047816-UnityPersXXXX
  Product: Unity Personal
  Type: Assigned
  Expiration: Unlimited
- Loaded All Assemblies, in  0.728 seconds
Refreshing native plugins compatible for Editor in 0.25 ms, found 2 plugins.
Native extension for WindowsStandalone target not found
[Package Manager] Failed to launch server process. Reason: Unity was launched with the -noUpm command-line argument
[Package Manager] Unable to send message (not connected to server process).
[Package Manager] Cannot connect to Unity Package Manager local server
[MODES] ModeService[none].Initialize
[MODES] ModeService[none].LoadModes
Mono: successfully reloaded assembly
- Finished resetting the current domain, in  0.779 seconds
Domain Reload Profiling: 1507ms
	BeginReloadAssembly (241ms)
		ExecutionOrderSort (0ms)
		DisableScriptedObjects (9ms)
		BackupInstance (0ms)
		ReleaseScriptingObjects (0ms)
		CreateAndSetChildDomain (49ms)
	RebuildCommonClasses (46ms)
	RebuildNativeTypeToScriptingClass (21ms)
	initialDomainReloadingComplete (37ms)
	LoadAllAssembliesAndSetupDomain (382ms)
		LoadAssemblies (332ms)
		RebuildTransferFunctionScriptingTraits (0ms)
		AnalyzeDomain (160ms)
			TypeCache.Refresh (8ms)
				TypeCache.ScanAssembly (0ms)
			BuildScriptInfoCaches (139ms)
			ResolveRequiredComponents (10ms)
	FinalizeReload (780ms)
		ReleaseScriptCaches (0ms)
		RebuildScriptCaches (0ms)
		SetupLoadedEditorAssemblies (596ms)
			LogAssemblyErrors (0ms)
			InitializePlatformSupportModulesInManaged (3ms)
			SetLoadedEditorAssemblies (5ms)
			BeforeProcessingInitializeOnLoad (123ms)
			ProcessInitializeOnLoadAttributes (344ms)
			ProcessInitializeOnLoadMethodAttributes (117ms)
			AfterProcessingInitializeOnLoad (5ms)
			EditorAssembliesLoaded (0ms)
		ExecutionOrderSort2 (0ms)
		AwakeInstancesAfterBackupRestoration (25ms)
Refreshing native plugins compatible for Editor in 0.47 ms, found 2 plugins.
Preloading 0 native plugins for Editor in 0.00 ms.
Unloading 15 Unused Serialized files (Serialized files now loaded: 0)
Unloading 4461 unused Assets / (4.1 MB). Loaded Objects now: 5537.
Memory consumption went from 133.7 MB to 129.5 MB.
Total: 10.806200 ms (FindLiveObjects: 1.285500 ms CreateObjectMapping: 1.024000 ms MarkObjects: 5.608800 ms  DeleteObjects: 2.885400 ms)

Prepare: number of updated asset objects reloaded= 0
========================================================================
Received Prepare
ETC Legacy compression has been deprecated and will be removed in a future release. You can review compressors in "Project Settings > Editor > Texture Compressors".
Refreshing native plugins compatible for Editor in 0.33 ms, found 2 plugins.
Preloading 0 native plugins for Editor in 0.00 ms.
Unloading 15 Unused Serialized files (Serialized files now loaded: 0)
Unloading 4458 unused Assets / (4.0 MB). Loaded Objects now: 5537.
Memory consumption went from 133.9 MB to 129.9 MB.
Total: 8.748500 ms (FindLiveObjects: 0.665300 ms CreateObjectMapping: 0.344600 ms MarkObjects: 5.622800 ms  DeleteObjects: 2.114000 ms)

Prepare: number of updated asset objects reloaded= 0
========================================================================
Received Prepare
ETC Legacy compression has been deprecated and will be removed in a future release. You can review compressors in "Project Settings > Editor > Texture Compressors".
Refreshing native plugins compatible for Editor in 0.33 ms, found 2 plugins.
Preloading 0 native plugins for Editor in 0.00 ms.
Unloading 15 Unused Serialized files (Serialized files now loaded: 0)
Unloading 4458 unused Assets / (4.2 MB). Loaded Objects now: 5537.
Memory consumption went from 133.9 MB to 129.7 MB.
Total: 10.474200 ms (FindLiveObjects: 0.816500 ms CreateObjectMapping: 0.749600 ms MarkObjects: 6.192900 ms  DeleteObjects: 2.713700 ms)

Prepare: number of updated asset objects reloaded= 0
========================================================================
Received Prepare
ETC Legacy compression has been deprecated and will be removed in a future release. You can review compressors in "Project Settings > Editor > Texture Compressors".
Begin MonoManager ReloadAssembly
[Licensing::Client] Successfully resolved entitlement details
[Licensing::Module] License group:
  Id: F4-S6VB-6VNM-MCA7-YRJZ-XXXX
  Product: Unity Personal
  Type: ULF
  Expiration: Unlimited
[Licensing::Module] License group:
  Id: 11270200047816-UnityPersXXXX
  Product: Unity Personal
  Type: Assigned
  Expiration: Unlimited
- Loaded All Assemblies, in  0.731 seconds
Refreshing native plugins compatible for Editor in 0.27 ms, found 2 plugins.
Native extension for WindowsStandalone target not found
[Package Manager] Failed to launch server process. Reason: Unity was launched with the -noUpm command-line argument
[Package Manager] Unable to send message (not connected to server process).
[Package Manager] Cannot connect to Unity Package Manager local server
[MODES] ModeService[none].Initialize
[MODES] ModeService[none].LoadModes
Mono: successfully reloaded assembly
- Finished resetting the current domain, in  0.793 seconds
Domain Reload Profiling: 1530ms
	BeginReloadAssembly (235ms)
		ExecutionOrderSort (0ms)
		DisableScriptedObjects (7ms)
		BackupInstance (0ms)
		ReleaseScriptingObjects (0ms)
		CreateAndSetChildDomain (52ms)
	RebuildCommonClasses (44ms)
	RebuildNativeTypeToScriptingClass (15ms)
	initialDomainReloadingComplete (32ms)
	LoadAllAssembliesAndSetupDomain (410ms)
		LoadAssemblies (318ms)
		RebuildTransferFunctionScriptingTraits (0ms)
		AnalyzeDomain (189ms)
			TypeCache.Refresh (9ms)
				TypeCache.ScanAssembly (0ms)
			BuildScriptInfoCaches (153ms)
			ResolveRequiredComponents (20ms)
	FinalizeReload (793ms)
		ReleaseScriptCaches (0ms)
		RebuildScriptCaches (0ms)
		SetupLoadedEditorAssemblies (629ms)
			LogAssemblyErrors (0ms)
			InitializePlatformSupportModulesInManaged (2ms)
			SetLoadedEditorAssemblies (5ms)
			BeforeProcessingInitializeOnLoad (124ms)
			ProcessInitializeOnLoadAttributes (384ms)
			ProcessInitializeOnLoadMethodAttributes (108ms)
			AfterProcessingInitializeOnLoad (5ms)
			EditorAssembliesLoaded (0ms)
		ExecutionOrderSort2 (0ms)
		AwakeInstancesAfterBackupRestoration (21ms)
Refreshing native plugins compatible for Editor in 0.32 ms, found 2 plugins.
Preloading 0 native plugins for Editor in 0.00 ms.
Unloading 15 Unused Serialized files (Serialized files now loaded: 0)
Unloading 4461 unused Assets / (4.0 MB). Loaded Objects now: 5540.
Memory consumption went from 133.7 MB to 129.8 MB.
Total: 9.987500 ms (FindLiveObjects: 0.688800 ms CreateObjectMapping: 0.526300 ms MarkObjects: 6.410000 ms  DeleteObjects: 2.360700 ms)

Prepare: number of updated asset objects reloaded= 0
========================================================================
Received Prepare
ETC Legacy compression has been deprecated and will be removed in a future release. You can review compressors in "Project Settings > Editor > Texture Compressors".
Refreshing native plugins compatible for Editor in 0.31 ms, found 2 plugins.
Preloading 0 native plugins for Editor in 0.00 ms.
Unloading 15 Unused Serialized files (Serialized files now loaded: 0)
Unloading 4458 unused Assets / (4.3 MB). Loaded Objects now: 5540.
Memory consumption went from 133.9 MB to 129.7 MB.
Total: 12.351300 ms (FindLiveObjects: 0.929200 ms CreateObjectMapping: 0.771400 ms MarkObjects: 6.858900 ms  DeleteObjects: 3.789700 ms)

Prepare: number of updated asset objects reloaded= 0
========================================================================
Received Prepare
ETC Legacy compression has been deprecated and will be removed in a future release. You can review compressors in "Project Settings > Editor > Texture Compressors".
Begin MonoManager ReloadAssembly
- Loaded All Assemblies, in  0.789 seconds
Refreshing native plugins compatible for Editor in 0.26 ms, found 2 plugins.
Native extension for WindowsStandalone target not found
[Package Manager] Failed to launch server process. Reason: Unity was launched with the -noUpm command-line argument
[Package Manager] Unable to send message (not connected to server process).
[Package Manager] Cannot connect to Unity Package Manager local server
[MODES] ModeService[none].Initialize
[MODES] ModeService[none].LoadModes
Mono: successfully reloaded assembly
- Finished resetting the current domain, in  0.833 seconds
Domain Reload Profiling: 1623ms
	BeginReloadAssembly (248ms)
		ExecutionOrderSort (0ms)
		DisableScriptedObjects (10ms)
		BackupInstance (0ms)
		ReleaseScriptingObjects (0ms)
		CreateAndSetChildDomain (53ms)
	RebuildCommonClasses (46ms)
	RebuildNativeTypeToScriptingClass (19ms)
	initialDomainReloadingComplete (31ms)
	LoadAllAssembliesAndSetupDomain (445ms)
		LoadAssemblies (370ms)
		RebuildTransferFunctionScriptingTraits (0ms)
		AnalyzeDomain (193ms)
			TypeCache.Refresh (9ms)
				TypeCache.ScanAssembly (0ms)
			BuildScriptInfoCaches (160ms)
			ResolveRequiredComponents (19ms)
	FinalizeReload (834ms)
		ReleaseScriptCaches (0ms)
		RebuildScriptCaches (0ms)
		SetupLoadedEditorAssemblies (640ms)
			LogAssemblyErrors (0ms)
			InitializePlatformSupportModulesInManaged (2ms)
			SetLoadedEditorAssemblies (4ms)
			BeforeProcessingInitializeOnLoad (129ms)
			ProcessInitializeOnLoadAttributes (364ms)
			ProcessInitializeOnLoadMethodAttributes (134ms)
			AfterProcessingInitializeOnLoad (6ms)
			EditorAssembliesLoaded (0ms)
		ExecutionOrderSort2 (0ms)
		AwakeInstancesAfterBackupRestoration (24ms)
Refreshing native plugins compatible for Editor in 0.32 ms, found 2 plugins.
Preloading 0 native plugins for Editor in 0.00 ms.
Unloading 15 Unused Serialized files (Serialized files now loaded: 0)
Unloading 4461 unused Assets / (4.0 MB). Loaded Objects now: 5543.
Memory consumption went from 133.7 MB to 129.8 MB.
Total: 9.152800 ms (FindLiveObjects: 0.693400 ms CreateObjectMapping: 0.556900 ms MarkObjects: 5.688600 ms  DeleteObjects: 2.212200 ms)

Prepare: number of updated asset objects reloaded= 0
========================================================================
Received Prepare
ETC Legacy compression has been deprecated and will be removed in a future release. You can review compressors in "Project Settings > Editor > Texture Compressors".
Begin MonoManager ReloadAssembly
- Loaded All Assemblies, in  0.700 seconds
Refreshing native plugins compatible for Editor in 0.32 ms, found 2 plugins.
Native extension for WindowsStandalone target not found
[Package Manager] Failed to launch server process. Reason: Unity was launched with the -noUpm command-line argument
[Package Manager] Unable to send message (not connected to server process).
[Package Manager] Cannot connect to Unity Package Manager local server
[MODES] ModeService[none].Initialize
[MODES] ModeService[none].LoadModes
Mono: successfully reloaded assembly
- Finished resetting the current domain, in  0.761 seconds
Domain Reload Profiling: 1461ms
	BeginReloadAssembly (216ms)
		ExecutionOrderSort (0ms)
		DisableScriptedObjects (7ms)
		BackupInstance (0ms)
		ReleaseScriptingObjects (0ms)
		CreateAndSetChildDomain (48ms)
	RebuildCommonClasses (40ms)
	RebuildNativeTypeToScriptingClass (15ms)
	initialDomainReloadingComplete (28ms)
	LoadAllAssembliesAndSetupDomain (401ms)
		LoadAssemblies (328ms)
		RebuildTransferFunctionScriptingTraits (0ms)
		AnalyzeDomain (173ms)
			TypeCache.Refresh (7ms)
				TypeCache.ScanAssembly (0ms)
			BuildScriptInfoCaches (153ms)
			ResolveRequiredComponents (10ms)
	FinalizeReload (761ms)
		ReleaseScriptCaches (0ms)
		RebuildScriptCaches (0ms)
		SetupLoadedEditorAssemblies (572ms)
			LogAssemblyErrors (0ms)
			InitializePlatformSupportModulesInManaged (2ms)
			SetLoadedEditorAssemblies (5ms)
			BeforeProcessingInitializeOnLoad (123ms)
			ProcessInitializeOnLoadAttributes (328ms)
			ProcessInitializeOnLoadMethodAttributes (108ms)
			AfterProcessingInitializeOnLoad (5ms)
			EditorAssembliesLoaded (0ms)
		ExecutionOrderSort2 (0ms)
		AwakeInstancesAfterBackupRestoration (20ms)
Refreshing native plugins compatible for Editor in 0.47 ms, found 2 plugins.
Preloading 0 native plugins for Editor in 0.00 ms.
Unloading 15 Unused Serialized files (Serialized files now loaded: 0)
Unloading 4461 unused Assets / (4.0 MB). Loaded Objects now: 5546.
Memory consumption went from 133.8 MB to 129.8 MB.
Total: 8.901600 ms (FindLiveObjects: 0.729600 ms CreateObjectMapping: 0.544400 ms MarkObjects: 5.184800 ms  DeleteObjects: 2.440900 ms)

Prepare: number of updated asset objects reloaded= 0
========================================================================
Received Prepare
ETC Legacy compression has been deprecated and will be removed in a future release. You can review compressors in "Project Settings > Editor > Texture Compressors".
Refreshing native plugins compatible for Editor in 0.45 ms, found 2 plugins.
Preloading 0 native plugins for Editor in 0.00 ms.
Unloading 15 Unused Serialized files (Serialized files now loaded: 0)
Unloading 4458 unused Assets / (3.8 MB). Loaded Objects now: 5546.
Memory consumption went from 134.0 MB to 130.2 MB.
Total: 11.908300 ms (FindLiveObjects: 1.010900 ms CreateObjectMapping: 0.876300 ms MarkObjects: 6.711800 ms  DeleteObjects: 3.306800 ms)

Prepare: number of updated asset objects reloaded= 0
========================================================================
Received Prepare
ETC Legacy compression has been deprecated and will be removed in a future release. You can review compressors in "Project Settings > Editor > Texture Compressors".
Begin MonoManager ReloadAssembly
- Loaded All Assemblies, in  0.878 seconds
Refreshing native plugins compatible for Editor in 0.36 ms, found 2 plugins.
Native extension for WindowsStandalone target not found
[Package Manager] Failed to launch server process. Reason: Unity was launched with the -noUpm command-line argument
[Package Manager] Unable to send message (not connected to server process).
[Package Manager] Cannot connect to Unity Package Manager local server
[MODES] ModeService[none].Initialize
[MODES] ModeService[none].LoadModes
Mono: successfully reloaded assembly
- Finished resetting the current domain, in  0.837 seconds
Domain Reload Profiling: 1714ms
	BeginReloadAssembly (224ms)
		ExecutionOrderSort (0ms)
		DisableScriptedObjects (6ms)
		BackupInstance (0ms)
		ReleaseScriptingObjects (0ms)
		CreateAndSetChildDomain (47ms)
	RebuildCommonClasses (44ms)
	RebuildNativeTypeToScriptingClass (17ms)
	initialDomainReloadingComplete (35ms)
	LoadAllAssembliesAndSetupDomain (557ms)
		LoadAssemblies (374ms)
		RebuildTransferFunctionScriptingTraits (0ms)
		AnalyzeDomain (287ms)
			TypeCache.Refresh (14ms)
				TypeCache.ScanAssembly (0ms)
			BuildScriptInfoCaches (248ms)
			ResolveRequiredComponents (20ms)
	FinalizeReload (837ms)
		ReleaseScriptCaches (0ms)
		RebuildScriptCaches (0ms)
		SetupLoadedEditorAssemblies (647ms)
			LogAssemblyErrors (0ms)
			InitializePlatformSupportModulesInManaged (3ms)
			SetLoadedEditorAssemblies (4ms)
			BeforeProcessingInitializeOnLoad (128ms)
			ProcessInitializeOnLoadAttributes (393ms)
			ProcessInitializeOnLoadMethodAttributes (111ms)
			AfterProcessingInitializeOnLoad (8ms)
			EditorAssembliesLoaded (0ms)
		ExecutionOrderSort2 (0ms)
		AwakeInstancesAfterBackupRestoration (25ms)
Refreshing native plugins compatible for Editor in 0.28 ms, found 2 plugins.
Preloading 0 native plugins for Editor in 0.00 ms.
Unloading 15 Unused Serialized files (Serialized files now loaded: 0)
Unloading 4461 unused Assets / (4.0 MB). Loaded Objects now: 5549.
Memory consumption went from 133.9 MB to 129.8 MB.
Total: 8.483800 ms (FindLiveObjects: 0.682000 ms CreateObjectMapping: 0.585100 ms MarkObjects: 5.090900 ms  DeleteObjects: 2.123800 ms)

Prepare: number of updated asset objects reloaded= 0
========================================================================
Received Prepare
ETC Legacy compression has been deprecated and will be removed in a future release. You can review compressors in "Project Settings > Editor > Texture Compressors".
Refreshing native plugins compatible for Editor in 0.32 ms, found 2 plugins.
Preloading 0 native plugins for Editor in 0.00 ms.
Unloading 15 Unused Serialized files (Serialized files now loaded: 0)
Unloading 4458 unused Assets / (4.0 MB). Loaded Objects now: 5549.
Memory consumption went from 134.1 MB to 130.1 MB.
Total: 9.018200 ms (FindLiveObjects: 0.730500 ms CreateObjectMapping: 0.363700 ms MarkObjects: 5.653400 ms  DeleteObjects: 2.268800 ms)

Prepare: number of updated asset objects reloaded= 0
========================================================================
Received Prepare
ETC Legacy compression has been deprecated and will be removed in a future release. You can review compressors in "Project Settings > Editor > Texture Compressors".
Begin MonoManager ReloadAssembly
[Licensing::Client] Successfully resolved entitlement details
[Licensing::Module] License group:
  Id: F4-S6VB-6VNM-MCA7-YRJZ-XXXX
  Product: Unity Personal
  Type: ULF
  Expiration: Unlimited
[Licensing::Module] License group:
  Id: 11270200047816-UnityPersXXXX
  Product: Unity Personal
  Type: Assigned
  Expiration: Unlimited
- Loaded All Assemblies, in  0.811 seconds
Refreshing native plugins compatible for Editor in 0.32 ms, found 2 plugins.
Native extension for WindowsStandalone target not found
[Package Manager] Failed to launch server process. Reason: Unity was launched with the -noUpm command-line argument
[Package Manager] Unable to send message (not connected to server process).
[Package Manager] Cannot connect to Unity Package Manager local server
[MODES] ModeService[none].Initialize
[MODES] ModeService[none].LoadModes
Mono: successfully reloaded assembly
- Finished resetting the current domain, in  0.847 seconds
Domain Reload Profiling: 1660ms
	BeginReloadAssembly (301ms)
		ExecutionOrderSort (0ms)
		DisableScriptedObjects (7ms)
		BackupInstance (0ms)
		ReleaseScriptingObjects (0ms)
		CreateAndSetChildDomain (62ms)
	RebuildCommonClasses (54ms)
	RebuildNativeTypeToScriptingClass (15ms)
	initialDomainReloadingComplete (36ms)
	LoadAllAssembliesAndSetupDomain (406ms)
		LoadAssemblies (349ms)
		RebuildTransferFunctionScriptingTraits (0ms)
		AnalyzeDomain (172ms)
			TypeCache.Refresh (9ms)
				TypeCache.ScanAssembly (0ms)
			BuildScriptInfoCaches (149ms)
			ResolveRequiredComponents (10ms)
	FinalizeReload (848ms)
		ReleaseScriptCaches (0ms)
		RebuildScriptCaches (0ms)
		SetupLoadedEditorAssemblies (652ms)
			LogAssemblyErrors (0ms)
			InitializePlatformSupportModulesInManaged (3ms)
			SetLoadedEditorAssemblies (4ms)
			BeforeProcessingInitializeOnLoad (126ms)
			ProcessInitializeOnLoadAttributes (391ms)
			ProcessInitializeOnLoadMethodAttributes (123ms)
			AfterProcessingInitializeOnLoad (6ms)
			EditorAssembliesLoaded (0ms)
		ExecutionOrderSort2 (0ms)
		AwakeInstancesAfterBackupRestoration (21ms)
Refreshing native plugins compatible for Editor in 0.37 ms, found 2 plugins.
Preloading 0 native plugins for Editor in 0.00 ms.
Unloading 15 Unused Serialized files (Serialized files now loaded: 0)
Unloading 4461 unused Assets / (4.2 MB). Loaded Objects now: 5552.
Memory consumption went from 133.9 MB to 129.8 MB.
Total: 9.480600 ms (FindLiveObjects: 0.780800 ms CreateObjectMapping: 0.659900 ms MarkObjects: 5.703400 ms  DeleteObjects: 2.334500 ms)

Prepare: number of updated asset objects reloaded= 0
========================================================================
Received Prepare
ETC Legacy compression has been deprecated and will be removed in a future release. You can review compressors in "Project Settings > Editor > Texture Compressors".
Begin MonoManager ReloadAssembly
- Loaded All Assemblies, in  0.688 seconds
Refreshing native plugins compatible for Editor in 0.29 ms, found 2 plugins.
Native extension for WindowsStandalone target not found
[Package Manager] Failed to launch server process. Reason: Unity was launched with the -noUpm command-line argument
[Package Manager] Unable to send message (not connected to server process).
[Package Manager] Cannot connect to Unity Package Manager local server
[MODES] ModeService[none].Initialize
[MODES] ModeService[none].LoadModes
Mono: successfully reloaded assembly
- Finished resetting the current domain, in  0.761 seconds
Domain Reload Profiling: 1450ms
	BeginReloadAssembly (210ms)
		ExecutionOrderSort (0ms)
		DisableScriptedObjects (6ms)
		BackupInstance (0ms)
		ReleaseScriptingObjects (0ms)
		CreateAndSetChildDomain (46ms)
	RebuildCommonClasses (42ms)
	RebuildNativeTypeToScriptingClass (15ms)
	initialDomainReloadingComplete (29ms)
	LoadAllAssembliesAndSetupDomain (392ms)
		LoadAssemblies (310ms)
		RebuildTransferFunctionScriptingTraits (0ms)
		AnalyzeDomain (179ms)
			TypeCache.Refresh (7ms)
				TypeCache.ScanAssembly (0ms)
			BuildScriptInfoCaches (159ms)
			ResolveRequiredComponents (10ms)
	FinalizeReload (762ms)
		ReleaseScriptCaches (0ms)
		RebuildScriptCaches (0ms)
		SetupLoadedEditorAssemblies (570ms)
			LogAssemblyErrors (0ms)
			InitializePlatformSupportModulesInManaged (2ms)
			SetLoadedEditorAssemblies (3ms)
			BeforeProcessingInitializeOnLoad (116ms)
			ProcessInitializeOnLoadAttributes (342ms)
			ProcessInitializeOnLoadMethodAttributes (102ms)
			AfterProcessingInitializeOnLoad (5ms)
			EditorAssembliesLoaded (0ms)
		ExecutionOrderSort2 (0ms)
		AwakeInstancesAfterBackupRestoration (21ms)
Refreshing native plugins compatible for Editor in 0.32 ms, found 2 plugins.
Preloading 0 native plugins for Editor in 0.00 ms.
Unloading 15 Unused Serialized files (Serialized files now loaded: 0)
Unloading 4461 unused Assets / (4.5 MB). Loaded Objects now: 5555.
Memory consumption went from 134.0 MB to 129.5 MB.
Total: 13.553200 ms (FindLiveObjects: 0.955600 ms CreateObjectMapping: 1.044900 ms MarkObjects: 7.392900 ms  DeleteObjects: 4.156700 ms)

Prepare: number of updated asset objects reloaded= 0
========================================================================
Received Import Request.
  Time since last request: 1740.068357 seconds.
  path: Assets/Resources/I.prefab
  artifactKey: Guid(af89d980ec7414879ac32890d324f7db) Importer(815301076,1909f56bfc062723c751e8b465ee728b)
Start importing Assets/Resources/I.prefab using Guid(af89d980ec7414879ac32890d324f7db) Importer(815301076,1909f56bfc062723c751e8b465ee728b) (PreviewImporter) -> (artifact id: '9c380f854e3506c7b720904566ba179b') in 0.6297518 seconds
Number of updated asset objects reloaded before import = 0Number of asset objects unloaded after import = 41

========================================================================
Received Prepare
ETC Legacy compression has been deprecated and will be removed in a future release. You can review compressors in "Project Settings > Editor > Texture Compressors".
Begin MonoManager ReloadAssembly
[Licensing::Client] Successfully resolved entitlement details
[Licensing::Module] License group:
  Id: F4-S6VB-6VNM-MCA7-YRJZ-XXXX
  Product: Unity Personal
  Type: ULF
  Expiration: Unlimited
[Licensing::Module] License group:
  Id: 11270200047816-UnityPersXXXX
  Product: Unity Personal
  Type: Assigned
  Expiration: Unlimited
- Loaded All Assemblies, in  0.813 seconds
Refreshing native plugins compatible for Editor in 0.31 ms, found 2 plugins.
Native extension for WindowsStandalone target not found
[Package Manager] Failed to launch server process. Reason: Unity was launched with the -noUpm command-line argument
[Package Manager] Unable to send message (not connected to server process).
[Package Manager] Cannot connect to Unity Package Manager local server
[MODES] ModeService[none].Initialize
[MODES] ModeService[none].LoadModes
Mono: successfully reloaded assembly
- Finished resetting the current domain, in  0.806 seconds
Domain Reload Profiling: 1619ms
	BeginReloadAssembly (279ms)
		ExecutionOrderSort (0ms)
		DisableScriptedObjects (27ms)
		BackupInstance (0ms)
		ReleaseScriptingObjects (0ms)
		CreateAndSetChildDomain (72ms)
	RebuildCommonClasses (41ms)
	RebuildNativeTypeToScriptingClass (18ms)
	initialDomainReloadingComplete (32ms)
	LoadAllAssembliesAndSetupDomain (442ms)
		LoadAssemblies (352ms)
		RebuildTransferFunctionScriptingTraits (0ms)
		AnalyzeDomain (196ms)
			TypeCache.Refresh (7ms)
				TypeCache.ScanAssembly (0ms)
			BuildScriptInfoCaches (170ms)
			ResolveRequiredComponents (15ms)
	FinalizeReload (806ms)
		ReleaseScriptCaches (0ms)
		RebuildScriptCaches (0ms)
		SetupLoadedEditorAssemblies (607ms)
			LogAssemblyErrors (0ms)
			InitializePlatformSupportModulesInManaged (2ms)
			SetLoadedEditorAssemblies (5ms)
			BeforeProcessingInitializeOnLoad (116ms)
			ProcessInitializeOnLoadAttributes (357ms)
			ProcessInitializeOnLoadMethodAttributes (121ms)
			AfterProcessingInitializeOnLoad (5ms)
			EditorAssembliesLoaded (0ms)
		ExecutionOrderSort2 (0ms)
		AwakeInstancesAfterBackupRestoration (24ms)
Refreshing native plugins compatible for Editor in 0.29 ms, found 2 plugins.
Preloading 0 native plugins for Editor in 0.00 ms.
Unloading 15 Unused Serialized files (Serialized files now loaded: 0)
Unloading 4463 unused Assets / (4.1 MB). Loaded Objects now: 5578.
Memory consumption went from 134.2 MB to 130.1 MB.
Total: 8.225500 ms (FindLiveObjects: 0.671700 ms CreateObjectMapping: 0.279800 ms MarkObjects: 5.112800 ms  DeleteObjects: 2.159400 ms)

Prepare: number of updated asset objects reloaded= 0
========================================================================
Received Import Request.
  Time since last request: 199.740365 seconds.
  path: Assets/Resources/Z1.prefab
  artifactKey: Guid(6e430afbf1b6849b897fe7413e7cbab5) Importer(815301076,1909f56bfc062723c751e8b465ee728b)
Start importing Assets/Resources/Z1.prefab using Guid(6e430afbf1b6849b897fe7413e7cbab5) Importer(815301076,1909f56bfc062723c751e8b465ee728b) (PreviewImporter) -> (artifact id: 'c5c1902cec833e148675909847b8e79c') in 0.5465386 seconds
Number of updated asset objects reloaded before import = 0Number of asset objects unloaded after import = 45

========================================================================
Received Import Request.
  Time since last request: 7.640578 seconds.
  path: Assets/Resources/Z1.prefab
  artifactKey: Guid(6e430afbf1b6849b897fe7413e7cbab5) Importer(815301076,1909f56bfc062723c751e8b465ee728b)
Start importing Assets/Resources/Z1.prefab using Guid(6e430afbf1b6849b897fe7413e7cbab5) Importer(815301076,1909f56bfc062723c751e8b465ee728b) (PreviewImporter) -> (artifact id: 'e857185a19bbbe02cb00a3a555391a22') in 0.0520025 seconds
Number of updated asset objects reloaded before import = 0Number of asset objects unloaded after import = 44

========================================================================
Received Import Request.
  Time since last request: 0.934198 seconds.
  path: Assets/Resources/Z1.prefab
  artifactKey: Guid(6e430afbf1b6849b897fe7413e7cbab5) Importer(815301076,1909f56bfc062723c751e8b465ee728b)
Start importing Assets/Resources/Z1.prefab using Guid(6e430afbf1b6849b897fe7413e7cbab5) Importer(815301076,1909f56bfc062723c751e8b465ee728b) (PreviewImporter) -> (artifact id: '83f73a7a09859b8d8b4d845709c4c021') in 0.0211638 seconds
Number of updated asset objects reloaded before import = 0Number of asset objects unloaded after import = 50

========================================================================
Received Import Request.
  Time since last request: 0.949571 seconds.
  path: Assets/Resources/Z1.prefab
  artifactKey: Guid(6e430afbf1b6849b897fe7413e7cbab5) Importer(815301076,1909f56bfc062723c751e8b465ee728b)
Start importing Assets/Resources/Z1.prefab using Guid(6e430afbf1b6849b897fe7413e7cbab5) Importer(815301076,1909f56bfc062723c751e8b465ee728b) (PreviewImporter) -> (artifact id: '6f9ad6627f2b7a53f1613c6a4f52599f') in 0.3506367 seconds
Number of updated asset objects reloaded before import = 0Number of asset objects unloaded after import = 50

========================================================================
Received Import Request.
  Time since last request: 8.076663 seconds.
  path: Assets/Resources/Z1.prefab
  artifactKey: Guid(6e430afbf1b6849b897fe7413e7cbab5) Importer(815301076,1909f56bfc062723c751e8b465ee728b)
Start importing Assets/Resources/Z1.prefab using Guid(6e430afbf1b6849b897fe7413e7cbab5) Importer(815301076,1909f56bfc062723c751e8b465ee728b) (PreviewImporter) -> (artifact id: 'ab7cc805d29a2e17c3a0336f9fba46da') in 0.8606832 seconds
Number of updated asset objects reloaded before import = 0Number of asset objects unloaded after import = 50

========================================================================
Received Import Request.
  Time since last request: 0.903029 seconds.
  path: Assets/Resources/Z1.prefab
  artifactKey: Guid(6e430afbf1b6849b897fe7413e7cbab5) Importer(815301076,1909f56bfc062723c751e8b465ee728b)
Start importing Assets/Resources/Z1.prefab using Guid(6e430afbf1b6849b897fe7413e7cbab5) Importer(815301076,1909f56bfc062723c751e8b465ee728b) (PreviewImporter) -> (artifact id: '8a024248e094398b4a49d5d8b78b28f8') in 0.0369416 seconds
Number of updated asset objects reloaded before import = 0Number of asset objects unloaded after import = 50

========================================================================
Received Import Request.
  Time since last request: 5.161789 seconds.
  path: Assets/Resources/Z1.prefab
  artifactKey: Guid(6e430afbf1b6849b897fe7413e7cbab5) Importer(815301076,1909f56bfc062723c751e8b465ee728b)
Start importing Assets/Resources/Z1.prefab using Guid(6e430afbf1b6849b897fe7413e7cbab5) Importer(815301076,1909f56bfc062723c751e8b465ee728b) (PreviewImporter) -> (artifact id: 'e867df590cdd1ea22c8be710db7ef941') in 0.0232334 seconds
Number of updated asset objects reloaded before import = 0Number of asset objects unloaded after import = 50

========================================================================
Received Import Request.
  Time since last request: 2.619248 seconds.
  path: Assets/Resources/Z1.prefab
  artifactKey: Guid(6e430afbf1b6849b897fe7413e7cbab5) Importer(815301076,1909f56bfc062723c751e8b465ee728b)
Start importing Assets/Resources/Z1.prefab using Guid(6e430afbf1b6849b897fe7413e7cbab5) Importer(815301076,1909f56bfc062723c751e8b465ee728b) (PreviewImporter) -> (artifact id: 'c8ffbc3c99bbe43cf7d671123afa1f89') in 0.0398373 seconds
Number of updated asset objects reloaded before import = 0Number of asset objects unloaded after import = 56

========================================================================
Received Import Request.
  Time since last request: 1.337392 seconds.
  path: Assets/Resources/Z1.prefab
  artifactKey: Guid(6e430afbf1b6849b897fe7413e7cbab5) Importer(815301076,1909f56bfc062723c751e8b465ee728b)
Start importing Assets/Resources/Z1.prefab using Guid(6e430afbf1b6849b897fe7413e7cbab5) Importer(815301076,1909f56bfc062723c751e8b465ee728b) (PreviewImporter) -> (artifact id: 'bfc71c71f6b6641179f7781f1c0288d3') in 0.0223055 seconds
Number of updated asset objects reloaded before import = 0Number of asset objects unloaded after import = 56

========================================================================
Received Import Request.
  Time since last request: 1.724883 seconds.
  path: Assets/Resources/Z1.prefab
  artifactKey: Guid(6e430afbf1b6849b897fe7413e7cbab5) Importer(815301076,1909f56bfc062723c751e8b465ee728b)
Start importing Assets/Resources/Z1.prefab using Guid(6e430afbf1b6849b897fe7413e7cbab5) Importer(815301076,1909f56bfc062723c751e8b465ee728b) (PreviewImporter) -> (artifact id: 'f45d6e4163f94a98a12340064473d721') in 0.0413141 seconds
Number of updated asset objects reloaded before import = 0Number of asset objects unloaded after import = 62

========================================================================
Received Import Request.
  Time since last request: 0.936798 seconds.
  path: Assets/Resources/Z1.prefab
  artifactKey: Guid(6e430afbf1b6849b897fe7413e7cbab5) Importer(815301076,1909f56bfc062723c751e8b465ee728b)
Start importing Assets/Resources/Z1.prefab using Guid(6e430afbf1b6849b897fe7413e7cbab5) Importer(815301076,1909f56bfc062723c751e8b465ee728b) (PreviewImporter) -> (artifact id: 'b0c338f8f544833ca432d1c3d5887464') in 0.0237734 seconds
Number of updated asset objects reloaded before import = 0Number of asset objects unloaded after import = 62

========================================================================
Received Import Request.
  Time since last request: 1.113124 seconds.
  path: Assets/Resources/Z1.prefab
  artifactKey: Guid(6e430afbf1b6849b897fe7413e7cbab5) Importer(815301076,1909f56bfc062723c751e8b465ee728b)
Start importing Assets/Resources/Z1.prefab using Guid(6e430afbf1b6849b897fe7413e7cbab5) Importer(815301076,1909f56bfc062723c751e8b465ee728b) (PreviewImporter) -> (artifact id: 'c496d1fe2177711dbc4a0f44cc1b0c96') in 0.0268331 seconds
Number of updated asset objects reloaded before import = 0Number of asset objects unloaded after import = 62

========================================================================
Received Import Request.
  Time since last request: 14.622623 seconds.
  path: Assets/Resources/Z1.prefab
  artifactKey: Guid(6e430afbf1b6849b897fe7413e7cbab5) Importer(815301076,1909f56bfc062723c751e8b465ee728b)
Start importing Assets/Resources/Z1.prefab using Guid(6e430afbf1b6849b897fe7413e7cbab5) Importer(815301076,1909f56bfc062723c751e8b465ee728b) (PreviewImporter) -> (artifact id: 'd625d80eadacda75c1ea5c4face26adc') in 0.0213941 seconds
Number of updated asset objects reloaded before import = 0Number of asset objects unloaded after import = 39

========================================================================
Received Import Request.
  Time since last request: 4.546477 seconds.
  path: Assets/Resources/Z1.prefab
  artifactKey: Guid(6e430afbf1b6849b897fe7413e7cbab5) Importer(815301076,1909f56bfc062723c751e8b465ee728b)
Start importing Assets/Resources/Z1.prefab using Guid(6e430afbf1b6849b897fe7413e7cbab5) Importer(815301076,1909f56bfc062723c751e8b465ee728b) (PreviewImporter) -> (artifact id: '040e3fbd08060f6eea1be9a48311de86') in 0.0413977 seconds
Number of updated asset objects reloaded before import = 0Number of asset objects unloaded after import = 39

========================================================================
Received Import Request.
  Time since last request: 1.973915 seconds.
  path: Assets/Resources/Z1.prefab
  artifactKey: Guid(6e430afbf1b6849b897fe7413e7cbab5) Importer(815301076,1909f56bfc062723c751e8b465ee728b)
Start importing Assets/Resources/Z1.prefab using Guid(6e430afbf1b6849b897fe7413e7cbab5) Importer(815301076,1909f56bfc062723c751e8b465ee728b) (PreviewImporter) -> (artifact id: '1e1f596fdc7bd8a8ecd05467d00b1615') in 0.0175498 seconds
Number of updated asset objects reloaded before import = 0Number of asset objects unloaded after import = 39

========================================================================
Received Import Request.
  Time since last request: 1.752403 seconds.
  path: Assets/Resources/Z1.prefab
  artifactKey: Guid(6e430afbf1b6849b897fe7413e7cbab5) Importer(815301076,1909f56bfc062723c751e8b465ee728b)
Start importing Assets/Resources/Z1.prefab using Guid(6e430afbf1b6849b897fe7413e7cbab5) Importer(815301076,1909f56bfc062723c751e8b465ee728b) (PreviewImporter) -> (artifact id: 'cbc59b5f79998aa7c4e59f000aef0eb0') in 0.0158929 seconds
Number of updated asset objects reloaded before import = 0Number of asset objects unloaded after import = 39

========================================================================
Received Import Request.
  Time since last request: 1.748114 seconds.
  path: Assets/Resources/Z1.prefab
  artifactKey: Guid(6e430afbf1b6849b897fe7413e7cbab5) Importer(815301076,1909f56bfc062723c751e8b465ee728b)
Start importing Assets/Resources/Z1.prefab using Guid(6e430afbf1b6849b897fe7413e7cbab5) Importer(815301076,1909f56bfc062723c751e8b465ee728b) (PreviewImporter) -> (artifact id: '3377d09e4a8df2c024f7e7610ae64dcb') in 0.0230658 seconds
Number of updated asset objects reloaded before import = 0Number of asset objects unloaded after import = 39

========================================================================
Received Import Request.
  Time since last request: 15.339884 seconds.
  path: Assets/Materials/Border.mat
  artifactKey: Guid(e098479a6c74845c186b5118b5b06360) Importer(815301076,1909f56bfc062723c751e8b465ee728b)
Start importing Assets/Materials/Border.mat using Guid(e098479a6c74845c186b5118b5b06360) Importer(815301076,1909f56bfc062723c751e8b465ee728b) (PreviewImporter) -> (artifact id: 'd20e447830fbc4863d3f4ca9cb9bdf3b') in 0.0683616 seconds
Number of updated asset objects reloaded before import = 0Number of asset objects unloaded after import = 3

========================================================================
Received Import Request.
  Time since last request: 53.984611 seconds.
  path: Assets/Resources/Z1.prefab
  artifactKey: Guid(6e430afbf1b6849b897fe7413e7cbab5) Importer(815301076,1909f56bfc062723c751e8b465ee728b)
Start importing Assets/Resources/Z1.prefab using Guid(6e430afbf1b6849b897fe7413e7cbab5) Importer(815301076,1909f56bfc062723c751e8b465ee728b) (PreviewImporter) -> (artifact id: 'b11021cc9740df072b558c1bd1d744e9') in 0.0225713 seconds
Number of updated asset objects reloaded before import = 0Number of asset objects unloaded after import = 40

========================================================================
Received Import Request.
  Time since last request: 4.484476 seconds.
  path: Assets/Resources/Z2.prefab
  artifactKey: Guid(08a27e20b1dfd4e6aa6ddb9b64a9033a) Importer(815301076,1909f56bfc062723c751e8b465ee728b)
Start importing Assets/Resources/Z2.prefab using Guid(08a27e20b1dfd4e6aa6ddb9b64a9033a) Importer(815301076,1909f56bfc062723c751e8b465ee728b) (PreviewImporter) -> (artifact id: '5a6ce4e78c31e2edea24c1f3ca0cc2cb') in 0.0705175 seconds
Number of updated asset objects reloaded before import = 0Number of asset objects unloaded after import = 40

========================================================================
Received Import Request.
  Time since last request: 9.143044 seconds.
  path: Assets/Resources/Z2.prefab
  artifactKey: Guid(08a27e20b1dfd4e6aa6ddb9b64a9033a) Importer(815301076,1909f56bfc062723c751e8b465ee728b)
Start importing Assets/Resources/Z2.prefab using Guid(08a27e20b1dfd4e6aa6ddb9b64a9033a) Importer(815301076,1909f56bfc062723c751e8b465ee728b) (PreviewImporter) -> (artifact id: 'ebab3523b756d5d3dd34983f7de59179') in 0.0251069 seconds
Number of updated asset objects reloaded before import = 0Number of asset objects unloaded after import = 40

========================================================================
Received Import Request.
  Time since last request: 5.765043 seconds.
  path: Assets/Resources/Z2.prefab
  artifactKey: Guid(08a27e20b1dfd4e6aa6ddb9b64a9033a) Importer(815301076,1909f56bfc062723c751e8b465ee728b)
Start importing Assets/Resources/Z2.prefab using Guid(08a27e20b1dfd4e6aa6ddb9b64a9033a) Importer(815301076,1909f56bfc062723c751e8b465ee728b) (PreviewImporter) -> (artifact id: 'a20386ba399fd0715023c3b62fa92169') in 0.0134456 seconds
Number of updated asset objects reloaded before import = 0Number of asset objects unloaded after import = 40

========================================================================
Received Import Request.
  Time since last request: 4.702769 seconds.
  path: Assets/Resources/Z2.prefab
  artifactKey: Guid(08a27e20b1dfd4e6aa6ddb9b64a9033a) Importer(815301076,1909f56bfc062723c751e8b465ee728b)
Start importing Assets/Resources/Z2.prefab using Guid(08a27e20b1dfd4e6aa6ddb9b64a9033a) Importer(815301076,1909f56bfc062723c751e8b465ee728b) (PreviewImporter) -> (artifact id: '9c3574966ce5976f2957c5a829fdb4b8') in 0.014782 seconds
Number of updated asset objects reloaded before import = 0Number of asset objects unloaded after import = 40

========================================================================
Received Import Request.
  Time since last request: 2.655553 seconds.
  path: Assets/Resources/Z2.prefab
  artifactKey: Guid(08a27e20b1dfd4e6aa6ddb9b64a9033a) Importer(815301076,1909f56bfc062723c751e8b465ee728b)
Start importing Assets/Resources/Z2.prefab using Guid(08a27e20b1dfd4e6aa6ddb9b64a9033a) Importer(815301076,1909f56bfc062723c751e8b465ee728b) (PreviewImporter) -> (artifact id: '017c26c700fec361d23bf6796a900ef6') in 0.0626156 seconds
Number of updated asset objects reloaded before import = 0Number of asset objects unloaded after import = 46

========================================================================
Received Import Request.
  Time since last request: 0.083004 seconds.
  path: Assets/Resources/Z2.prefab
  artifactKey: Guid(08a27e20b1dfd4e6aa6ddb9b64a9033a) Importer(815301076,1909f56bfc062723c751e8b465ee728b)
Start importing Assets/Resources/Z2.prefab using Guid(08a27e20b1dfd4e6aa6ddb9b64a9033a) Importer(815301076,1909f56bfc062723c751e8b465ee728b) (PreviewImporter) -> (artifact id: '51e6209293718cd6eecccbfd18844c6a') in 0.021669 seconds
Number of updated asset objects reloaded before import = 0Number of asset objects unloaded after import = 58

========================================================================
Received Import Request.
  Time since last request: 7.788181 seconds.
  path: Assets/Resources/Z2.prefab
  artifactKey: Guid(08a27e20b1dfd4e6aa6ddb9b64a9033a) Importer(815301076,1909f56bfc062723c751e8b465ee728b)
Start importing Assets/Resources/Z2.prefab using Guid(08a27e20b1dfd4e6aa6ddb9b64a9033a) Importer(815301076,1909f56bfc062723c751e8b465ee728b) (PreviewImporter) -> (artifact id: '3af2d402eb2ff00af206e77ffa3c7a43') in 0.0279882 seconds
Number of updated asset objects reloaded before import = 0Number of asset objects unloaded after import = 58

========================================================================
Received Import Request.
  Time since last request: 1.154562 seconds.
  path: Assets/Resources/Z2.prefab
  artifactKey: Guid(08a27e20b1dfd4e6aa6ddb9b64a9033a) Importer(815301076,1909f56bfc062723c751e8b465ee728b)
Start importing Assets/Resources/Z2.prefab using Guid(08a27e20b1dfd4e6aa6ddb9b64a9033a) Importer(815301076,1909f56bfc062723c751e8b465ee728b) (PreviewImporter) -> (artifact id: 'ee74dd497fcc8a5077a7df6312944d71') in 0.0405589 seconds
Number of updated asset objects reloaded before import = 0Number of asset objects unloaded after import = 58

========================================================================
Received Import Request.
  Time since last request: 3.976246 seconds.
  path: Assets/Resources/Z2.prefab
  artifactKey: Guid(08a27e20b1dfd4e6aa6ddb9b64a9033a) Importer(815301076,1909f56bfc062723c751e8b465ee728b)
Start importing Assets/Resources/Z2.prefab using Guid(08a27e20b1dfd4e6aa6ddb9b64a9033a) Importer(815301076,1909f56bfc062723c751e8b465ee728b) (PreviewImporter) -> (artifact id: '815450714f27dd3f9b8c138ac614cd6e') in 0.0422381 seconds
Number of updated asset objects reloaded before import = 0Number of asset objects unloaded after import = 58

========================================================================
Received Import Request.
  Time since last request: 16.654571 seconds.
  path: Assets/Resources/Z2.prefab
  artifactKey: Guid(08a27e20b1dfd4e6aa6ddb9b64a9033a) Importer(815301076,1909f56bfc062723c751e8b465ee728b)
Start importing Assets/Resources/Z2.prefab using Guid(08a27e20b1dfd4e6aa6ddb9b64a9033a) Importer(815301076,1909f56bfc062723c751e8b465ee728b) (PreviewImporter) -> (artifact id: 'f557e3924cab7f0c95939bca47b575a0') in 0.0246735 seconds
Number of updated asset objects reloaded before import = 0Number of asset objects unloaded after import = 58

========================================================================
Received Import Request.
  Time since last request: 6.802259 seconds.
  path: Assets/Resources/Z2.prefab
  artifactKey: Guid(08a27e20b1dfd4e6aa6ddb9b64a9033a) Importer(815301076,1909f56bfc062723c751e8b465ee728b)
Start importing Assets/Resources/Z2.prefab using Guid(08a27e20b1dfd4e6aa6ddb9b64a9033a) Importer(815301076,1909f56bfc062723c751e8b465ee728b) (PreviewImporter) -> (artifact id: '980becd55279ac9438b9faa735f79763') in 0.0148878 seconds
Number of updated asset objects reloaded before import = 0Number of asset objects unloaded after import = 58

========================================================================
Received Import Request.
  Time since last request: 6.630236 seconds.
  path: Assets/Resources/Z2.prefab
  artifactKey: Guid(08a27e20b1dfd4e6aa6ddb9b64a9033a) Importer(815301076,1909f56bfc062723c751e8b465ee728b)
Start importing Assets/Resources/Z2.prefab using Guid(08a27e20b1dfd4e6aa6ddb9b64a9033a) Importer(815301076,1909f56bfc062723c751e8b465ee728b) (PreviewImporter) -> (artifact id: '2185424f6651db6f9a50bb30dd637621') in 0.0256231 seconds
Number of updated asset objects reloaded before import = 0Number of asset objects unloaded after import = 64

========================================================================
Received Import Request.
  Time since last request: 0.947772 seconds.
  path: Assets/Resources/Z2.prefab
  artifactKey: Guid(08a27e20b1dfd4e6aa6ddb9b64a9033a) Importer(815301076,1909f56bfc062723c751e8b465ee728b)
Start importing Assets/Resources/Z2.prefab using Guid(08a27e20b1dfd4e6aa6ddb9b64a9033a) Importer(815301076,1909f56bfc062723c751e8b465ee728b) (PreviewImporter) -> (artifact id: '1d48239c1c40c77013fd9ae3daf0dd4b') in 0.0485272 seconds
Number of updated asset objects reloaded before import = 0Number of asset objects unloaded after import = 64

========================================================================
Received Import Request.
  Time since last request: 5.993912 seconds.
  path: Assets/Resources/Z2.prefab
  artifactKey: Guid(08a27e20b1dfd4e6aa6ddb9b64a9033a) Importer(815301076,1909f56bfc062723c751e8b465ee728b)
Start importing Assets/Resources/Z2.prefab using Guid(08a27e20b1dfd4e6aa6ddb9b64a9033a) Importer(815301076,1909f56bfc062723c751e8b465ee728b) (PreviewImporter) -> (artifact id: 'd3c245b02b42c0bdd87b4a8be4354db7') in 0.0220225 seconds
Number of updated asset objects reloaded before import = 0Number of asset objects unloaded after import = 58

========================================================================
Received Import Request.
  Time since last request: 0.916887 seconds.
  path: Assets/Resources/Z2.prefab
  artifactKey: Guid(08a27e20b1dfd4e6aa6ddb9b64a9033a) Importer(815301076,1909f56bfc062723c751e8b465ee728b)
Start importing Assets/Resources/Z2.prefab using Guid(08a27e20b1dfd4e6aa6ddb9b64a9033a) Importer(815301076,1909f56bfc062723c751e8b465ee728b) (PreviewImporter) -> (artifact id: '56cf63980a714a348626285439d00867') in 0.0267833 seconds
Number of updated asset objects reloaded before import = 0Number of asset objects unloaded after import = 58

========================================================================
Received Import Request.
  Time since last request: 2.587501 seconds.
  path: Assets/Resources/Z2.prefab
  artifactKey: Guid(08a27e20b1dfd4e6aa6ddb9b64a9033a) Importer(815301076,1909f56bfc062723c751e8b465ee728b)
Start importing Assets/Resources/Z2.prefab using Guid(08a27e20b1dfd4e6aa6ddb9b64a9033a) Importer(815301076,1909f56bfc062723c751e8b465ee728b) (PreviewImporter) -> (artifact id: 'ee1f276bc7bb0bfd4a4c4d687ba84dae') in 0.0242033 seconds
Number of updated asset objects reloaded before import = 0Number of asset objects unloaded after import = 58

========================================================================
Received Import Request.
  Time since last request: 3.595569 seconds.
  path: Assets/Resources/Z2.prefab
  artifactKey: Guid(08a27e20b1dfd4e6aa6ddb9b64a9033a) Importer(815301076,1909f56bfc062723c751e8b465ee728b)
Start importing Assets/Resources/Z2.prefab using Guid(08a27e20b1dfd4e6aa6ddb9b64a9033a) Importer(815301076,1909f56bfc062723c751e8b465ee728b) (PreviewImporter) -> (artifact id: 'bdd63d3fae3857817c2b56d2ffb1f505') in 0.0239736 seconds
Number of updated asset objects reloaded before import = 0Number of asset objects unloaded after import = 58

========================================================================
Received Import Request.
  Time since last request: 1.146362 seconds.
  path: Assets/Resources/Z2.prefab
  artifactKey: Guid(08a27e20b1dfd4e6aa6ddb9b64a9033a) Importer(815301076,1909f56bfc062723c751e8b465ee728b)
Start importing Assets/Resources/Z2.prefab using Guid(08a27e20b1dfd4e6aa6ddb9b64a9033a) Importer(815301076,1909f56bfc062723c751e8b465ee728b) (PreviewImporter) -> (artifact id: 'b5c6bc665e188e62da87e3bffa9abae3') in 0.2686829 seconds
Number of updated asset objects reloaded before import = 0Number of asset objects unloaded after import = 58

========================================================================
Received Import Request.
  Time since last request: 9.559717 seconds.
  path: Assets/Shaders/GreenLine 1.mat
  artifactKey: Guid(771413c79bd133047a71118708791d96) Importer(815301076,1909f56bfc062723c751e8b465ee728b)
Start importing Assets/Shaders/GreenLine 1.mat using Guid(771413c79bd133047a71118708791d96) Importer(815301076,1909f56bfc062723c751e8b465ee728b) (PreviewImporter) -> (artifact id: 'f5106c3589f98b23fb1fec39788f02ab') in 0.0132021 seconds
Number of updated asset objects reloaded before import = 0Number of asset objects unloaded after import = 2

========================================================================
Received Import Request.
  Time since last request: 18.336760 seconds.
  path: Assets/Shaders/DarkGreenLine.mat
  artifactKey: Guid(771413c79bd133047a71118708791d96) Importer(815301076,1909f56bfc062723c751e8b465ee728b)
Start importing Assets/Shaders/DarkGreenLine.mat using Guid(771413c79bd133047a71118708791d96) Importer(815301076,1909f56bfc062723c751e8b465ee728b) (PreviewImporter) -> (artifact id: '8f83f1b7032dba0f73025b3b7646ae17') in 0.0123002 seconds
Number of updated asset objects reloaded before import = 0Number of asset objects unloaded after import = 2

========================================================================
Received Import Request.
  Time since last request: 15.177754 seconds.
  path: Assets/Shaders/DarkGreenLine.mat
  artifactKey: Guid(771413c79bd133047a71118708791d96) Importer(815301076,1909f56bfc062723c751e8b465ee728b)
Start importing Assets/Shaders/DarkGreenLine.mat using Guid(771413c79bd133047a71118708791d96) Importer(815301076,1909f56bfc062723c751e8b465ee728b) (PreviewImporter) -> (artifact id: '7a7ab21cdfe2a159a1ff6f3791dfa765') in 0.0209834 seconds
Number of updated asset objects reloaded before import = 0Number of asset objects unloaded after import = 2

========================================================================
Received Import Request.
  Time since last request: 95.028882 seconds.
  path: Assets/Resources/Z2.prefab
  artifactKey: Guid(08a27e20b1dfd4e6aa6ddb9b64a9033a) Importer(815301076,1909f56bfc062723c751e8b465ee728b)
Start importing Assets/Resources/Z2.prefab using Guid(08a27e20b1dfd4e6aa6ddb9b64a9033a) Importer(815301076,1909f56bfc062723c751e8b465ee728b) (PreviewImporter) -> (artifact id: '730259abbccfca92c32a68b3babb7632') in 0.0221555 seconds
Number of updated asset objects reloaded before import = 0Number of asset objects unloaded after import = 40

========================================================================
Received Import Request.
  Time since last request: 14.936531 seconds.
  path: Assets/Resources/cube.prefab
  artifactKey: Guid(2d32e83b5dd414f7aa1ad53408997e11) Importer(815301076,1909f56bfc062723c751e8b465ee728b)
Start importing Assets/Resources/cube.prefab using Guid(2d32e83b5dd414f7aa1ad53408997e11) Importer(815301076,1909f56bfc062723c751e8b465ee728b) (PreviewImporter) -> (artifact id: '4df2bdb9e78163954199fbe87de2b331') in 0.0474234 seconds
Number of updated asset objects reloaded before import = 0Number of asset objects unloaded after import = 25

========================================================================
Received Import Request.
  Time since last request: 7.177105 seconds.
  path: Assets/Resources/cube.prefab
  artifactKey: Guid(2d32e83b5dd414f7aa1ad53408997e11) Importer(815301076,1909f56bfc062723c751e8b465ee728b)
Start importing Assets/Resources/cube.prefab using Guid(2d32e83b5dd414f7aa1ad53408997e11) Importer(815301076,1909f56bfc062723c751e8b465ee728b) (PreviewImporter) -> (artifact id: '91343586d07c04fc052ea44226d7acd3') in 0.0238956 seconds
Number of updated asset objects reloaded before import = 0Number of asset objects unloaded after import = 25

========================================================================
Received Import Request.
  Time since last request: 2.917220 seconds.
  path: Assets/Resources/cube.prefab
  artifactKey: Guid(2d32e83b5dd414f7aa1ad53408997e11) Importer(815301076,1909f56bfc062723c751e8b465ee728b)
Start importing Assets/Resources/cube.prefab using Guid(2d32e83b5dd414f7aa1ad53408997e11) Importer(815301076,1909f56bfc062723c751e8b465ee728b) (PreviewImporter) -> (artifact id: '089595e55f82a2de09dbfaeffbabd143') in 0.0239455 seconds
Number of updated asset objects reloaded before import = 0Number of asset objects unloaded after import = 25

========================================================================
Received Import Request.
  Time since last request: 13.300263 seconds.
  path: Assets/Resources/cube.prefab
  artifactKey: Guid(2d32e83b5dd414f7aa1ad53408997e11) Importer(815301076,1909f56bfc062723c751e8b465ee728b)
Start importing Assets/Resources/cube.prefab using Guid(2d32e83b5dd414f7aa1ad53408997e11) Importer(815301076,1909f56bfc062723c751e8b465ee728b) (PreviewImporter) -> (artifact id: '15b70f83d02a3f6ece0210d756c1a71a') in 0.0381784 seconds
Number of updated asset objects reloaded before import = 0Number of asset objects unloaded after import = 24

========================================================================
Received Prepare
ETC Legacy compression has been deprecated and will be removed in a future release. You can review compressors in "Project Settings > Editor > Texture Compressors".
Begin MonoManager ReloadAssembly
[Licensing::Client] Successfully resolved entitlement details
[Licensing::Module] License group:
  Id: F4-S6VB-6VNM-MCA7-YRJZ-XXXX
  Product: Unity Personal
  Type: ULF
  Expiration: Unlimited
[Licensing::Module] License group:
  Id: 11270200047816-UnityPersXXXX
  Product: Unity Personal
  Type: Assigned
  Expiration: Unlimited
- Loaded All Assemblies, in  1.120 seconds
Refreshing native plugins compatible for Editor in 0.27 ms, found 2 plugins.
Native extension for WindowsStandalone target not found
[Package Manager] Failed to launch server process. Reason: Unity was launched with the -noUpm command-line argument
[Package Manager] Unable to send message (not connected to server process).
[Package Manager] Cannot connect to Unity Package Manager local server
[MODES] ModeService[none].Initialize
[MODES] ModeService[none].LoadModes
Mono: successfully reloaded assembly
- Finished resetting the current domain, in  0.892 seconds
Domain Reload Profiling: 2015ms
	BeginReloadAssembly (314ms)
		ExecutionOrderSort (0ms)
		DisableScriptedObjects (34ms)
		BackupInstance (0ms)
		ReleaseScriptingObjects (0ms)
		CreateAndSetChildDomain (75ms)
	RebuildCommonClasses (44ms)
	RebuildNativeTypeToScriptingClass (19ms)
	initialDomainReloadingComplete (32ms)
	LoadAllAssembliesAndSetupDomain (713ms)
		LoadAssemblies (492ms)
		RebuildTransferFunctionScriptingTraits (0ms)
		AnalyzeDomain (352ms)
			TypeCache.Refresh (18ms)
				TypeCache.ScanAssembly (0ms)
			BuildScriptInfoCaches (316ms)
			ResolveRequiredComponents (14ms)
	FinalizeReload (893ms)
		ReleaseScriptCaches (0ms)
		RebuildScriptCaches (0ms)
		SetupLoadedEditorAssemblies (675ms)
			LogAssemblyErrors (0ms)
			InitializePlatformSupportModulesInManaged (2ms)
			SetLoadedEditorAssemblies (5ms)
			BeforeProcessingInitializeOnLoad (127ms)
			ProcessInitializeOnLoadAttributes (393ms)
			ProcessInitializeOnLoadMethodAttributes (141ms)
			AfterProcessingInitializeOnLoad (7ms)
			EditorAssembliesLoaded (0ms)
		ExecutionOrderSort2 (0ms)
		AwakeInstancesAfterBackupRestoration (35ms)
Refreshing native plugins compatible for Editor in 0.48 ms, found 2 plugins.
Preloading 0 native plugins for Editor in 0.00 ms.
Unloading 15 Unused Serialized files (Serialized files now loaded: 0)
Unloading 4463 unused Assets / (4.1 MB). Loaded Objects now: 5601.
Memory consumption went from 134.2 MB to 130.1 MB.
Total: 16.169100 ms (FindLiveObjects: 1.025100 ms CreateObjectMapping: 1.116100 ms MarkObjects: 8.946900 ms  DeleteObjects: 5.078000 ms)

Prepare: number of updated asset objects reloaded= 0
========================================================================
Received Import Request.
  Time since last request: 32.706448 seconds.
  path: Assets/Resources/cube.prefab
  artifactKey: Guid(2d32e83b5dd414f7aa1ad53408997e11) Importer(815301076,1909f56bfc062723c751e8b465ee728b)
Start importing Assets/Resources/cube.prefab using Guid(2d32e83b5dd414f7aa1ad53408997e11) Importer(815301076,1909f56bfc062723c751e8b465ee728b) (PreviewImporter) -> (artifact id: '3bbace67053da2307af3166cf557ed59') in 0.0464123 seconds
Number of updated asset objects reloaded before import = 0Number of asset objects unloaded after import = 7

========================================================================
Received Prepare
ETC Legacy compression has been deprecated and will be removed in a future release. You can review compressors in "Project Settings > Editor > Texture Compressors".
Begin MonoManager ReloadAssembly
- Loaded All Assemblies, in  0.689 seconds
Refreshing native plugins compatible for Editor in 0.31 ms, found 2 plugins.
Native extension for WindowsStandalone target not found
[Package Manager] Failed to launch server process. Reason: Unity was launched with the -noUpm command-line argument
[Package Manager] Unable to send message (not connected to server process).
[Package Manager] Cannot connect to Unity Package Manager local server
[MODES] ModeService[none].Initialize
[MODES] ModeService[none].LoadModes
Mono: successfully reloaded assembly
- Finished resetting the current domain, in  0.735 seconds
Domain Reload Profiling: 1424ms
	BeginReloadAssembly (223ms)
		ExecutionOrderSort (0ms)
		DisableScriptedObjects (6ms)
		BackupInstance (0ms)
		ReleaseScriptingObjects (0ms)
		CreateAndSetChildDomain (53ms)
	RebuildCommonClasses (40ms)
	RebuildNativeTypeToScriptingClass (14ms)
	initialDomainReloadingComplete (28ms)
	LoadAllAssembliesAndSetupDomain (384ms)
		LoadAssemblies (322ms)
		RebuildTransferFunctionScriptingTraits (0ms)
		AnalyzeDomain (166ms)
			TypeCache.Refresh (7ms)
				TypeCache.ScanAssembly (0ms)
			BuildScriptInfoCaches (144ms)
			ResolveRequiredComponents (11ms)
	FinalizeReload (735ms)
		ReleaseScriptCaches (0ms)
		RebuildScriptCaches (0ms)
		SetupLoadedEditorAssemblies (574ms)
			LogAssemblyErrors (0ms)
			InitializePlatformSupportModulesInManaged (2ms)
			SetLoadedEditorAssemblies (3ms)
			BeforeProcessingInitializeOnLoad (113ms)
			ProcessInitializeOnLoadAttributes (343ms)
			ProcessInitializeOnLoadMethodAttributes (107ms)
			AfterProcessingInitializeOnLoad (5ms)
			EditorAssembliesLoaded (0ms)
		ExecutionOrderSort2 (0ms)
		AwakeInstancesAfterBackupRestoration (21ms)
Refreshing native plugins compatible for Editor in 0.30 ms, found 2 plugins.
Preloading 0 native plugins for Editor in 0.00 ms.
Unloading 15 Unused Serialized files (Serialized files now loaded: 0)
Unloading 4461 unused Assets / (4.2 MB). Loaded Objects now: 5604.
Memory consumption went from 134.1 MB to 129.9 MB.
Total: 8.709300 ms (FindLiveObjects: 0.728800 ms CreateObjectMapping: 0.283900 ms MarkObjects: 5.282000 ms  DeleteObjects: 2.412400 ms)

Prepare: number of updated asset objects reloaded= 0
========================================================================
Received Prepare
ETC Legacy compression has been deprecated and will be removed in a future release. You can review compressors in "Project Settings > Editor > Texture Compressors".
Begin MonoManager ReloadAssembly
- Loaded All Assemblies, in  0.705 seconds
Refreshing native plugins compatible for Editor in 0.32 ms, found 2 plugins.
Native extension for WindowsStandalone target not found
[Package Manager] Failed to launch server process. Reason: Unity was launched with the -noUpm command-line argument
[Package Manager] Unable to send message (not connected to server process).
[Package Manager] Cannot connect to Unity Package Manager local server
[MODES] ModeService[none].Initialize
[MODES] ModeService[none].LoadModes
Mono: successfully reloaded assembly
- Finished resetting the current domain, in  0.736 seconds
Domain Reload Profiling: 1442ms
	BeginReloadAssembly (230ms)
		ExecutionOrderSort (0ms)
		DisableScriptedObjects (6ms)
		BackupInstance (0ms)
		ReleaseScriptingObjects (0ms)
		CreateAndSetChildDomain (50ms)
	RebuildCommonClasses (39ms)
	RebuildNativeTypeToScriptingClass (14ms)
	initialDomainReloadingComplete (27ms)
	LoadAllAssembliesAndSetupDomain (394ms)
		LoadAssemblies (343ms)
		RebuildTransferFunctionScriptingTraits (0ms)
		AnalyzeDomain (163ms)
			TypeCache.Refresh (6ms)
				TypeCache.ScanAssembly (0ms)
			BuildScriptInfoCaches (139ms)
			ResolveRequiredComponents (13ms)
	FinalizeReload (737ms)
		ReleaseScriptCaches (0ms)
		RebuildScriptCaches (0ms)
		SetupLoadedEditorAssemblies (569ms)
			LogAssemblyErrors (0ms)
			InitializePlatformSupportModulesInManaged (2ms)
			SetLoadedEditorAssemblies (4ms)
			BeforeProcessingInitializeOnLoad (118ms)
			ProcessInitializeOnLoadAttributes (327ms)
			ProcessInitializeOnLoadMethodAttributes (113ms)
			AfterProcessingInitializeOnLoad (5ms)
			EditorAssembliesLoaded (0ms)
		ExecutionOrderSort2 (0ms)
		AwakeInstancesAfterBackupRestoration (23ms)
Refreshing native plugins compatible for Editor in 0.32 ms, found 2 plugins.
Preloading 0 native plugins for Editor in 0.00 ms.
Unloading 15 Unused Serialized files (Serialized files now loaded: 0)
Unloading 4461 unused Assets / (4.2 MB). Loaded Objects now: 5607.
Memory consumption went from 134.2 MB to 130.0 MB.
Total: 10.367400 ms (FindLiveObjects: 0.701900 ms CreateObjectMapping: 0.738100 ms MarkObjects: 5.684500 ms  DeleteObjects: 3.240900 ms)

Prepare: number of updated asset objects reloaded= 0
========================================================================
Received Import Request.
  Time since last request: 475.671033 seconds.
  path: Assets/Resources/Cube 2.prefab
  artifactKey: Guid(f3db3631fe1c3234b9d0bead44ee6d1e) Importer(815301076,1909f56bfc062723c751e8b465ee728b)
Start importing Assets/Resources/Cube 2.prefab using Guid(f3db3631fe1c3234b9d0bead44ee6d1e) Importer(815301076,1909f56bfc062723c751e8b465ee728b) (PreviewImporter) -> (artifact id: 'ca9153587cd43ec5133516929bdb2b1d') in 0.2740224 seconds
Number of updated asset objects reloaded before import = 0Number of asset objects unloaded after import = 10

========================================================================
Received Import Request.
  Time since last request: 13.137452 seconds.
  path: Assets/Resources/GridCollector.prefab
  artifactKey: Guid(f3db3631fe1c3234b9d0bead44ee6d1e) Importer(815301076,1909f56bfc062723c751e8b465ee728b)
Start importing Assets/Resources/GridCollector.prefab using Guid(f3db3631fe1c3234b9d0bead44ee6d1e) Importer(815301076,1909f56bfc062723c751e8b465ee728b) (PreviewImporter) -> (artifact id: '8fcb8b6c55cd909d069fc6c76a043caa') in 0.0026923 seconds
Number of updated asset objects reloaded before import = 0Number of asset objects unloaded after import = 10

========================================================================
Received Import Request.
  Time since last request: 230.349575 seconds.
  path: Assets/Resources/Cube 2.prefab
  artifactKey: Guid(b50ea0cfe337fc740ad0df63aeb1f8e1) Importer(815301076,1909f56bfc062723c751e8b465ee728b)
Start importing Assets/Resources/Cube 2.prefab using Guid(b50ea0cfe337fc740ad0df63aeb1f8e1) Importer(815301076,1909f56bfc062723c751e8b465ee728b) (PreviewImporter) -> (artifact id: 'c90eceac4e49bb22187238c207defd56') in 0.0031606 seconds
Number of updated asset objects reloaded before import = 0Number of asset objects unloaded after import = 10

========================================================================
Received Prepare
ETC Legacy compression has been deprecated and will be removed in a future release. You can review compressors in "Project Settings > Editor > Texture Compressors".
Begin MonoManager ReloadAssembly
[Licensing::Client] Successfully resolved entitlement details
[Licensing::Module] License group:
  Id: F4-S6VB-6VNM-MCA7-YRJZ-XXXX
  Product: Unity Personal
  Type: ULF
  Expiration: Unlimited
[Licensing::Module] License group:
  Id: 11270200047816-UnityPersXXXX
  Product: Unity Personal
  Type: Assigned
  Expiration: Unlimited
- Loaded All Assemblies, in  0.686 seconds
Refreshing native plugins compatible for Editor in 0.25 ms, found 2 plugins.
Native extension for WindowsStandalone target not found
[Package Manager] Failed to launch server process. Reason: Unity was launched with the -noUpm command-line argument
[Package Manager] Unable to send message (not connected to server process).
[Package Manager] Cannot connect to Unity Package Manager local server
[MODES] ModeService[none].Initialize
[MODES] ModeService[none].LoadModes
Mono: successfully reloaded assembly
- Finished resetting the current domain, in  0.743 seconds
Domain Reload Profiling: 1430ms
	BeginReloadAssembly (228ms)
		ExecutionOrderSort (0ms)
		DisableScriptedObjects (9ms)
		BackupInstance (0ms)
		ReleaseScriptingObjects (0ms)
		CreateAndSetChildDomain (53ms)
	RebuildCommonClasses (40ms)
	RebuildNativeTypeToScriptingClass (14ms)
	initialDomainReloadingComplete (29ms)
	LoadAllAssembliesAndSetupDomain (375ms)
		LoadAssemblies (326ms)
		RebuildTransferFunctionScriptingTraits (0ms)
		AnalyzeDomain (151ms)
			TypeCache.Refresh (6ms)
				TypeCache.ScanAssembly (0ms)
			BuildScriptInfoCaches (132ms)
			ResolveRequiredComponents (9ms)
	FinalizeReload (744ms)
		ReleaseScriptCaches (0ms)
		RebuildScriptCaches (0ms)
		SetupLoadedEditorAssemblies (570ms)
			LogAssemblyErrors (0ms)
			InitializePlatformSupportModulesInManaged (2ms)
			SetLoadedEditorAssemblies (4ms)
			BeforeProcessingInitializeOnLoad (121ms)
			ProcessInitializeOnLoadAttributes (332ms)
			ProcessInitializeOnLoadMethodAttributes (106ms)
			AfterProcessingInitializeOnLoad (5ms)
			EditorAssembliesLoaded (0ms)
		ExecutionOrderSort2 (0ms)
		AwakeInstancesAfterBackupRestoration (21ms)
Refreshing native plugins compatible for Editor in 0.32 ms, found 2 plugins.
Preloading 0 native plugins for Editor in 0.00 ms.
Unloading 15 Unused Serialized files (Serialized files now loaded: 0)
Unloading 4461 unused Assets / (4.1 MB). Loaded Objects now: 5610.
Memory consumption went from 134.2 MB to 130.1 MB.
Total: 8.746900 ms (FindLiveObjects: 0.711300 ms CreateObjectMapping: 0.259200 ms MarkObjects: 5.210500 ms  DeleteObjects: 2.563900 ms)

Prepare: number of updated asset objects reloaded= 0
========================================================================
Received Prepare
ETC Legacy compression has been deprecated and will be removed in a future release. You can review compressors in "Project Settings > Editor > Texture Compressors".
Begin MonoManager ReloadAssembly
[Licensing::Client] Successfully resolved entitlement details
[Licensing::Module] License group:
  Id: F4-S6VB-6VNM-MCA7-YRJZ-XXXX
  Product: Unity Personal
  Type: ULF
  Expiration: Unlimited
[Licensing::Module] License group:
  Id: 11270200047816-UnityPersXXXX
  Product: Unity Personal
  Type: Assigned
  Expiration: Unlimited
- Loaded All Assemblies, in  0.739 seconds
Refreshing native plugins compatible for Editor in 0.31 ms, found 2 plugins.
Native extension for WindowsStandalone target not found
[Package Manager] Failed to launch server process. Reason: Unity was launched with the -noUpm command-line argument
[Package Manager] Unable to send message (not connected to server process).
[Package Manager] Cannot connect to Unity Package Manager local server
[MODES] ModeService[none].Initialize
[MODES] ModeService[none].LoadModes
Mono: successfully reloaded assembly
- Finished resetting the current domain, in  0.763 seconds
Domain Reload Profiling: 1503ms
	BeginReloadAssembly (244ms)
		ExecutionOrderSort (0ms)
		DisableScriptedObjects (8ms)
		BackupInstance (0ms)
		ReleaseScriptingObjects (0ms)
		CreateAndSetChildDomain (60ms)
	RebuildCommonClasses (44ms)
	RebuildNativeTypeToScriptingClass (15ms)
	initialDomainReloadingComplete (34ms)
	LoadAllAssembliesAndSetupDomain (403ms)
		LoadAssemblies (365ms)
		RebuildTransferFunctionScriptingTraits (0ms)
		AnalyzeDomain (149ms)
			TypeCache.Refresh (6ms)
				TypeCache.ScanAssembly (0ms)
			BuildScriptInfoCaches (130ms)
			ResolveRequiredComponents (10ms)
	FinalizeReload (763ms)
		ReleaseScriptCaches (0ms)
		RebuildScriptCaches (0ms)
		SetupLoadedEditorAssemblies (593ms)
			LogAssemblyErrors (0ms)
			InitializePlatformSupportModulesInManaged (2ms)
			SetLoadedEditorAssemblies (5ms)
			BeforeProcessingInitializeOnLoad (117ms)
			ProcessInitializeOnLoadAttributes (352ms)
			ProcessInitializeOnLoadMethodAttributes (112ms)
			AfterProcessingInitializeOnLoad (5ms)
			EditorAssembliesLoaded (0ms)
		ExecutionOrderSort2 (0ms)
		AwakeInstancesAfterBackupRestoration (24ms)
Refreshing native plugins compatible for Editor in 0.39 ms, found 2 plugins.
Preloading 0 native plugins for Editor in 0.00 ms.
Unloading 15 Unused Serialized files (Serialized files now loaded: 0)
Unloading 4461 unused Assets / (4.3 MB). Loaded Objects now: 5613.
Memory consumption went from 134.3 MB to 130.0 MB.
Total: 8.231700 ms (FindLiveObjects: 0.677500 ms CreateObjectMapping: 0.241300 ms MarkObjects: 4.925400 ms  DeleteObjects: 2.385800 ms)

Prepare: number of updated asset objects reloaded= 0
========================================================================
Received Prepare
ETC Legacy compression has been deprecated and will be removed in a future release. You can review compressors in "Project Settings > Editor > Texture Compressors".
Begin MonoManager ReloadAssembly
[Licensing::Client] Successfully resolved entitlement details
[Licensing::Module] License group:
  Id: F4-S6VB-6VNM-MCA7-YRJZ-XXXX
  Product: Unity Personal
  Type: ULF
  Expiration: Unlimited
[Licensing::Module] License group:
  Id: 11270200047816-UnityPersXXXX
  Product: Unity Personal
  Type: Assigned
  Expiration: Unlimited
- Loaded All Assemblies, in  0.704 seconds
Refreshing native plugins compatible for Editor in 0.39 ms, found 2 plugins.
Native extension for WindowsStandalone target not found
[Package Manager] Failed to launch server process. Reason: Unity was launched with the -noUpm command-line argument
[Package Manager] Unable to send message (not connected to server process).
[Package Manager] Cannot connect to Unity Package Manager local server
[MODES] ModeService[none].Initialize
[MODES] ModeService[none].LoadModes
Mono: successfully reloaded assembly
- Finished resetting the current domain, in  0.734 seconds
Domain Reload Profiling: 1439ms
	BeginReloadAssembly (244ms)
		ExecutionOrderSort (0ms)
		DisableScriptedObjects (9ms)
		BackupInstance (0ms)
		ReleaseScriptingObjects (0ms)
		CreateAndSetChildDomain (50ms)
	RebuildCommonClasses (41ms)
	RebuildNativeTypeToScriptingClass (15ms)
	initialDomainReloadingComplete (29ms)
	LoadAllAssembliesAndSetupDomain (376ms)
		LoadAssemblies (323ms)
		RebuildTransferFunctionScriptingTraits (0ms)
		AnalyzeDomain (170ms)
			TypeCache.Refresh (6ms)
				TypeCache.ScanAssembly (0ms)
			BuildScriptInfoCaches (151ms)
			ResolveRequiredComponents (10ms)
	FinalizeReload (735ms)
		ReleaseScriptCaches (0ms)
		RebuildScriptCaches (0ms)
		SetupLoadedEditorAssemblies (571ms)
			LogAssemblyErrors (0ms)
			InitializePlatformSupportModulesInManaged (2ms)
			SetLoadedEditorAssemblies (3ms)
			BeforeProcessingInitializeOnLoad (109ms)
			ProcessInitializeOnLoadAttributes (336ms)
			ProcessInitializeOnLoadMethodAttributes (116ms)
			AfterProcessingInitializeOnLoad (5ms)
			EditorAssembliesLoaded (0ms)
		ExecutionOrderSort2 (0ms)
		AwakeInstancesAfterBackupRestoration (22ms)
Refreshing native plugins compatible for Editor in 0.30 ms, found 2 plugins.
Preloading 0 native plugins for Editor in 0.00 ms.
Unloading 15 Unused Serialized files (Serialized files now loaded: 0)
Unloading 4461 unused Assets / (3.7 MB). Loaded Objects now: 5616.
Memory consumption went from 134.3 MB to 130.6 MB.
Total: 8.700800 ms (FindLiveObjects: 0.712700 ms CreateObjectMapping: 0.490100 ms MarkObjects: 5.257500 ms  DeleteObjects: 2.238100 ms)

Prepare: number of updated asset objects reloaded= 0
========================================================================
Received Import Request.
  Time since last request: 2723.309233 seconds.
  path: Assets/Materials/Yellow 1.mat
  artifactKey: Guid(73b6d814027472d46b7401d01c3cfd83) Importer(815301076,1909f56bfc062723c751e8b465ee728b)
Start importing Assets/Materials/Yellow 1.mat using Guid(73b6d814027472d46b7401d01c3cfd83) Importer(815301076,1909f56bfc062723c751e8b465ee728b) (PreviewImporter) -> (artifact id: '3f02f67c6cc56f42d6f578ddc35f824e') in 0.5083861 seconds
Number of updated asset objects reloaded before import = 0Number of asset objects unloaded after import = 3

========================================================================
Received Import Request.
  Time since last request: 6.095895 seconds.
  path: Assets/Materials/black.mat
  artifactKey: Guid(73b6d814027472d46b7401d01c3cfd83) Importer(815301076,1909f56bfc062723c751e8b465ee728b)
Start importing Assets/Materials/black.mat using Guid(73b6d814027472d46b7401d01c3cfd83) Importer(815301076,1909f56bfc062723c751e8b465ee728b) (PreviewImporter) -> (artifact id: 'fcb6bfc5fac306a5f812e3140c7332ea') in 0.0200956 seconds
Number of updated asset objects reloaded before import = 0Number of asset objects unloaded after import = 2

========================================================================
Received Import Request.
  Time since last request: 115.632670 seconds.
  path: Assets/Materials/black.mat
  artifactKey: Guid(73b6d814027472d46b7401d01c3cfd83) Importer(815301076,1909f56bfc062723c751e8b465ee728b)
Start importing Assets/Materials/black.mat using Guid(73b6d814027472d46b7401d01c3cfd83) Importer(815301076,1909f56bfc062723c751e8b465ee728b) (PreviewImporter) -> (artifact id: 'f54a44c20fba7d1ad1bb249c14184344') in 0.021383 seconds
Number of updated asset objects reloaded before import = 0Number of asset objects unloaded after import = 2

========================================================================
Received Import Request.
  Time since last request: 22.339496 seconds.
  path: Assets/Materials/black.mat
  artifactKey: Guid(73b6d814027472d46b7401d01c3cfd83) Importer(815301076,1909f56bfc062723c751e8b465ee728b)
Start importing Assets/Materials/black.mat using Guid(73b6d814027472d46b7401d01c3cfd83) Importer(815301076,1909f56bfc062723c751e8b465ee728b) (PreviewImporter) -> (artifact id: 'b3191df151d8f8195535c936f2785962') in 0.0225102 seconds
Number of updated asset objects reloaded before import = 0Number of asset objects unloaded after import = 2

========================================================================
Received Prepare
ETC Legacy compression has been deprecated and will be removed in a future release. You can review compressors in "Project Settings > Editor > Texture Compressors".
Begin MonoManager ReloadAssembly
[Licensing::Client] Successfully resolved entitlement details
[Licensing::Module] License group:
  Id: F4-S6VB-6VNM-MCA7-YRJZ-XXXX
  Product: Unity Personal
  Type: ULF
  Expiration: Unlimited
[Licensing::Module] License group:
  Id: 11270200047816-UnityPersXXXX
  Product: Unity Personal
  Type: Assigned
  Expiration: Unlimited
- Loaded All Assemblies, in  0.928 seconds
Refreshing native plugins compatible for Editor in 0.25 ms, found 2 plugins.
Native extension for WindowsStandalone target not found
[Package Manager] Failed to launch server process. Reason: Unity was launched with the -noUpm command-line argument
[Package Manager] Unable to send message (not connected to server process).
[Package Manager] Cannot connect to Unity Package Manager local server
[MODES] ModeService[none].Initialize
[MODES] ModeService[none].LoadModes
Mono: successfully reloaded assembly
- Finished resetting the current domain, in  1.262 seconds
Domain Reload Profiling: 2192ms
	BeginReloadAssembly (310ms)
		ExecutionOrderSort (0ms)
		DisableScriptedObjects (27ms)
		BackupInstance (0ms)
		ReleaseScriptingObjects (0ms)
		CreateAndSetChildDomain (92ms)
	RebuildCommonClasses (53ms)
	RebuildNativeTypeToScriptingClass (16ms)
	initialDomainReloadingComplete (38ms)
	LoadAllAssembliesAndSetupDomain (513ms)
		LoadAssemblies (429ms)
		RebuildTransferFunctionScriptingTraits (0ms)
		AnalyzeDomain (204ms)
			TypeCache.Refresh (7ms)
				TypeCache.ScanAssembly (0ms)
			BuildScriptInfoCaches (181ms)
			ResolveRequiredComponents (12ms)
	FinalizeReload (1263ms)
		ReleaseScriptCaches (0ms)
		RebuildScriptCaches (0ms)
		SetupLoadedEditorAssemblies (889ms)
			LogAssemblyErrors (0ms)
			InitializePlatformSupportModulesInManaged (2ms)
			SetLoadedEditorAssemblies (5ms)
			BeforeProcessingInitializeOnLoad (162ms)
			ProcessInitializeOnLoadAttributes (543ms)
			ProcessInitializeOnLoadMethodAttributes (162ms)
			AfterProcessingInitializeOnLoad (14ms)
			EditorAssembliesLoaded (0ms)
		ExecutionOrderSort2 (0ms)
		AwakeInstancesAfterBackupRestoration (85ms)
Refreshing native plugins compatible for Editor in 0.46 ms, found 2 plugins.
Preloading 0 native plugins for Editor in 0.00 ms.
Unloading 15 Unused Serialized files (Serialized files now loaded: 0)
Unloading 4462 unused Assets / (4.2 MB). Loaded Objects now: 5639.
Memory consumption went from 134.5 MB to 130.3 MB.
Total: 11.516500 ms (FindLiveObjects: 0.798300 ms CreateObjectMapping: 0.346600 ms MarkObjects: 6.763800 ms  DeleteObjects: 3.604900 ms)

Prepare: number of updated asset objects reloaded= 0
========================================================================
Received Import Request.
  Time since last request: 1191.079465 seconds.
  path: Assets/Shaders/DarkGreenLine.mat
  artifactKey: Guid(771413c79bd133047a71118708791d96) Importer(815301076,1909f56bfc062723c751e8b465ee728b)
Start importing Assets/Shaders/DarkGreenLine.mat using Guid(771413c79bd133047a71118708791d96) Importer(815301076,1909f56bfc062723c751e8b465ee728b) (PreviewImporter) -> (artifact id: '4a655ab5c491630ed8d67fd168f22609') in 0.607786 seconds
Number of updated asset objects reloaded before import = 0Number of asset objects unloaded after import = 3

========================================================================
Received Import Request.
  Time since last request: 36.151964 seconds.
  path: Assets/Shaders/YellowLine.mat
  artifactKey: Guid(150af693a6723874d9e4300d68e8cf38) Importer(815301076,1909f56bfc062723c751e8b465ee728b)
Start importing Assets/Shaders/YellowLine.mat using Guid(150af693a6723874d9e4300d68e8cf38) Importer(815301076,1909f56bfc062723c751e8b465ee728b) (PreviewImporter) -> (artifact id: '1f992b837b0df4c0477c61609c69696f') in 0.0270458 seconds
Number of updated asset objects reloaded before import = 0Number of asset objects unloaded after import = 2

========================================================================
Received Import Request.
  Time since last request: 923.442574 seconds.
  path: Assets/Shaders/tetri.ttf
  artifactKey: Guid(145f2668928761a439c97a4bccab7fff) Importer(815301076,1909f56bfc062723c751e8b465ee728b)
Start importing Assets/Shaders/tetri.ttf using Guid(145f2668928761a439c97a4bccab7fff) Importer(815301076,1909f56bfc062723c751e8b465ee728b) (PreviewImporter) -> (artifact id: '2268245b8625e2944ecd750e3b971be4') in 0.0511009 seconds
Number of updated asset objects reloaded before import = 0Number of asset objects unloaded after import = 4

========================================================================
Received Import Request.
  Time since last request: 6.406928 seconds.
  path: Assets/Scripts/BaryCentricCoordinates.cs
  artifactKey: Guid(c7db3b45a1bcf0348a73f005813db213) Importer(2089858483,192608db42251d675da83286b1cce702)
Start importing Assets/Scripts/BaryCentricCoordinates.cs using Guid(c7db3b45a1bcf0348a73f005813db213) Importer(2089858483,192608db42251d675da83286b1cce702) (ScriptedImporter) -> (artifact id: 'c60d41f11029b8919e43851af4fc995a') in 0.398989 seconds
Number of updated asset objects reloaded before import = 0Number of asset objects unloaded after import = 0

========================================================================
Received Import Request.
  Time since last request: 0.000062 seconds.
  path: Assets/Shaders/whiteborder.png
  artifactKey: Guid(77f1fb96b181468498e4f2ebdbdc718a) Importer(2089858483,192608db42251d675da83286b1cce702)
Start importing Assets/Shaders/whiteborder.png using Guid(77f1fb96b181468498e4f2ebdbdc718a) Importer(2089858483,192608db42251d675da83286b1cce702) (ScriptedImporter) -> (artifact id: '87387e85f7913e90df12589a003366d2') in 0.122501 seconds
Number of updated asset objects reloaded before import = 0Number of asset objects unloaded after import = 3

========================================================================
Received Import Request.
  Time since last request: 0.000057 seconds.
  path: Assets/Materials/Purple.mat
  artifactKey: Guid(29c8911a7de6b4123a8c71ca6876f1bc) Importer(2089858483,192608db42251d675da83286b1cce702)
Start importing Assets/Materials/Purple.mat using Guid(29c8911a7de6b4123a8c71ca6876f1bc) Importer(2089858483,192608db42251d675da83286b1cce702) (ScriptedImporter) -> (artifact id: '1095b7c51ef34466b29aa17bb6a23e8e') in 0.0496939 seconds
Number of updated asset objects reloaded before import = 0Number of asset objects unloaded after import = 2

========================================================================
Received Import Request.
  Time since last request: 0.000043 seconds.
  path: Assets/Materials/Green.mat
  artifactKey: Guid(b73ee4be1a4d54849bda808323021c0c) Importer(2089858483,192608db42251d675da83286b1cce702)
Start importing Assets/Materials/Green.mat using Guid(b73ee4be1a4d54849bda808323021c0c) Importer(2089858483,192608db42251d675da83286b1cce702) (ScriptedImporter) -> (artifact id: '95b47e27c3edb323bbb932377b3394e3') in 0.0169905 seconds
Number of updated asset objects reloaded before import = 0Number of asset objects unloaded after import = 2

========================================================================
Received Import Request.
  Time since last request: 0.000034 seconds.
  path: Assets/Materials/BrightBlue.mat
  artifactKey: Guid(2e4175510fef647ef90a69e25dcd3427) Importer(2089858483,192608db42251d675da83286b1cce702)
Start importing Assets/Materials/BrightBlue.mat using Guid(2e4175510fef647ef90a69e25dcd3427) Importer(2089858483,192608db42251d675da83286b1cce702) (ScriptedImporter) -> (artifact id: 'd66caa88f9ed31781a109a94a7317493') in 0.0203843 seconds
Number of updated asset objects reloaded before import = 0Number of asset objects unloaded after import = 2

========================================================================
Received Import Request.
  Time since last request: 0.000033 seconds.
  path: Assets/Scenes/Main/CubeDone Profile.asset
  artifactKey: Guid(28eb36bb46e4bb84a80a091c96c69af5) Importer(2089858483,192608db42251d675da83286b1cce702)
Start importing Assets/Scenes/Main/CubeDone Profile.asset using Guid(28eb36bb46e4bb84a80a091c96c69af5) Importer(2089858483,192608db42251d675da83286b1cce702) (ScriptedImporter) -> (artifact id: '391d24348dfc57ae91ad6c5cca206ef3') in 0.021384 seconds
Number of updated asset objects reloaded before import = 0Number of asset objects unloaded after import = 2

========================================================================
Received Import Request.
  Time since last request: 0.000066 seconds.
  path: Assets/Materials/Yellow.mat
  artifactKey: Guid(bc89bd8ba308c4a54ab39847c9a48cd3) Importer(2089858483,192608db42251d675da83286b1cce702)
Start importing Assets/Materials/Yellow.mat using Guid(bc89bd8ba308c4a54ab39847c9a48cd3) Importer(2089858483,192608db42251d675da83286b1cce702) (ScriptedImporter) -> (artifact id: '85a2db30fb34c568635bf5e7c13dc054') in 0.0595529 seconds
Number of updated asset objects reloaded before import = 0Number of asset objects unloaded after import = 2

========================================================================
Received Import Request.
  Time since last request: 0.000052 seconds.
  path: Assets/Scenes/Main.unity
  artifactKey: Guid(deac80e34eb314406b365f9cc4b09fc9) Importer(2089858483,192608db42251d675da83286b1cce702)
Start importing Assets/Scenes/Main.unity using Guid(deac80e34eb314406b365f9cc4b09fc9) Importer(2089858483,192608db42251d675da83286b1cce702) (ScriptedImporter) -> (artifact id: '4014f63344c60b1e3cb69931d5fe64ad') in 0.0323001 seconds
Number of updated asset objects reloaded before import = 0Number of asset objects unloaded after import = 1

========================================================================
Received Import Request.
  Time since last request: 0.000035 seconds.
  path: Assets/Materials/Cloud2.mat
  artifactKey: Guid(5c8ad53f9a9f940d5b2c7ce41c3f1740) Importer(2089858483,192608db42251d675da83286b1cce702)
Start importing Assets/Materials/Cloud2.mat using Guid(5c8ad53f9a9f940d5b2c7ce41c3f1740) Importer(2089858483,192608db42251d675da83286b1cce702) (ScriptedImporter) -> (artifact id: 'bb5a6e02f26663657b5052ff049bc06d') in 0.0853723 seconds
Number of updated asset objects reloaded before import = 0Number of asset objects unloaded after import = 1

========================================================================
Received Import Request.
  Time since last request: 0.000057 seconds.
  path: Assets/Resources/Cube 1.prefab
  artifactKey: Guid(23e102effb56b984b8e01ef8d4ab0363) Importer(2089858483,192608db42251d675da83286b1cce702)
Start importing Assets/Resources/Cube 1.prefab using Guid(23e102effb56b984b8e01ef8d4ab0363) Importer(2089858483,192608db42251d675da83286b1cce702) (ScriptedImporter) -> (artifact id: '0ba66627ad154806645b8ccf0bd644a9') in 0.3320117 seconds
Number of updated asset objects reloaded before import = 0Number of asset objects unloaded after import = 10

========================================================================
Received Import Request.
  Time since last request: 0.000052 seconds.
  path: Assets/Shaders/YellowLine.mat
  artifactKey: Guid(150af693a6723874d9e4300d68e8cf38) Importer(2089858483,192608db42251d675da83286b1cce702)
Start importing Assets/Shaders/YellowLine.mat using Guid(150af693a6723874d9e4300d68e8cf38) Importer(2089858483,192608db42251d675da83286b1cce702) (ScriptedImporter) -> (artifact id: 'ad66791c81d41e09b80494716de2acb8') in 0.0222209 seconds
Number of updated asset objects reloaded before import = 0Number of asset objects unloaded after import = 2

========================================================================
Received Import Request.
  Time since last request: 0.000046 seconds.
  path: Assets/Shaders/tetri.ttf
  artifactKey: Guid(145f2668928761a439c97a4bccab7fff) Importer(2089858483,192608db42251d675da83286b1cce702)
Start importing Assets/Shaders/tetri.ttf using Guid(145f2668928761a439c97a4bccab7fff) Importer(2089858483,192608db42251d675da83286b1cce702) (ScriptedImporter) -> (artifact id: '3fb6c0de5420b2dbb97e9ab8f803dada') in 0.067423 seconds
Number of updated asset objects reloaded before import = 0Number of asset objects unloaded after import = 3

========================================================================
Received Import Request.
  Time since last request: 0.000034 seconds.
  path: Assets/Materials/Border.mat
  artifactKey: Guid(e098479a6c74845c186b5118b5b06360) Importer(2089858483,192608db42251d675da83286b1cce702)
Start importing Assets/Materials/Border.mat using Guid(e098479a6c74845c186b5118b5b06360) Importer(2089858483,192608db42251d675da83286b1cce702) (ScriptedImporter) -> (artifact id: 'ab66ac47983fba44bb78254ef86318ad') in 0.0498431 seconds
Number of updated asset objects reloaded before import = 0Number of asset objects unloaded after import = 3

========================================================================
Received Import Request.
  Time since last request: 0.000035 seconds.
  path: Assets/Resources/Z2.prefab
  artifactKey: Guid(08a27e20b1dfd4e6aa6ddb9b64a9033a) Importer(2089858483,192608db42251d675da83286b1cce702)
Start importing Assets/Resources/Z2.prefab using Guid(08a27e20b1dfd4e6aa6ddb9b64a9033a) Importer(2089858483,192608db42251d675da83286b1cce702) (ScriptedImporter) -> (artifact id: '62dfdf08e2e57940463ee26c8741b2ab') in 0.0284352 seconds
Number of updated asset objects reloaded before import = 0Number of asset objects unloaded after import = 27

========================================================================
Received Import Request.
  Time since last request: 0.000066 seconds.
  path: Assets/Materials/Cloud.mat
  artifactKey: Guid(cc9b1ca200bff41f8bbdeaace001e6ce) Importer(2089858483,192608db42251d675da83286b1cce702)
Start importing Assets/Materials/Cloud.mat using Guid(cc9b1ca200bff41f8bbdeaace001e6ce) Importer(2089858483,192608db42251d675da83286b1cce702) (ScriptedImporter) -> (artifact id: 'f263040d279b9969cc48ae90bbe7d426') in 0.1284789 seconds
Number of updated asset objects reloaded before import = 0Number of asset objects unloaded after import = 1

========================================================================
Received Import Request.
  Time since last request: 0.000036 seconds.
  path: Assets/Materials/Orange.mat
  artifactKey: Guid(a6d30d537a9bb594693a599869675dcb) Importer(2089858483,192608db42251d675da83286b1cce702)
Start importing Assets/Materials/Orange.mat using Guid(a6d30d537a9bb594693a599869675dcb) Importer(2089858483,192608db42251d675da83286b1cce702) (ScriptedImporter) -> (artifact id: '3efc2e477b11a605f9252c31726fbb7a') in 0.0176172 seconds
Number of updated asset objects reloaded before import = 0Number of asset objects unloaded after import = 2

========================================================================
Received Import Request.
  Time since last request: 0.000052 seconds.
  path: Assets/Fonts
  artifactKey: Guid(216f1b7b9880af342935d80e6f6e052c) Importer(815301076,1909f56bfc062723c751e8b465ee728b)
Start importing Assets/Fonts using Guid(216f1b7b9880af342935d80e6f6e052c) Importer(815301076,1909f56bfc062723c751e8b465ee728b) (PreviewImporter) -> (artifact id: '9d56ee30ca17708fd5adb887f344ef39') in 0.0007902 seconds
Number of updated asset objects reloaded before import = 0Number of asset objects unloaded after import = 0

========================================================================
Received Import Request.
  Time since last request: 7.687989 seconds.
  path: Assets/Shaders/URP Edge Stroke Shader.shader
  artifactKey: Guid(d351edf1ab4b9e446bd9f6aa74ecb8bd) Importer(2089858483,192608db42251d675da83286b1cce702)
Start importing Assets/Shaders/URP Edge Stroke Shader.shader using Guid(d351edf1ab4b9e446bd9f6aa74ecb8bd) Importer(2089858483,192608db42251d675da83286b1cce702) (ScriptedImporter) -> (artifact id: '29f5346d1d1d5834355b10b031fe00b7') in 0.021827 seconds
Number of updated asset objects reloaded before import = 0Number of asset objects unloaded after import = 1

========================================================================
Received Import Request.
  Time since last request: 0.000033 seconds.
  path: Assets/Scripts/Movement.cs
  artifactKey: Guid(a54de5dc86f4e439399b290a8e7637f7) Importer(2089858483,192608db42251d675da83286b1cce702)
Start importing Assets/Scripts/Movement.cs using Guid(a54de5dc86f4e439399b290a8e7637f7) Importer(2089858483,192608db42251d675da83286b1cce702) (ScriptedImporter) -> (artifact id: 'fcd22b7bd582ec80aecfc7c07ee0d434') in 0.0165832 seconds
Number of updated asset objects reloaded before import = 0Number of asset objects unloaded after import = 0

========================================================================
Received Import Request.
  Time since last request: 0.000040 seconds.
  path: Assets/Resources/T.prefab
  artifactKey: Guid(9336f9799086c48969588c424eb4260e) Importer(2089858483,192608db42251d675da83286b1cce702)
Start importing Assets/Resources/T.prefab using Guid(9336f9799086c48969588c424eb4260e) Importer(2089858483,192608db42251d675da83286b1cce702) (ScriptedImporter) -> (artifact id: '61f0ecaa6f958dfa50ffca42ed868db3') in 0.0182295 seconds
Number of updated asset objects reloaded before import = 0Number of asset objects unloaded after import = 27

========================================================================
Received Import Request.
  Time since last request: 0.000055 seconds.
  path: Assets/Resources/CubeDone.prefab
  artifactKey: Guid(59f53938417176a4ba8e13a0642fedfb) Importer(2089858483,192608db42251d675da83286b1cce702)
Start importing Assets/Resources/CubeDone.prefab using Guid(59f53938417176a4ba8e13a0642fedfb) Importer(2089858483,192608db42251d675da83286b1cce702) (ScriptedImporter) -> (artifact id: '92e0ddc8e442e6d85ae689c4fec5fbd6') in 0.0476313 seconds
Number of updated asset objects reloaded before import = 0Number of asset objects unloaded after import = 10

========================================================================
Received Import Request.
  Time since last request: 0.000073 seconds.
  path: Assets/Resources/O.prefab
  artifactKey: Guid(4a17950ef5b8e46dfa64b099a87ecd33) Importer(2089858483,192608db42251d675da83286b1cce702)
Start importing Assets/Resources/O.prefab using Guid(4a17950ef5b8e46dfa64b099a87ecd33) Importer(2089858483,192608db42251d675da83286b1cce702) (ScriptedImporter) -> (artifact id: '7b34a3a94eb0fcad9c89dd854428f712') in 0.0186274 seconds
Number of updated asset objects reloaded before import = 0Number of asset objects unloaded after import = 27

========================================================================
Received Import Request.
  Time since last request: 0.000028 seconds.
  path: Assets/Shaders/RedLine.mat
  artifactKey: Guid(28d3966bbcbc67545b258087757b0795) Importer(2089858483,192608db42251d675da83286b1cce702)
Start importing Assets/Shaders/RedLine.mat using Guid(28d3966bbcbc67545b258087757b0795) Importer(2089858483,192608db42251d675da83286b1cce702) (ScriptedImporter) -> (artifact id: '162aea15cb614eb654764c0622e6155c') in 0.0211597 seconds
Number of updated asset objects reloaded before import = 0Number of asset objects unloaded after import = 2

========================================================================
Received Import Request.
  Time since last request: 0.000030 seconds.
  path: Assets/Resources/Z1.prefab
  artifactKey: Guid(6e430afbf1b6849b897fe7413e7cbab5) Importer(2089858483,192608db42251d675da83286b1cce702)
Start importing Assets/Resources/Z1.prefab using Guid(6e430afbf1b6849b897fe7413e7cbab5) Importer(2089858483,192608db42251d675da83286b1cce702) (ScriptedImporter) -> (artifact id: 'd1030132f13a465a6eccbd53446a2f1e') in 0.0194382 seconds
Number of updated asset objects reloaded before import = 0Number of asset objects unloaded after import = 27

========================================================================
Received Import Request.
  Time since last request: 0.000028 seconds.
  path: Assets/Resources/L2.prefab
  artifactKey: Guid(14125b05857d84fc1a861ee8bea8acd2) Importer(2089858483,192608db42251d675da83286b1cce702)
Start importing Assets/Resources/L2.prefab using Guid(14125b05857d84fc1a861ee8bea8acd2) Importer(2089858483,192608db42251d675da83286b1cce702) (ScriptedImporter) -> (artifact id: '48e3902ff604ea56a08902d78df3c7f3') in 0.0511761 seconds
Number of updated asset objects reloaded before import = 0Number of asset objects unloaded after import = 27

========================================================================
Received Import Request.
  Time since last request: 0.000053 seconds.
  path: Assets/Shaders/PurbleLine 1.mat
  artifactKey: Guid(bff35e952c7fdc34ea17222273a61773) Importer(2089858483,192608db42251d675da83286b1cce702)
Start importing Assets/Shaders/PurbleLine 1.mat using Guid(bff35e952c7fdc34ea17222273a61773) Importer(2089858483,192608db42251d675da83286b1cce702) (ScriptedImporter) -> (artifact id: 'c5ec883548045916f257a812974b6eff') in 0.0285665 seconds
Number of updated asset objects reloaded before import = 0Number of asset objects unloaded after import = 2

========================================================================
Received Import Request.
  Time since last request: 0.000030 seconds.
  path: Assets/Resources/I.prefab
  artifactKey: Guid(af89d980ec7414879ac32890d324f7db) Importer(2089858483,192608db42251d675da83286b1cce702)
Start importing Assets/Resources/I.prefab using Guid(af89d980ec7414879ac32890d324f7db) Importer(2089858483,192608db42251d675da83286b1cce702) (ScriptedImporter) -> (artifact id: 'ef40a2991d355f94bfd1a621877675a8') in 0.0459891 seconds
Number of updated asset objects reloaded before import = 0Number of asset objects unloaded after import = 27

========================================================================
Received Import Request.
  Time since last request: 0.000033 seconds.
  path: Assets/Shaders/DarkGreenLine.mat
  artifactKey: Guid(771413c79bd133047a71118708791d96) Importer(2089858483,192608db42251d675da83286b1cce702)
Start importing Assets/Shaders/DarkGreenLine.mat using Guid(771413c79bd133047a71118708791d96) Importer(2089858483,192608db42251d675da83286b1cce702) (ScriptedImporter) -> (artifact id: 'c548b5f71b66551fe99ba79362933c11') in 0.0209137 seconds
Number of updated asset objects reloaded before import = 0Number of asset objects unloaded after import = 2

========================================================================
Received Import Request.
  Time since last request: 0.974635 seconds.
  path: Assets/Fonts/tetri.ttf
  artifactKey: Guid(145f2668928761a439c97a4bccab7fff) Importer(2089858483,192608db42251d675da83286b1cce702)
Start importing Assets/Fonts/tetri.ttf using Guid(145f2668928761a439c97a4bccab7fff) Importer(2089858483,192608db42251d675da83286b1cce702) (ScriptedImporter) -> (artifact id: '95323ac5bca2217c0d5be5bb7bd257c9') in 0.0218355 seconds
Number of updated asset objects reloaded before import = 0Number of asset objects unloaded after import = 3

========================================================================
Received Import Request.
  Time since last request: 0.611374 seconds.
  path: Assets/Fonts
  artifactKey: Guid(216f1b7b9880af342935d80e6f6e052c) Importer(2089858483,192608db42251d675da83286b1cce702)
Start importing Assets/Fonts using Guid(216f1b7b9880af342935d80e6f6e052c) Importer(2089858483,192608db42251d675da83286b1cce702) (ScriptedImporter) -> (artifact id: 'c28dde19f677bee8386d06dbcf4018d0') in 0.0495486 seconds
Number of updated asset objects reloaded before import = 0Number of asset objects unloaded after import = 1

========================================================================
Received Prepare
ETC Legacy compression has been deprecated and will be removed in a future release. You can review compressors in "Project Settings > Editor > Texture Compressors".
Refreshing native plugins compatible for Editor in 0.34 ms, found 2 plugins.
Preloading 0 native plugins for Editor in 0.00 ms.
Unloading 15 Unused Serialized files (Serialized files now loaded: 0)
Unloading 4460 unused Assets / (4.3 MB). Loaded Objects now: 5776.
Memory consumption went from 136.1 MB to 131.8 MB.
Total: 16.161500 ms (FindLiveObjects: 0.888500 ms CreateObjectMapping: 0.392200 ms MarkObjects: 11.840700 ms  DeleteObjects: 3.032500 ms)

Prepare: number of updated asset objects reloaded= 0
========================================================================
Received Import Request.
  Time since last request: 42.597845 seconds.
  path: Assets/Scripts/Highscore.cs
  artifactKey: Guid(c6a570b622b2b45a6a1d59473d61427f) Importer(2089858483,192608db42251d675da83286b1cce702)
Start importing Assets/Scripts/Highscore.cs using Guid(c6a570b622b2b45a6a1d59473d61427f) Importer(2089858483,192608db42251d675da83286b1cce702) (ScriptedImporter) -> (artifact id: 'c05464a9351e3fa6614df1b6bb4144bc') in 0.0650168 seconds
Number of updated asset objects reloaded before import = 0Number of asset objects unloaded after import = 0

========================================================================
Received Prepare
ETC Legacy compression has been deprecated and will be removed in a future release. You can review compressors in "Project Settings > Editor > Texture Compressors".
Begin MonoManager ReloadAssembly
[Licensing::Client] Successfully resolved entitlement details
[Licensing::Module] License group:
  Id: F4-S6VB-6VNM-MCA7-YRJZ-XXXX
  Product: Unity Personal
  Type: ULF
  Expiration: Unlimited
[Licensing::Module] License group:
  Id: 11270200047816-UnityPersXXXX
  Product: Unity Personal
  Type: Assigned
  Expiration: Unlimited
- Loaded All Assemblies, in  2.087 seconds
Refreshing native plugins compatible for Editor in 0.32 ms, found 2 plugins.
Native extension for WindowsStandalone target not found
[Package Manager] Failed to launch server process. Reason: Unity was launched with the -noUpm command-line argument
[Package Manager] Unable to send message (not connected to server process).
[Package Manager] Cannot connect to Unity Package Manager local server
[MODES] ModeService[none].Initialize
[MODES] ModeService[none].LoadModes
Mono: successfully reloaded assembly
- Finished resetting the current domain, in  1.140 seconds
Domain Reload Profiling: 3230ms
	BeginReloadAssembly (443ms)
		ExecutionOrderSort (0ms)
		DisableScriptedObjects (34ms)
		BackupInstance (0ms)
		ReleaseScriptingObjects (0ms)
		CreateAndSetChildDomain (112ms)
	RebuildCommonClasses (44ms)
	RebuildNativeTypeToScriptingClass (15ms)
	initialDomainReloadingComplete (31ms)
	LoadAllAssembliesAndSetupDomain (1556ms)
		LoadAssemblies (1522ms)
		RebuildTransferFunctionScriptingTraits (0ms)
		AnalyzeDomain (214ms)
			TypeCache.Refresh (11ms)
				TypeCache.ScanAssembly (0ms)
			BuildScriptInfoCaches (187ms)
			ResolveRequiredComponents (11ms)
	FinalizeReload (1141ms)
		ReleaseScriptCaches (0ms)
		RebuildScriptCaches (0ms)
		SetupLoadedEditorAssemblies (891ms)
			LogAssemblyErrors (0ms)
			InitializePlatformSupportModulesInManaged (2ms)
			SetLoadedEditorAssemblies (6ms)
			BeforeProcessingInitializeOnLoad (322ms)
			ProcessInitializeOnLoadAttributes (393ms)
			ProcessInitializeOnLoadMethodAttributes (157ms)
			AfterProcessingInitializeOnLoad (10ms)
			EditorAssembliesLoaded (1ms)
		ExecutionOrderSort2 (0ms)
		AwakeInstancesAfterBackupRestoration (37ms)
Refreshing native plugins compatible for Editor in 1.08 ms, found 2 plugins.
Preloading 0 native plugins for Editor in 0.00 ms.
Unloading 15 Unused Serialized files (Serialized files now loaded: 0)
Unloading 4461 unused Assets / (3.8 MB). Loaded Objects now: 5666.
Memory consumption went from 134.7 MB to 130.9 MB.
Total: 10.019800 ms (FindLiveObjects: 0.711100 ms CreateObjectMapping: 0.778500 ms MarkObjects: 5.862700 ms  DeleteObjects: 2.665000 ms)

Prepare: number of updated asset objects reloaded= 0
========================================================================
Received Import Request.
  Time since last request: 637.184821 seconds.
  path: Assets/Fonts/tetri SDF.asset
  artifactKey: Guid(313025e0909566d4fa57172e6080527a) Importer(815301076,1909f56bfc062723c751e8b465ee728b)
Start importing Assets/Fonts/tetri SDF.asset using Guid(313025e0909566d4fa57172e6080527a) Importer(815301076,1909f56bfc062723c751e8b465ee728b) (PreviewImporter)Shader 'TextMeshPro/Distance Field': fallback shader 'TextMeshPro/Mobile/Distance Field' not found
 -> (artifact id: '57428d931a92f94b057c731f8164e061') in 1.4623523 seconds
Number of updated asset objects reloaded before import = 0Number of asset objects unloaded after import = 6

========================================================================
Received Import Request.
  Time since last request: 6.078038 seconds.
  path: Assets/Fonts/tetri SDF.asset
  artifactKey: Guid(313025e0909566d4fa57172e6080527a) Importer(815301076,1909f56bfc062723c751e8b465ee728b)
Start importing Assets/Fonts/tetri SDF.asset using Guid(313025e0909566d4fa57172e6080527a) Importer(815301076,1909f56bfc062723c751e8b465ee728b) (PreviewImporter)Shader 'TextMeshPro/Distance Field': fallback shader 'TextMeshPro/Mobile/Distance Field' not found
 -> (artifact id: 'bc809a242bc318cdd1664d93f67c03e4') in 0.0364588 seconds
Number of updated asset objects reloaded before import = 0Number of asset objects unloaded after import = 5

========================================================================
Received Import Request.
  Time since last request: 102.343632 seconds.
  path: Assets/TextMesh Pro/Resources/Fonts & Materials/LiberationSans SDF.asset
  artifactKey: Guid(8f586378b4e144a9851e7b34d9b748ee) Importer(815301076,1909f56bfc062723c751e8b465ee728b)
Start importing Assets/TextMesh Pro/Resources/Fonts & Materials/LiberationSans SDF.asset using Guid(8f586378b4e144a9851e7b34d9b748ee) Importer(815301076,1909f56bfc062723c751e8b465ee728b) (PreviewImporter) -> (artifact id: '3ccd8b1cce1fee9d776fe90e6fae026a') in 0.1508941 seconds
Number of updated asset objects reloaded before import = 0Number of asset objects unloaded after import = 10

========================================================================
Received Import Request.
  Time since last request: 1046.843996 seconds.
  path: Assets/Fonts/Game Paused DEMO.otf
  artifactKey: Guid(35858023f10ce174ba3570e42c484096) Importer(815301076,1909f56bfc062723c751e8b465ee728b)
Start importing Assets/Fonts/Game Paused DEMO.otf using Guid(35858023f10ce174ba3570e42c484096) Importer(815301076,1909f56bfc062723c751e8b465ee728b) (PreviewImporter) -> (artifact id: '4993c479e67e4874690372ddb4fe0e89') in 0.0296984 seconds
Number of updated asset objects reloaded before import = 0Number of asset objects unloaded after import = 4

========================================================================
Received Import Request.
  Time since last request: 27.052856 seconds.
  path: Assets/Fonts/Game Paused DEMO SDF.asset
  artifactKey: Guid(b77298fe073f7d347aa1006f1e21c848) Importer(815301076,1909f56bfc062723c751e8b465ee728b)
Start importing Assets/Fonts/Game Paused DEMO SDF.asset using Guid(b77298fe073f7d347aa1006f1e21c848) Importer(815301076,1909f56bfc062723c751e8b465ee728b) (PreviewImporter)Shader 'TextMeshPro/Distance Field': fallback shader 'TextMeshPro/Mobile/Distance Field' not found
 -> (artifact id: '961a64dab61a238fce245fb23f243fd8') in 0.1071462 seconds
Number of updated asset objects reloaded before import = 0Number of asset objects unloaded after import = 5

========================================================================
Received Prepare
ETC Legacy compression has been deprecated and will be removed in a future release. You can review compressors in "Project Settings > Editor > Texture Compressors".
Begin MonoManager ReloadAssembly
[Licensing::Client] Successfully resolved entitlement details
[Licensing::Module] License group:
  Id: F4-S6VB-6VNM-MCA7-YRJZ-XXXX
  Product: Unity Personal
  Type: ULF
  Expiration: Unlimited
[Licensing::Module] License group:
  Id: 11270200047816-UnityPersXXXX
  Product: Unity Personal
  Type: Assigned
  Expiration: Unlimited
- Loaded All Assemblies, in  4.331 seconds
Refreshing native plugins compatible for Editor in 0.52 ms, found 2 plugins.
Native extension for WindowsStandalone target not found
[Package Manager] Failed to launch server process. Reason: Unity was launched with the -noUpm command-line argument
[Package Manager] Unable to send message (not connected to server process).
[Package Manager] Cannot connect to Unity Package Manager local server
[MODES] ModeService[none].Initialize
[MODES] ModeService[none].LoadModes
Mono: successfully reloaded assembly
- Finished resetting the current domain, in  1.261 seconds
Domain Reload Profiling: 5594ms
	BeginReloadAssembly (886ms)
		ExecutionOrderSort (0ms)
		DisableScriptedObjects (30ms)
		BackupInstance (0ms)
		ReleaseScriptingObjects (0ms)
		CreateAndSetChildDomain (109ms)
	RebuildCommonClasses (249ms)
	RebuildNativeTypeToScriptingClass (17ms)
	initialDomainReloadingComplete (44ms)
	LoadAllAssembliesAndSetupDomain (3136ms)
		LoadAssemblies (3424ms)
		RebuildTransferFunctionScriptingTraits (0ms)
		AnalyzeDomain (363ms)
			TypeCache.Refresh (9ms)
				TypeCache.ScanAssembly (0ms)
			BuildScriptInfoCaches (335ms)
			ResolveRequiredComponents (14ms)
	FinalizeReload (1262ms)
		ReleaseScriptCaches (0ms)
		RebuildScriptCaches (0ms)
		SetupLoadedEditorAssemblies (1013ms)
			LogAssemblyErrors (0ms)
			InitializePlatformSupportModulesInManaged (2ms)
			SetLoadedEditorAssemblies (4ms)
			BeforeProcessingInitializeOnLoad (240ms)
			ProcessInitializeOnLoadAttributes (599ms)
			ProcessInitializeOnLoadMethodAttributes (161ms)
			AfterProcessingInitializeOnLoad (7ms)
			EditorAssembliesLoaded (0ms)
		ExecutionOrderSort2 (0ms)
		AwakeInstancesAfterBackupRestoration (28ms)
Refreshing native plugins compatible for Editor in 0.34 ms, found 2 plugins.
Preloading 0 native plugins for Editor in 0.00 ms.
Unloading 29 Unused Serialized files (Serialized files now loaded: 0)
Unloading 4474 unused Assets / (5.2 MB). Loaded Objects now: 5691.
Memory consumption went from 139.0 MB to 133.8 MB.
Total: 12.200700 ms (FindLiveObjects: 0.804400 ms CreateObjectMapping: 0.941600 ms MarkObjects: 6.845200 ms  DeleteObjects: 3.607500 ms)

Prepare: number of updated asset objects reloaded= 0
========================================================================
Received Prepare
ETC Legacy compression has been deprecated and will be removed in a future release. You can review compressors in "Project Settings > Editor > Texture Compressors".
Begin MonoManager ReloadAssembly
[Licensing::Client] Successfully resolved entitlement details
[Licensing::Module] License group:
  Id: F4-S6VB-6VNM-MCA7-YRJZ-XXXX
  Product: Unity Personal
  Type: ULF
  Expiration: Unlimited
[Licensing::Module] License group:
  Id: 11270200047816-UnityPersXXXX
  Product: Unity Personal
  Type: Assigned
  Expiration: Unlimited
- Loaded All Assemblies, in  0.838 seconds
Refreshing native plugins compatible for Editor in 0.35 ms, found 2 plugins.
Native extension for WindowsStandalone target not found
[Package Manager] Failed to launch server process. Reason: Unity was launched with the -noUpm command-line argument
[Package Manager] Unable to send message (not connected to server process).
[Package Manager] Cannot connect to Unity Package Manager local server
[MODES] ModeService[none].Initialize
[MODES] ModeService[none].LoadModes
Mono: successfully reloaded assembly
- Finished resetting the current domain, in  0.866 seconds
Domain Reload Profiling: 1705ms
	BeginReloadAssembly (287ms)
		ExecutionOrderSort (0ms)
		DisableScriptedObjects (7ms)
		BackupInstance (0ms)
		ReleaseScriptingObjects (0ms)
		CreateAndSetChildDomain (95ms)
	RebuildCommonClasses (45ms)
	RebuildNativeTypeToScriptingClass (17ms)
	initialDomainReloadingComplete (37ms)
	LoadAllAssembliesAndSetupDomain (452ms)
		LoadAssemblies (366ms)
		RebuildTransferFunctionScriptingTraits (0ms)
		AnalyzeDomain (193ms)
			TypeCache.Refresh (6ms)
				TypeCache.ScanAssembly (0ms)
			BuildScriptInfoCaches (149ms)
			ResolveRequiredComponents (34ms)
	FinalizeReload (866ms)
		ReleaseScriptCaches (0ms)
		RebuildScriptCaches (0ms)
		SetupLoadedEditorAssemblies (671ms)
			LogAssemblyErrors (0ms)
			InitializePlatformSupportModulesInManaged (3ms)
			SetLoadedEditorAssemblies (5ms)
			BeforeProcessingInitializeOnLoad (142ms)
			ProcessInitializeOnLoadAttributes (384ms)
			ProcessInitializeOnLoadMethodAttributes (133ms)
			AfterProcessingInitializeOnLoad (6ms)
			EditorAssembliesLoaded (0ms)
		ExecutionOrderSort2 (0ms)
		AwakeInstancesAfterBackupRestoration (24ms)
Refreshing native plugins compatible for Editor in 0.86 ms, found 2 plugins.
Preloading 0 native plugins for Editor in 0.00 ms.
Unloading 27 Unused Serialized files (Serialized files now loaded: 0)
Unloading 4473 unused Assets / (5.4 MB). Loaded Objects now: 5694.
Memory consumption went from 138.4 MB to 133.1 MB.
Total: 16.356000 ms (FindLiveObjects: 0.910300 ms CreateObjectMapping: 0.906000 ms MarkObjects: 9.138800 ms  DeleteObjects: 5.397700 ms)

Prepare: number of updated asset objects reloaded= 0
========================================================================
Received Prepare
ETC Legacy compression has been deprecated and will be removed in a future release. You can review compressors in "Project Settings > Editor > Texture Compressors".
Begin MonoManager ReloadAssembly
[Licensing::Client] Successfully resolved entitlement details
[Licensing::Module] License group:
  Id: F4-S6VB-6VNM-MCA7-YRJZ-XXXX
  Product: Unity Personal
  Type: ULF
  Expiration: Unlimited
[Licensing::Module] License group:
  Id: 11270200047816-UnityPersXXXX
  Product: Unity Personal
  Type: Assigned
  Expiration: Unlimited
- Loaded All Assemblies, in  1.163 seconds
Refreshing native plugins compatible for Editor in 0.48 ms, found 2 plugins.
Native extension for WindowsStandalone target not found
[Package Manager] Failed to launch server process. Reason: Unity was launched with the -noUpm command-line argument
[Package Manager] Unable to send message (not connected to server process).
[Package Manager] Cannot connect to Unity Package Manager local server
[MODES] ModeService[none].Initialize
[MODES] ModeService[none].LoadModes
Mono: successfully reloaded assembly
- Finished resetting the current domain, in  1.156 seconds
Domain Reload Profiling: 2351ms
	BeginReloadAssembly (409ms)
		ExecutionOrderSort (0ms)
		DisableScriptedObjects (13ms)
		BackupInstance (0ms)
		ReleaseScriptingObjects (0ms)
		CreateAndSetChildDomain (114ms)
	RebuildCommonClasses (53ms)
	RebuildNativeTypeToScriptingClass (16ms)
	initialDomainReloadingComplete (37ms)
	LoadAllAssembliesAndSetupDomain (678ms)
		LoadAssemblies (573ms)
		RebuildTransferFunctionScriptingTraits (0ms)
		AnalyzeDomain (259ms)
			TypeCache.Refresh (10ms)
				TypeCache.ScanAssembly (0ms)
			BuildScriptInfoCaches (222ms)
			ResolveRequiredComponents (18ms)
	FinalizeReload (1157ms)
		ReleaseScriptCaches (0ms)
		RebuildScriptCaches (0ms)
		SetupLoadedEditorAssemblies (901ms)
			LogAssemblyErrors (0ms)
			InitializePlatformSupportModulesInManaged (3ms)
			SetLoadedEditorAssemblies (5ms)
			BeforeProcessingInitializeOnLoad (164ms)
			ProcessInitializeOnLoadAttributes (487ms)
			ProcessInitializeOnLoadMethodAttributes (234ms)
			AfterProcessingInitializeOnLoad (7ms)
			EditorAssembliesLoaded (0ms)
		ExecutionOrderSort2 (0ms)
		AwakeInstancesAfterBackupRestoration (24ms)
Refreshing native plugins compatible for Editor in 0.29 ms, found 2 plugins.
Preloading 0 native plugins for Editor in 0.00 ms.
Unloading 28 Unused Serialized files (Serialized files now loaded: 0)
Unloading 4475 unused Assets / (5.8 MB). Loaded Objects now: 5698.
Memory consumption went from 138.8 MB to 133.0 MB.
Total: 10.397700 ms (FindLiveObjects: 0.728300 ms CreateObjectMapping: 0.733800 ms MarkObjects: 5.744500 ms  DeleteObjects: 3.188400 ms)

Prepare: number of updated asset objects reloaded= 0
========================================================================
Received Import Request.
  Time since last request: 1044.909666 seconds.
  path: Assets/SCIFI Shader
  artifactKey: Guid(e41ba593dff5148479f667a75aff55d9) Importer(815301076,1909f56bfc062723c751e8b465ee728b)
Start importing Assets/SCIFI Shader using Guid(e41ba593dff5148479f667a75aff55d9) Importer(815301076,1909f56bfc062723c751e8b465ee728b) (PreviewImporter) -> (artifact id: '8af81e1895d13b90cf3dc1e7856cfed9') in 0.0492367 seconds
Number of updated asset objects reloaded before import = 0Number of asset objects unloaded after import = 0

========================================================================
Received Import Request.
  Time since last request: 10.298156 seconds.
  path: Assets/SCIFI Shader/Shader
  artifactKey: Guid(e4e98e99b0ee3c4459730dc8a175177b) Importer(815301076,1909f56bfc062723c751e8b465ee728b)
Start importing Assets/SCIFI Shader/Shader using Guid(e4e98e99b0ee3c4459730dc8a175177b) Importer(815301076,1909f56bfc062723c751e8b465ee728b) (PreviewImporter) -> (artifact id: 'e0fe1cb35bb0c7b1d6b2a0bc62d7d5ec') in 0.0006983 seconds
Number of updated asset objects reloaded before import = 0Number of asset objects unloaded after import = 0

========================================================================
Received Import Request.
  Time since last request: 1.082487 seconds.
  path: Assets/SCIFI Shader/Shader/SciFiHologram.mat
  artifactKey: Guid(15d47944fcea7c44786300c5145e40c0) Importer(815301076,1909f56bfc062723c751e8b465ee728b)
Start importing Assets/SCIFI Shader/Shader/SciFiHologram.mat using Guid(15d47944fcea7c44786300c5145e40c0) Importer(815301076,1909f56bfc062723c751e8b465ee728b) (PreviewImporter) -> (artifact id: '9f99120679782814c236139192ef4c27') in 0.9688165 seconds
Number of updated asset objects reloaded before import = 0Number of asset objects unloaded after import = 10

========================================================================
Received Prepare
ETC Legacy compression has been deprecated and will be removed in a future release. You can review compressors in "Project Settings > Editor > Texture Compressors".
Begin MonoManager ReloadAssembly
[Licensing::Client] Successfully resolved entitlement details
[Licensing::Module] License group:
  Id: F4-S6VB-6VNM-MCA7-YRJZ-XXXX
  Product: Unity Personal
  Type: ULF
  Expiration: Unlimited
[Licensing::Module] License group:
  Id: 11270200047816-UnityPersXXXX
  Product: Unity Personal
  Type: Assigned
  Expiration: Unlimited
- Loaded All Assemblies, in  0.888 seconds
Refreshing native plugins compatible for Editor in 0.50 ms, found 2 plugins.
Native extension for WindowsStandalone target not found
[Package Manager] Failed to launch server process. Reason: Unity was launched with the -noUpm command-line argument
[Package Manager] Unable to send message (not connected to server process).
[Package Manager] Cannot connect to Unity Package Manager local server
[MODES] ModeService[none].Initialize
[MODES] ModeService[none].LoadModes
Mono: successfully reloaded assembly
- Finished resetting the current domain, in  0.922 seconds
Domain Reload Profiling: 1810ms
	BeginReloadAssembly (351ms)
		ExecutionOrderSort (0ms)
		DisableScriptedObjects (33ms)
		BackupInstance (0ms)
		ReleaseScriptingObjects (0ms)
		CreateAndSetChildDomain (105ms)
	RebuildCommonClasses (44ms)
	RebuildNativeTypeToScriptingClass (16ms)
	initialDomainReloadingComplete (38ms)
	LoadAllAssembliesAndSetupDomain (439ms)
		LoadAssemblies (370ms)
		RebuildTransferFunctionScriptingTraits (0ms)
		AnalyzeDomain (179ms)
			TypeCache.Refresh (7ms)
				TypeCache.ScanAssembly (0ms)
			BuildScriptInfoCaches (155ms)
			ResolveRequiredComponents (12ms)
	FinalizeReload (923ms)
		ReleaseScriptCaches (0ms)
		RebuildScriptCaches (0ms)
		SetupLoadedEditorAssemblies (709ms)
			LogAssemblyErrors (0ms)
			InitializePlatformSupportModulesInManaged (2ms)
			SetLoadedEditorAssemblies (5ms)
			BeforeProcessingInitializeOnLoad (132ms)
			ProcessInitializeOnLoadAttributes (427ms)
			ProcessInitializeOnLoadMethodAttributes (134ms)
			AfterProcessingInitializeOnLoad (8ms)
			EditorAssembliesLoaded (0ms)
		ExecutionOrderSort2 (0ms)
		AwakeInstancesAfterBackupRestoration (25ms)
Refreshing native plugins compatible for Editor in 0.36 ms, found 2 plugins.
Preloading 0 native plugins for Editor in 0.00 ms.
Unloading 28 Unused Serialized files (Serialized files now loaded: 0)
Unloading 4475 unused Assets / (6.0 MB). Loaded Objects now: 5722.
Memory consumption went from 139.1 MB to 133.1 MB.
Total: 12.311200 ms (FindLiveObjects: 0.790300 ms CreateObjectMapping: 0.720100 ms MarkObjects: 5.814300 ms  DeleteObjects: 4.983900 ms)

Prepare: number of updated asset objects reloaded= 0
========================================================================
Received Import Request.
  Time since last request: 326.625288 seconds.
  path: Assets/SCIFI Shader/Example/Texture/BaseMap.png
  artifactKey: Guid(53ce0b87e20a3d44fb3d3f68b6f098ca) Importer(815301076,1909f56bfc062723c751e8b465ee728b)
Start importing Assets/SCIFI Shader/Example/Texture/BaseMap.png using Guid(53ce0b87e20a3d44fb3d3f68b6f098ca) Importer(815301076,1909f56bfc062723c751e8b465ee728b) (PreviewImporter) -> (artifact id: 'b3055fad7582d61a350ffa5f97eece8d') in 0.0981041 seconds
Number of updated asset objects reloaded before import = 0Number of asset objects unloaded after import = 2

========================================================================
Received Import Request.
  Time since last request: 0.000044 seconds.
  path: Assets/SCIFI Shader/Example/Texture/Emmision.png
  artifactKey: Guid(6e0258a50010f1e4c8442ee6a782f216) Importer(815301076,1909f56bfc062723c751e8b465ee728b)
Start importing Assets/SCIFI Shader/Example/Texture/Emmision.png using Guid(6e0258a50010f1e4c8442ee6a782f216) Importer(815301076,1909f56bfc062723c751e8b465ee728b) (PreviewImporter) -> (artifact id: 'f847a1501d3dd8d1cf0dcf2a6208d6b7') in 0.0541843 seconds
Number of updated asset objects reloaded before import = 0Number of asset objects unloaded after import = 2

========================================================================
Received Import Request.
  Time since last request: 0.000034 seconds.
  path: Assets/SCIFI Shader/Example/Texture/Distortion.png
  artifactKey: Guid(1b34e704eb9915e40b2d305bf3c48342) Importer(815301076,1909f56bfc062723c751e8b465ee728b)
Start importing Assets/SCIFI Shader/Example/Texture/Distortion.png using Guid(1b34e704eb9915e40b2d305bf3c48342) Importer(815301076,1909f56bfc062723c751e8b465ee728b) (PreviewImporter) -> (artifact id: 'fb28728c96cace8198e5d7a19147150a') in 0.0291705 seconds
Number of updated asset objects reloaded before import = 0Number of asset objects unloaded after import = 2

========================================================================
Received Import Request.
  Time since last request: 0.000034 seconds.
  path: Assets/SCIFI Shader/Example/Texture/Noise.png
  artifactKey: Guid(656bec78f34cda243b3cd40425ec8af0) Importer(815301076,1909f56bfc062723c751e8b465ee728b)
Start importing Assets/SCIFI Shader/Example/Texture/Noise.png using Guid(656bec78f34cda243b3cd40425ec8af0) Importer(815301076,1909f56bfc062723c751e8b465ee728b) (PreviewImporter) -> (artifact id: 'e8fcd199a1082f9a0991bc9e069105e9') in 0.0497248 seconds
Number of updated asset objects reloaded before import = 0Number of asset objects unloaded after import = 2

========================================================================
Received Import Request.
  Time since last request: 370.309615 seconds.
  path: Assets/Resources/CubeDone.prefab
  artifactKey: Guid(59f53938417176a4ba8e13a0642fedfb) Importer(815301076,1909f56bfc062723c751e8b465ee728b)
Start importing Assets/Resources/CubeDone.prefab using Guid(59f53938417176a4ba8e13a0642fedfb) Importer(815301076,1909f56bfc062723c751e8b465ee728b) (PreviewImporter) -> (artifact id: '702635205eda887d90d67e59b81af955') in 0.8055818 seconds
Number of updated asset objects reloaded before import = 0Number of asset objects unloaded after import = 12

========================================================================
Received Prepare
ETC Legacy compression has been deprecated and will be removed in a future release. You can review compressors in "Project Settings > Editor > Texture Compressors".
Begin MonoManager ReloadAssembly
[Licensing::Client] Successfully resolved entitlement details
[Licensing::Module] License group:
  Id: F4-S6VB-6VNM-MCA7-YRJZ-XXXX
  Product: Unity Personal
  Type: ULF
  Expiration: Unlimited
[Licensing::Module] License group:
  Id: 11270200047816-UnityPersXXXX
  Product: Unity Personal
  Type: Assigned
  Expiration: Unlimited
- Loaded All Assemblies, in  1.184 seconds
Refreshing native plugins compatible for Editor in 1.84 ms, found 2 plugins.
Native extension for WindowsStandalone target not found
[Package Manager] Failed to launch server process. Reason: Unity was launched with the -noUpm command-line argument
[Package Manager] Unable to send message (not connected to server process).
[Package Manager] Cannot connect to Unity Package Manager local server
[MODES] ModeService[none].Initialize
[MODES] ModeService[none].LoadModes
Mono: successfully reloaded assembly
- Finished resetting the current domain, in  1.207 seconds
Domain Reload Profiling: 2392ms
	BeginReloadAssembly (380ms)
		ExecutionOrderSort (0ms)
		DisableScriptedObjects (38ms)
		BackupInstance (0ms)
		ReleaseScriptingObjects (0ms)
		CreateAndSetChildDomain (87ms)
	RebuildCommonClasses (58ms)
	RebuildNativeTypeToScriptingClass (22ms)
	initialDomainReloadingComplete (41ms)
	LoadAllAssembliesAndSetupDomain (683ms)
		LoadAssemblies (631ms)
		RebuildTransferFunctionScriptingTraits (0ms)
		AnalyzeDomain (216ms)
			TypeCache.Refresh (7ms)
				TypeCache.ScanAssembly (0ms)
			BuildScriptInfoCaches (189ms)
			ResolveRequiredComponents (14ms)
	FinalizeReload (1208ms)
		ReleaseScriptCaches (0ms)
		RebuildScriptCaches (0ms)
		SetupLoadedEditorAssemblies (925ms)
			LogAssemblyErrors (0ms)
			InitializePlatformSupportModulesInManaged (3ms)
			SetLoadedEditorAssemblies (6ms)
			BeforeProcessingInitializeOnLoad (220ms)
			ProcessInitializeOnLoadAttributes (538ms)
			ProcessInitializeOnLoadMethodAttributes (151ms)
			AfterProcessingInitializeOnLoad (6ms)
			EditorAssembliesLoaded (0ms)
		ExecutionOrderSort2 (0ms)
		AwakeInstancesAfterBackupRestoration (29ms)
Refreshing native plugins compatible for Editor in 0.62 ms, found 2 plugins.
Preloading 0 native plugins for Editor in 0.00 ms.
Unloading 27 Unused Serialized files (Serialized files now loaded: 0)
Unloading 4476 unused Assets / (5.1 MB). Loaded Objects now: 5745.
Memory consumption went from 138.9 MB to 133.8 MB.
Total: 10.956800 ms (FindLiveObjects: 0.782100 ms CreateObjectMapping: 0.663400 ms MarkObjects: 5.550700 ms  DeleteObjects: 3.957900 ms)

Prepare: number of updated asset objects reloaded= 0
========================================================================
Received Prepare
ETC Legacy compression has been deprecated and will be removed in a future release. You can review compressors in "Project Settings > Editor > Texture Compressors".
Begin MonoManager ReloadAssembly
[Licensing::Client] Successfully resolved entitlement details
[Licensing::Module] License group:
  Id: F4-S6VB-6VNM-MCA7-YRJZ-XXXX
  Product: Unity Personal
  Type: ULF
  Expiration: Unlimited
[Licensing::Module] License group:
  Id: 11270200047816-UnityPersXXXX
  Product: Unity Personal
  Type: Assigned
  Expiration: Unlimited
- Loaded All Assemblies, in  0.885 seconds
Refreshing native plugins compatible for Editor in 0.25 ms, found 2 plugins.
Native extension for WindowsStandalone target not found
[Package Manager] Failed to launch server process. Reason: Unity was launched with the -noUpm command-line argument
[Package Manager] Unable to send message (not connected to server process).
[Package Manager] Cannot connect to Unity Package Manager local server
[MODES] ModeService[none].Initialize
[MODES] ModeService[none].LoadModes
Mono: successfully reloaded assembly
- Finished resetting the current domain, in  0.859 seconds
Domain Reload Profiling: 1746ms
	BeginReloadAssembly (306ms)
		ExecutionOrderSort (0ms)
		DisableScriptedObjects (9ms)
		BackupInstance (0ms)
		ReleaseScriptingObjects (0ms)
		CreateAndSetChildDomain (95ms)
	RebuildCommonClasses (50ms)
	RebuildNativeTypeToScriptingClass (17ms)
	initialDomainReloadingComplete (38ms)
	LoadAllAssembliesAndSetupDomain (475ms)
		LoadAssemblies (424ms)
		RebuildTransferFunctionScriptingTraits (0ms)
		AnalyzeDomain (179ms)
			TypeCache.Refresh (7ms)
				TypeCache.ScanAssembly (0ms)
			BuildScriptInfoCaches (156ms)
			ResolveRequiredComponents (11ms)
	FinalizeReload (860ms)
		ReleaseScriptCaches (0ms)
		RebuildScriptCaches (0ms)
		SetupLoadedEditorAssemblies (649ms)
			LogAssemblyErrors (0ms)
			InitializePlatformSupportModulesInManaged (2ms)
			SetLoadedEditorAssemblies (3ms)
			BeforeProcessingInitializeOnLoad (134ms)
			ProcessInitializeOnLoadAttributes (386ms)
			ProcessInitializeOnLoadMethodAttributes (119ms)
			AfterProcessingInitializeOnLoad (6ms)
			EditorAssembliesLoaded (0ms)
		ExecutionOrderSort2 (0ms)
		AwakeInstancesAfterBackupRestoration (23ms)
Refreshing native plugins compatible for Editor in 0.32 ms, found 2 plugins.
Preloading 0 native plugins for Editor in 0.00 ms.
Unloading 27 Unused Serialized files (Serialized files now loaded: 0)
Unloading 4474 unused Assets / (5.2 MB). Loaded Objects now: 5748.
Memory consumption went from 138.7 MB to 133.6 MB.
Total: 10.238300 ms (FindLiveObjects: 0.724900 ms CreateObjectMapping: 0.658900 ms MarkObjects: 5.736400 ms  DeleteObjects: 3.116300 ms)

Prepare: number of updated asset objects reloaded= 0
========================================================================
Received Prepare
ETC Legacy compression has been deprecated and will be removed in a future release. You can review compressors in "Project Settings > Editor > Texture Compressors".
Refreshing native plugins compatible for Editor in 0.32 ms, found 2 plugins.
Preloading 0 native plugins for Editor in 0.00 ms.
Unloading 27 Unused Serialized files (Serialized files now loaded: 0)
Unloading 4471 unused Assets / (5.3 MB). Loaded Objects now: 5748.
Memory consumption went from 139.0 MB to 133.7 MB.
Total: 10.862100 ms (FindLiveObjects: 0.778700 ms CreateObjectMapping: 0.793200 ms MarkObjects: 6.152500 ms  DeleteObjects: 3.134700 ms)

Prepare: number of updated asset objects reloaded= 0
========================================================================
Received Prepare
ETC Legacy compression has been deprecated and will be removed in a future release. You can review compressors in "Project Settings > Editor > Texture Compressors".
Refreshing native plugins compatible for Editor in 0.36 ms, found 2 plugins.
Preloading 0 native plugins for Editor in 0.00 ms.
Unloading 27 Unused Serialized files (Serialized files now loaded: 0)
Unloading 4471 unused Assets / (5.5 MB). Loaded Objects now: 5748.
Memory consumption went from 139.0 MB to 133.4 MB.
Total: 11.434600 ms (FindLiveObjects: 0.823300 ms CreateObjectMapping: 0.785300 ms MarkObjects: 6.512400 ms  DeleteObjects: 3.311600 ms)

Prepare: number of updated asset objects reloaded= 0
========================================================================
Received Prepare
ETC Legacy compression has been deprecated and will be removed in a future release. You can review compressors in "Project Settings > Editor > Texture Compressors".
Refreshing native plugins compatible for Editor in 0.30 ms, found 2 plugins.
Preloading 0 native plugins for Editor in 0.00 ms.
Unloading 27 Unused Serialized files (Serialized files now loaded: 0)
Unloading 4471 unused Assets / (5.0 MB). Loaded Objects now: 5748.
Memory consumption went from 139.0 MB to 134.0 MB.
Total: 11.290800 ms (FindLiveObjects: 0.791600 ms CreateObjectMapping: 0.752900 ms MarkObjects: 6.041500 ms  DeleteObjects: 3.702500 ms)

Prepare: number of updated asset objects reloaded= 0
========================================================================
Received Prepare
ETC Legacy compression has been deprecated and will be removed in a future release. You can review compressors in "Project Settings > Editor > Texture Compressors".
Begin MonoManager ReloadAssembly
[Licensing::Client] Successfully resolved entitlement details
[Licensing::Module] License group:
  Id: F4-S6VB-6VNM-MCA7-YRJZ-XXXX
  Product: Unity Personal
  Type: ULF
  Expiration: Unlimited
[Licensing::Module] License group:
  Id: 11270200047816-UnityPersXXXX
  Product: Unity Personal
  Type: Assigned
  Expiration: Unlimited
- Loaded All Assemblies, in  1.030 seconds
Refreshing native plugins compatible for Editor in 0.34 ms, found 2 plugins.
Native extension for WindowsStandalone target not found
[Package Manager] Failed to launch server process. Reason: Unity was launched with the -noUpm command-line argument
[Package Manager] Unable to send message (not connected to server process).
[Package Manager] Cannot connect to Unity Package Manager local server
[MODES] ModeService[none].Initialize
[MODES] ModeService[none].LoadModes
Mono: successfully reloaded assembly
- Finished resetting the current domain, in  0.927 seconds
Domain Reload Profiling: 1956ms
	BeginReloadAssembly (366ms)
		ExecutionOrderSort (0ms)
		DisableScriptedObjects (10ms)
		BackupInstance (0ms)
		ReleaseScriptingObjects (0ms)
		CreateAndSetChildDomain (69ms)
	RebuildCommonClasses (57ms)
	RebuildNativeTypeToScriptingClass (19ms)
	initialDomainReloadingComplete (52ms)
	LoadAllAssembliesAndSetupDomain (534ms)
		LoadAssemblies (525ms)
		RebuildTransferFunctionScriptingTraits (0ms)
		AnalyzeDomain (175ms)
			TypeCache.Refresh (10ms)
				TypeCache.ScanAssembly (0ms)
			BuildScriptInfoCaches (151ms)
			ResolveRequiredComponents (10ms)
	FinalizeReload (927ms)
		ReleaseScriptCaches (0ms)
		RebuildScriptCaches (0ms)
		SetupLoadedEditorAssemblies (726ms)
			LogAssemblyErrors (0ms)
			InitializePlatformSupportModulesInManaged (2ms)
			SetLoadedEditorAssemblies (4ms)
			BeforeProcessingInitializeOnLoad (132ms)
			ProcessInitializeOnLoadAttributes (406ms)
			ProcessInitializeOnLoadMethodAttributes (175ms)
			AfterProcessingInitializeOnLoad (6ms)
			EditorAssembliesLoaded (0ms)
		ExecutionOrderSort2 (0ms)
		AwakeInstancesAfterBackupRestoration (33ms)
Refreshing native plugins compatible for Editor in 0.47 ms, found 2 plugins.
Preloading 0 native plugins for Editor in 0.00 ms.
Unloading 27 Unused Serialized files (Serialized files now loaded: 0)
Unloading 4474 unused Assets / (5.6 MB). Loaded Objects now: 5751.
Memory consumption went from 138.8 MB to 133.2 MB.
Total: 9.980900 ms (FindLiveObjects: 0.733200 ms CreateObjectMapping: 0.670200 ms MarkObjects: 5.302500 ms  DeleteObjects: 3.272700 ms)

Prepare: number of updated asset objects reloaded= 0
========================================================================
Received Prepare
ETC Legacy compression has been deprecated and will be removed in a future release. You can review compressors in "Project Settings > Editor > Texture Compressors".
Begin MonoManager ReloadAssembly
- Loaded All Assemblies, in  0.836 seconds
Refreshing native plugins compatible for Editor in 0.30 ms, found 2 plugins.
Native extension for WindowsStandalone target not found
[Package Manager] Failed to launch server process. Reason: Unity was launched with the -noUpm command-line argument
[Package Manager] Unable to send message (not connected to server process).
[Package Manager] Cannot connect to Unity Package Manager local server
[MODES] ModeService[none].Initialize
[MODES] ModeService[none].LoadModes
Mono: successfully reloaded assembly
- Finished resetting the current domain, in  0.870 seconds
Domain Reload Profiling: 1708ms
	BeginReloadAssembly (275ms)
		ExecutionOrderSort (0ms)
		DisableScriptedObjects (8ms)
		BackupInstance (0ms)
		ReleaseScriptingObjects (0ms)
		CreateAndSetChildDomain (74ms)
	RebuildCommonClasses (54ms)
	RebuildNativeTypeToScriptingClass (16ms)
	initialDomainReloadingComplete (37ms)
	LoadAllAssembliesAndSetupDomain (455ms)
		LoadAssemblies (394ms)
		RebuildTransferFunctionScriptingTraits (0ms)
		AnalyzeDomain (188ms)
			TypeCache.Refresh (6ms)
				TypeCache.ScanAssembly (0ms)
			BuildScriptInfoCaches (151ms)
			ResolveRequiredComponents (26ms)
	FinalizeReload (871ms)
		ReleaseScriptCaches (0ms)
		RebuildScriptCaches (0ms)
		SetupLoadedEditorAssemblies (650ms)
			LogAssemblyErrors (0ms)
			InitializePlatformSupportModulesInManaged (2ms)
			SetLoadedEditorAssemblies (4ms)
			BeforeProcessingInitializeOnLoad (128ms)
			ProcessInitializeOnLoadAttributes (386ms)
			ProcessInitializeOnLoadMethodAttributes (123ms)
			AfterProcessingInitializeOnLoad (6ms)
			EditorAssembliesLoaded (0ms)
		ExecutionOrderSort2 (0ms)
		AwakeInstancesAfterBackupRestoration (30ms)
Refreshing native plugins compatible for Editor in 0.38 ms, found 2 plugins.
Preloading 0 native plugins for Editor in 0.00 ms.
Unloading 27 Unused Serialized files (Serialized files now loaded: 0)
Unloading 4474 unused Assets / (5.0 MB). Loaded Objects now: 5754.
Memory consumption went from 138.8 MB to 133.8 MB.
Total: 10.742300 ms (FindLiveObjects: 0.780100 ms CreateObjectMapping: 0.921500 ms MarkObjects: 5.955100 ms  DeleteObjects: 3.083400 ms)

Prepare: number of updated asset objects reloaded= 0
========================================================================
Received Import Request.
  Time since last request: 5398.280872 seconds.
  path: Assets/TextMesh Pro/Shaders/TMP_SDF-HDRP LIT.shadergraph
  artifactKey: Guid(ca2ed216f98028c4dae6c5224a952b3c) Importer(2089858483,192608db42251d675da83286b1cce702)
Start importing Assets/TextMesh Pro/Shaders/TMP_SDF-HDRP LIT.shadergraph using Guid(ca2ed216f98028c4dae6c5224a952b3c) Importer(2089858483,192608db42251d675da83286b1cce702) (ScriptedImporter) -> (artifact id: 'b27d0551d7a0d6841f3e807a93d95ac3') in 0.5636963 seconds
Number of updated asset objects reloaded before import = 0Number of asset objects unloaded after import = 3

========================================================================
Received Import Request.
  Time since last request: 0.000027 seconds.
  path: Assets/SCIFI Shader/Example/Texture
  artifactKey: Guid(aba08e47f35317f48878154106946569) Importer(2089858483,192608db42251d675da83286b1cce702)
Start importing Assets/SCIFI Shader/Example/Texture using Guid(aba08e47f35317f48878154106946569) Importer(2089858483,192608db42251d675da83286b1cce702) (ScriptedImporter) -> (artifact id: 'c0586a1165b098c20dc10f60e4a02897') in 0.0202674 seconds
Number of updated asset objects reloaded before import = 0Number of asset objects unloaded after import = 1

========================================================================
Received Import Request.
  Time since last request: 0.000054 seconds.
  path: Assets/TextMesh Pro/Shaders/TMP_SDF Overlay.shader
  artifactKey: Guid(dd89cf5b9246416f84610a006f916af7) Importer(2089858483,192608db42251d675da83286b1cce702)
Start importing Assets/TextMesh Pro/Shaders/TMP_SDF Overlay.shader using Guid(dd89cf5b9246416f84610a006f916af7) Importer(2089858483,192608db42251d675da83286b1cce702) (ScriptedImporter) -> (artifact id: '51a5e9a3837afe8876c8947bc8cac878') in 0.0216445 seconds
Number of updated asset objects reloaded before import = 0Number of asset objects unloaded after import = 1

========================================================================
Received Import Request.
  Time since last request: 0.000022 seconds.
  path: Assets/SCIFI Shader/Example/SciFiHologram.mat
  artifactKey: Guid(866679ded016969419f4190a11c87bef) Importer(2089858483,192608db42251d675da83286b1cce702)
Start importing Assets/SCIFI Shader/Example/SciFiHologram.mat using Guid(866679ded016969419f4190a11c87bef) Importer(2089858483,192608db42251d675da83286b1cce702) (ScriptedImporter) -> (artifact id: 'f549b5881a02c53d25b96e0f2ed30654') in 0.0572549 seconds
Number of updated asset objects reloaded before import = 0Number of asset objects unloaded after import = 8

========================================================================
Received Import Request.
  Time since last request: 0.000032 seconds.
  path: Assets/SCIFI Shader/Example/New Material.mat
  artifactKey: Guid(30bcfbc0f1f12ef428c27718e82f614d) Importer(2089858483,192608db42251d675da83286b1cce702)
Start importing Assets/SCIFI Shader/Example/New Material.mat using Guid(30bcfbc0f1f12ef428c27718e82f614d) Importer(2089858483,192608db42251d675da83286b1cce702) (ScriptedImporter) -> (artifact id: '758099c9d4836146df32ad6ab9f145de') in 0.0441956 seconds
Number of updated asset objects reloaded before import = 0Number of asset objects unloaded after import = 8

========================================================================
Received Import Request.
  Time since last request: 0.000036 seconds.
  path: Assets/TextMesh Pro/Shaders/TMP_SDF-Mobile SSD.shader
  artifactKey: Guid(c8d12adcee749c344b8117cf7c7eb912) Importer(2089858483,192608db42251d675da83286b1cce702)
Start importing Assets/TextMesh Pro/Shaders/TMP_SDF-Mobile SSD.shader using Guid(c8d12adcee749c344b8117cf7c7eb912) Importer(2089858483,192608db42251d675da83286b1cce702) (ScriptedImporter) -> (artifact id: 'cce5c907ac991f0fe96a9411d9f06ab1') in 0.0215543 seconds
Number of updated asset objects reloaded before import = 0Number of asset objects unloaded after import = 1

========================================================================
Received Import Request.
  Time since last request: 0.000048 seconds.
  path: Assets/Fonts/tetri SDF.asset
  artifactKey: Guid(313025e0909566d4fa57172e6080527a) Importer(2089858483,192608db42251d675da83286b1cce702)
Start importing Assets/Fonts/tetri SDF.asset using Guid(313025e0909566d4fa57172e6080527a) Importer(2089858483,192608db42251d675da83286b1cce702) (ScriptedImporter) -> (artifact id: '1a143c579b11fb14f84d42399916b2e5') in 0.1229424 seconds
Number of updated asset objects reloaded before import = 0Number of asset objects unloaded after import = 3

========================================================================
Received Import Request.
  Time since last request: 0.000021 seconds.
  path: Assets/TextMesh Pro/Resources/Style Sheets/Default Style Sheet.asset
  artifactKey: Guid(f952c082cb03451daed3ee968ac6c63e) Importer(2089858483,192608db42251d675da83286b1cce702)
Start importing Assets/TextMesh Pro/Resources/Style Sheets/Default Style Sheet.asset using Guid(f952c082cb03451daed3ee968ac6c63e) Importer(2089858483,192608db42251d675da83286b1cce702) (ScriptedImporter) -> (artifact id: '6e9571146bac38ec15c5ef516b65121d') in 0.0180637 seconds
Number of updated asset objects reloaded before import = 0Number of asset objects unloaded after import = 1

========================================================================
Received Import Request.
  Time since last request: 0.000021 seconds.
  path: Assets/TextMesh Pro/Sprites
  artifactKey: Guid(d0603b6d5186471b96c778c3949c7ce2) Importer(2089858483,192608db42251d675da83286b1cce702)
Start importing Assets/TextMesh Pro/Sprites using Guid(d0603b6d5186471b96c778c3949c7ce2) Importer(2089858483,192608db42251d675da83286b1cce702) (ScriptedImporter) -> (artifact id: 'ea33855415ecefb10397673c516e1002') in 0.1073424 seconds
Number of updated asset objects reloaded before import = 0Number of asset objects unloaded after import = 1

========================================================================
Received Import Request.
  Time since last request: 0.000036 seconds.
  path: Assets/TextMesh Pro/Resources/Fonts & Materials/LiberationSans SDF.asset
  artifactKey: Guid(8f586378b4e144a9851e7b34d9b748ee) Importer(2089858483,192608db42251d675da83286b1cce702)
Start importing Assets/TextMesh Pro/Resources/Fonts & Materials/LiberationSans SDF.asset using Guid(8f586378b4e144a9851e7b34d9b748ee) Importer(2089858483,192608db42251d675da83286b1cce702) (ScriptedImporter) -> (artifact id: 'e5243dc2de09f7642e57398a158970c8') in 0.0775005 seconds
Number of updated asset objects reloaded before import = 0Number of asset objects unloaded after import = 8

========================================================================
Received Import Request.
  Time since last request: 0.000025 seconds.
  path: Assets/Resources/cube.prefab
  artifactKey: Guid(2d32e83b5dd414f7aa1ad53408997e11) Importer(2089858483,192608db42251d675da83286b1cce702)
Start importing Assets/Resources/cube.prefab using Guid(2d32e83b5dd414f7aa1ad53408997e11) Importer(2089858483,192608db42251d675da83286b1cce702) (ScriptedImporter) -> (artifact id: '8c0a6ce3ab269d187a3d0c6ec894c6c7') in 0.062127 seconds
Number of updated asset objects reloaded before import = 0Number of asset objects unloaded after import = 8

========================================================================
Received Import Request.
  Time since last request: 0.000029 seconds.
  path: Assets/TextMesh Pro/Shaders/TMP_SDF-URP Lit.shadergraph
  artifactKey: Guid(a3d800b099a06e0478fb790c5e79057a) Importer(2089858483,192608db42251d675da83286b1cce702)
Start importing Assets/TextMesh Pro/Shaders/TMP_SDF-URP Lit.shadergraph using Guid(a3d800b099a06e0478fb790c5e79057a) Importer(2089858483,192608db42251d675da83286b1cce702) (ScriptedImporter) -> (artifact id: 'e7552835e14e74ecfe73685be097956b') in 0.5267764 seconds
Number of updated asset objects reloaded before import = 0Number of asset objects unloaded after import = 4

========================================================================
Received Import Request.
  Time since last request: 0.000044 seconds.
  path: Assets/TextMesh Pro/Shaders/TMPro_Properties.cginc
  artifactKey: Guid(3997e2241185407d80309a82f9148466) Importer(2089858483,192608db42251d675da83286b1cce702)
Start importing Assets/TextMesh Pro/Shaders/TMPro_Properties.cginc using Guid(3997e2241185407d80309a82f9148466) Importer(2089858483,192608db42251d675da83286b1cce702) (ScriptedImporter) -> (artifact id: '53d743fde22244b62fd6283c34f1dd8c') in 0.0249452 seconds
Number of updated asset objects reloaded before import = 0Number of asset objects unloaded after import = 1

========================================================================
Received Import Request.
  Time since last request: 0.000022 seconds.
  path: Assets/Scripts/GroupSpawner.cs
  artifactKey: Guid(eda19f9ada09848ca8ef6b899d97c012) Importer(2089858483,192608db42251d675da83286b1cce702)
Start importing Assets/Scripts/GroupSpawner.cs using Guid(eda19f9ada09848ca8ef6b899d97c012) Importer(2089858483,192608db42251d675da83286b1cce702) (ScriptedImporter) -> (artifact id: 'e88dea806d09d50459b507c4f8f57992') in 0.0323725 seconds
Number of updated asset objects reloaded before import = 0Number of asset objects unloaded after import = 0

========================================================================
Received Import Request.
  Time since last request: 0.000019 seconds.
  path: Assets/TextMesh Pro/Shaders/TMP_SDF-Surface-Mobile.shader
  artifactKey: Guid(85187c2149c549c5b33f0cdb02836b17) Importer(2089858483,192608db42251d675da83286b1cce702)
Start importing Assets/TextMesh Pro/Shaders/TMP_SDF-Surface-Mobile.shader using Guid(85187c2149c549c5b33f0cdb02836b17) Importer(2089858483,192608db42251d675da83286b1cce702) (ScriptedImporter) -> (artifact id: '0d622b2e3bb8a0f33e36dffd98895c4e') in 0.0187682 seconds
Number of updated asset objects reloaded before import = 0Number of asset objects unloaded after import = 1

========================================================================
Received Import Request.
  Time since last request: 0.000028 seconds.
  path: Assets/SCIFI Shader/Example/SciFiHologram 3.mat
  artifactKey: Guid(391b71ee2e524c1489ebe95e083f5be4) Importer(2089858483,192608db42251d675da83286b1cce702)
Start importing Assets/SCIFI Shader/Example/SciFiHologram 3.mat using Guid(391b71ee2e524c1489ebe95e083f5be4) Importer(2089858483,192608db42251d675da83286b1cce702) (ScriptedImporter) -> (artifact id: '622f9da3a72a63bfe3fd81d4ec0173bb') in 0.0640446 seconds
Number of updated asset objects reloaded before import = 0Number of asset objects unloaded after import = 8

========================================================================
Received Import Request.
  Time since last request: 0.000029 seconds.
  path: Assets/TextMesh Pro/Resources/LineBreaking Leading Characters.txt
  artifactKey: Guid(d82c1b31c7e74239bff1220585707d2b) Importer(2089858483,192608db42251d675da83286b1cce702)
Start importing Assets/TextMesh Pro/Resources/LineBreaking Leading Characters.txt using Guid(d82c1b31c7e74239bff1220585707d2b) Importer(2089858483,192608db42251d675da83286b1cce702) (ScriptedImporter) -> (artifact id: '827ca6dd1d8a7c9272e720797c402457') in 0.0157138 seconds
Number of updated asset objects reloaded before import = 0Number of asset objects unloaded after import = 1

========================================================================
Received Import Request.
  Time since last request: 0.000036 seconds.
  path: Assets/TextMesh Pro/Sprites/EmojiOne.json
  artifactKey: Guid(8f05276190cf498a8153f6cbe761d4e6) Importer(2089858483,192608db42251d675da83286b1cce702)
Start importing Assets/TextMesh Pro/Sprites/EmojiOne.json using Guid(8f05276190cf498a8153f6cbe761d4e6) Importer(2089858483,192608db42251d675da83286b1cce702) (ScriptedImporter) -> (artifact id: 'fddd539712dfd80314c73277dfe173f7') in 0.0836386 seconds
Number of updated asset objects reloaded before import = 0Number of asset objects unloaded after import = 1

========================================================================
Received Import Request.
  Time since last request: 0.000020 seconds.
  path: Assets/SCIFI Shader/Example/Texture/Distortion.png
  artifactKey: Guid(1b34e704eb9915e40b2d305bf3c48342) Importer(2089858483,192608db42251d675da83286b1cce702)
Start importing Assets/SCIFI Shader/Example/Texture/Distortion.png using Guid(1b34e704eb9915e40b2d305bf3c48342) Importer(2089858483,192608db42251d675da83286b1cce702) (ScriptedImporter) -> (artifact id: '9e2ac6f73537569a2c5bf9927dcf7928') in 0.0525134 seconds
Number of updated asset objects reloaded before import = 0Number of asset objects unloaded after import = 1

========================================================================
Received Import Request.
  Time since last request: 0.000022 seconds.
  path: Assets/TextMesh Pro/Sprites/EmojiOne.png
  artifactKey: Guid(dffef66376be4fa480fb02b19edbe903) Importer(2089858483,192608db42251d675da83286b1cce702)
Start importing Assets/TextMesh Pro/Sprites/EmojiOne.png using Guid(dffef66376be4fa480fb02b19edbe903) Importer(2089858483,192608db42251d675da83286b1cce702) (ScriptedImporter) -> (artifact id: '3c126aee46e1f77e4778d43a8cf27e31') in 0.0459057 seconds
Number of updated asset objects reloaded before import = 0Number of asset objects unloaded after import = 1

========================================================================
Received Import Request.
  Time since last request: 0.000035 seconds.
  path: Assets/TextMesh Pro/Shaders/TMP_Bitmap-Custom-Atlas.shader
  artifactKey: Guid(48bb5f55d8670e349b6e614913f9d910) Importer(2089858483,192608db42251d675da83286b1cce702)
Start importing Assets/TextMesh Pro/Shaders/TMP_Bitmap-Custom-Atlas.shader using Guid(48bb5f55d8670e349b6e614913f9d910) Importer(2089858483,192608db42251d675da83286b1cce702) (ScriptedImporter) -> (artifact id: '7ea0088e54db5ca0a6ec7d2e3e0abd29') in 0.0141577 seconds
Number of updated asset objects reloaded before import = 0Number of asset objects unloaded after import = 1

========================================================================
Received Import Request.
  Time since last request: 0.000018 seconds.
  path: Assets/SCIFI Shader/Scripts
  artifactKey: Guid(37b8517bc7ae66349a394559abcf04c7) Importer(2089858483,192608db42251d675da83286b1cce702)
Start importing Assets/SCIFI Shader/Scripts using Guid(37b8517bc7ae66349a394559abcf04c7) Importer(2089858483,192608db42251d675da83286b1cce702) (ScriptedImporter) -> (artifact id: '255b4a1a830b06c300faef10f859a70d') in 0.013129 seconds
Number of updated asset objects reloaded before import = 0Number of asset objects unloaded after import = 1

========================================================================
Received Import Request.
  Time since last request: 0.000031 seconds.
  path: Assets/SCIFI Shader/Example/Texture/BaseMap.png
  artifactKey: Guid(53ce0b87e20a3d44fb3d3f68b6f098ca) Importer(2089858483,192608db42251d675da83286b1cce702)
Start importing Assets/SCIFI Shader/Example/Texture/BaseMap.png using Guid(53ce0b87e20a3d44fb3d3f68b6f098ca) Importer(2089858483,192608db42251d675da83286b1cce702) (ScriptedImporter) -> (artifact id: 'adcc21400724c1a8dd8689a0f2ddb83a') in 0.101361 seconds
Number of updated asset objects reloaded before import = 0Number of asset objects unloaded after import = 1

========================================================================
Received Import Request.
  Time since last request: 0.000027 seconds.
  path: Assets/SCIFI Shader/SciFiHologram Shader Documentation.pdf
  artifactKey: Guid(c207109e627f3af45a03c1de59d53dcb) Importer(2089858483,192608db42251d675da83286b1cce702)
Start importing Assets/SCIFI Shader/SciFiHologram Shader Documentation.pdf using Guid(c207109e627f3af45a03c1de59d53dcb) Importer(2089858483,192608db42251d675da83286b1cce702) (ScriptedImporter) -> (artifact id: '87513cee81980dec148dd64a951aa17f') in 0.0135908 seconds
Number of updated asset objects reloaded before import = 0Number of asset objects unloaded after import = 1

========================================================================
Received Import Request.
  Time since last request: 0.000061 seconds.
  path: Assets/Fonts/Game Paused DEMO.otf
  artifactKey: Guid(35858023f10ce174ba3570e42c484096) Importer(2089858483,192608db42251d675da83286b1cce702)
Start importing Assets/Fonts/Game Paused DEMO.otf using Guid(35858023f10ce174ba3570e42c484096) Importer(2089858483,192608db42251d675da83286b1cce702) (ScriptedImporter) -> (artifact id: '3630c55b4d7f1f9e85c281271eaa61eb') in 0.0266635 seconds
Number of updated asset objects reloaded before import = 0Number of asset objects unloaded after import = 3

========================================================================
Received Import Request.
  Time since last request: 0.000029 seconds.
  path: Assets/SCIFI Shader/Shader/Scifi Shader.shader
  artifactKey: Guid(2af73301c2fe95d478134042fb0b59e2) Importer(2089858483,192608db42251d675da83286b1cce702)
Start importing Assets/SCIFI Shader/Shader/Scifi Shader.shader using Guid(2af73301c2fe95d478134042fb0b59e2) Importer(2089858483,192608db42251d675da83286b1cce702) (ScriptedImporter) -> (artifact id: '2f48800c6e8005307366e2162a0fdb8e') in 0.0194628 seconds
Number of updated asset objects reloaded before import = 0Number of asset objects unloaded after import = 1

========================================================================
Received Import Request.
  Time since last request: 0.000019 seconds.
  path: Assets/SCIFI Shader/Example/Texture/Circiut.png
  artifactKey: Guid(0a00007b6de2062479336992533360b0) Importer(2089858483,192608db42251d675da83286b1cce702)
Start importing Assets/SCIFI Shader/Example/Texture/Circiut.png using Guid(0a00007b6de2062479336992533360b0) Importer(2089858483,192608db42251d675da83286b1cce702) (ScriptedImporter) -> (artifact id: '1bd10c4308f51832fd0173b5d2358a9c') in 0.021076 seconds
Number of updated asset objects reloaded before import = 0Number of asset objects unloaded after import = 1

========================================================================
Received Import Request.
  Time since last request: 0.000021 seconds.
  path: Assets/TextMesh Pro/Fonts
  artifactKey: Guid(6ab70aee4d56447429c680537fbf93ed) Importer(2089858483,192608db42251d675da83286b1cce702)
Start importing Assets/TextMesh Pro/Fonts using Guid(6ab70aee4d56447429c680537fbf93ed) Importer(2089858483,192608db42251d675da83286b1cce702) (ScriptedImporter) -> (artifact id: '2a5d87261876da1222d1b4c99fc3ff92') in 0.0141735 seconds
Number of updated asset objects reloaded before import = 0Number of asset objects unloaded after import = 1

========================================================================
Received Import Request.
  Time since last request: 0.000026 seconds.
  path: Assets/SCIFI Shader/Example/Texture/Interface.png
  artifactKey: Guid(c9fb8f19a6d340341979d3f4bb141028) Importer(2089858483,192608db42251d675da83286b1cce702)
Start importing Assets/SCIFI Shader/Example/Texture/Interface.png using Guid(c9fb8f19a6d340341979d3f4bb141028) Importer(2089858483,192608db42251d675da83286b1cce702) (ScriptedImporter) -> (artifact id: '8f0f4b388e9ca47d82d4d52aecfdfb91') in 0.0232418 seconds
Number of updated asset objects reloaded before import = 0Number of asset objects unloaded after import = 1

========================================================================
Received Import Request.
  Time since last request: 0.000035 seconds.
  path: Assets/TextMesh Pro/Shaders/TMP_SDF-Mobile Masking.shader
  artifactKey: Guid(bc1ede39bf3643ee8e493720e4259791) Importer(2089858483,192608db42251d675da83286b1cce702)
Start importing Assets/TextMesh Pro/Shaders/TMP_SDF-Mobile Masking.shader using Guid(bc1ede39bf3643ee8e493720e4259791) Importer(2089858483,192608db42251d675da83286b1cce702) (ScriptedImporter) -> (artifact id: '970e63a7e8763c71a9862322170a48a6') in 0.0168503 seconds
Number of updated asset objects reloaded before import = 0Number of asset objects unloaded after import = 1

========================================================================
Received Import Request.
  Time since last request: 0.000022 seconds.
  path: Assets/SCIFI Shader/Example/Example.unity
  artifactKey: Guid(452d58fd50434474792297377d96622b) Importer(2089858483,192608db42251d675da83286b1cce702)
Start importing Assets/SCIFI Shader/Example/Example.unity using Guid(452d58fd50434474792297377d96622b) Importer(2089858483,192608db42251d675da83286b1cce702) (ScriptedImporter) -> (artifact id: '70f484616dd95c97a960dd33c8243f21') in 0.0376023 seconds
Number of updated asset objects reloaded before import = 0Number of asset objects unloaded after import = 1

========================================================================
Received Import Request.
  Time since last request: 0.000024 seconds.
  path: Assets/SCIFI Shader/Scripts/HologramShaderGUI.cs
  artifactKey: Guid(90659f89b57138b47a744ee4ee2a0ed2) Importer(2089858483,192608db42251d675da83286b1cce702)
Start importing Assets/SCIFI Shader/Scripts/HologramShaderGUI.cs using Guid(90659f89b57138b47a744ee4ee2a0ed2) Importer(2089858483,192608db42251d675da83286b1cce702) (ScriptedImporter) -> (artifact id: '747ec02450e769054e231737549d3075') in 0.0316591 seconds
Number of updated asset objects reloaded before import = 0Number of asset objects unloaded after import = 0

========================================================================
Received Import Request.
  Time since last request: 0.000018 seconds.
  path: Assets/TextMesh Pro/Shaders/TMPro_Surface.cginc
  artifactKey: Guid(d930090c0cd643c7b55f19a38538c162) Importer(2089858483,192608db42251d675da83286b1cce702)
Start importing Assets/TextMesh Pro/Shaders/TMPro_Surface.cginc using Guid(d930090c0cd643c7b55f19a38538c162) Importer(2089858483,192608db42251d675da83286b1cce702) (ScriptedImporter) -> (artifact id: '8af93b5a854f04866fc230473f088a63') in 0.0221761 seconds
Number of updated asset objects reloaded before import = 0Number of asset objects unloaded after import = 1

========================================================================
Received Prepare
ETC Legacy compression has been deprecated and will be removed in a future release. You can review compressors in "Project Settings > Editor > Texture Compressors".
Refreshing native plugins compatible for Editor in 0.35 ms, found 2 plugins.
Preloading 0 native plugins for Editor in 0.00 ms.
Unloading 28 Unused Serialized files (Serialized files now loaded: 0)
Unloading 4472 unused Assets / (5.0 MB). Loaded Objects now: 5756.
Memory consumption went from 140.4 MB to 135.5 MB.
Total: 11.100600 ms (FindLiveObjects: 0.781400 ms CreateObjectMapping: 0.724800 ms MarkObjects: 6.016600 ms  DeleteObjects: 3.576000 ms)

Prepare: number of updated asset objects reloaded= 0
========================================================================
Received Import Request.
  Time since last request: 3.239224 seconds.
  path: Assets/Scripts/NextPiecePreview.cs
  artifactKey: Guid(a668429adb2b82748ae12dbaba05e1ed) Importer(2089858483,192608db42251d675da83286b1cce702)
Start importing Assets/Scripts/NextPiecePreview.cs using Guid(a668429adb2b82748ae12dbaba05e1ed) Importer(2089858483,192608db42251d675da83286b1cce702) (ScriptedImporter) -> (artifact id: 'ba87daf0de7c952929bd215aa815cacb') in 0.0223025 seconds
Number of updated asset objects reloaded before import = 0Number of asset objects unloaded after import = 0

========================================================================
Received Prepare
ETC Legacy compression has been deprecated and will be removed in a future release. You can review compressors in "Project Settings > Editor > Texture Compressors".
Refreshing native plugins compatible for Editor in 0.42 ms, found 2 plugins.
Preloading 0 native plugins for Editor in 0.00 ms.
Unloading 27 Unused Serialized files (Serialized files now loaded: 0)
Unloading 4472 unused Assets / (5.3 MB). Loaded Objects now: 5756.
Memory consumption went from 140.2 MB to 134.9 MB.
Total: 15.693000 ms (FindLiveObjects: 0.991100 ms CreateObjectMapping: 0.911200 ms MarkObjects: 8.331600 ms  DeleteObjects: 5.456000 ms)

Prepare: number of updated asset objects reloaded= 0
========================================================================
Received Prepare
ETC Legacy compression has been deprecated and will be removed in a future release. You can review compressors in "Project Settings > Editor > Texture Compressors".
Begin MonoManager ReloadAssembly
[Licensing::Client] Successfully resolved entitlement details
[Licensing::Module] License group:
  Id: F4-S6VB-6VNM-MCA7-YRJZ-XXXX
  Product: Unity Personal
  Type: ULF
  Expiration: Unlimited
[Licensing::Module] License group:
  Id: 11270200047816-UnityPersXXXX
  Product: Unity Personal
  Type: Assigned
  Expiration: Unlimited
- Loaded All Assemblies, in  0.884 seconds
Refreshing native plugins compatible for Editor in 0.31 ms, found 2 plugins.
Native extension for WindowsStandalone target not found
[Package Manager] Failed to launch server process. Reason: Unity was launched with the -noUpm command-line argument
[Package Manager] Unable to send message (not connected to server process).
[Package Manager] Cannot connect to Unity Package Manager local server
[MODES] ModeService[none].Initialize
[MODES] ModeService[none].LoadModes
Mono: successfully reloaded assembly
- Finished resetting the current domain, in  0.843 seconds
Domain Reload Profiling: 1729ms
	BeginReloadAssembly (300ms)
		ExecutionOrderSort (0ms)
		DisableScriptedObjects (12ms)
		BackupInstance (0ms)
		ReleaseScriptingObjects (0ms)
		CreateAndSetChildDomain (86ms)
	RebuildCommonClasses (53ms)
	RebuildNativeTypeToScriptingClass (16ms)
	initialDomainReloadingComplete (31ms)
	LoadAllAssembliesAndSetupDomain (485ms)
		LoadAssemblies (434ms)
		RebuildTransferFunctionScriptingTraits (0ms)
		AnalyzeDomain (182ms)
			TypeCache.Refresh (8ms)
				TypeCache.ScanAssembly (0ms)
			BuildScriptInfoCaches (159ms)
			ResolveRequiredComponents (11ms)
	FinalizeReload (844ms)
		ReleaseScriptCaches (0ms)
		RebuildScriptCaches (0ms)
		SetupLoadedEditorAssemblies (643ms)
			LogAssemblyErrors (0ms)
			InitializePlatformSupportModulesInManaged (2ms)
			SetLoadedEditorAssemblies (3ms)
			BeforeProcessingInitializeOnLoad (144ms)
			ProcessInitializeOnLoadAttributes (365ms)
			ProcessInitializeOnLoadMethodAttributes (121ms)
			AfterProcessingInitializeOnLoad (7ms)
			EditorAssembliesLoaded (0ms)
		ExecutionOrderSort2 (0ms)
		AwakeInstancesAfterBackupRestoration (33ms)
Refreshing native plugins compatible for Editor in 0.29 ms, found 2 plugins.
Preloading 0 native plugins for Editor in 0.00 ms.
Unloading 27 Unused Serialized files (Serialized files now loaded: 0)
Unloading 4475 unused Assets / (5.6 MB). Loaded Objects now: 5759.
Memory consumption went from 139.4 MB to 133.9 MB.
Total: 8.960600 ms (FindLiveObjects: 0.685600 ms CreateObjectMapping: 0.571900 ms MarkObjects: 4.876700 ms  DeleteObjects: 2.824900 ms)

Prepare: number of updated asset objects reloaded= 0
Editor requested this worker to shutdown with reason: Scaling down because of idle timeout
AssetImportWorker is now disconnected from the server
Process exiting
Exiting without the bug reporter. Application will terminate with return code 0