[Licensing::Module] Trying to connect to existing licensing client channel...
Built from '6000.2/staging' branch; Version is '6000.2.13f1 (abdb44fca7f7) revision 11262788'; Using compiler version '194234433'; Build Type 'Release'
OS: 'Windows 11  (10.0.22631) 64bit Professional' Language: 'en' Physical Memory: 15710 MB
BatchMode: 1, IsHumanControllingUs: 0, StartBugReporterOnCrash: 0, Is64bit: 1
Date: 2026-02-05T18:38:01Z
[Licensing::IpcConnector] Successfully connected to: "LicenseClient-stran" at "2026-02-05T18:38:01.2058845Z"

COMMAND LINE ARGUMENTS:
C:\Program Files\Unity\Hub\Editor\6000.2.13f1\Editor\Unity.exe
-adb2
-batchMode
-noUpm
-name
AssetImportWorker2
-projectPath
G:/Projects/GitHub/Ultimate-Tetris-3D-Unity
-logFile
Logs/AssetImportWorker2.log
-srvPort
62640
-licensingIpc
LicenseClient-stran
-job-worker-count
5
-background-job-worker-count
8
-gc-helper-count
1
-name
AssetImport
Successfully changed project path to: G:/Projects/GitHub/Ultimate-Tetris-3D-Unity
G:/Projects/GitHub/Ultimate-Tetris-3D-Unity
[UnityMemory] Configuration Parameters - Can be set up in boot.config
    "memorysetup-allocator-temp-initial-block-size-main=262144"
    "memorysetup-allocator-temp-initial-block-size-worker=262144"
    "memorysetup-bucket-allocator-granularity=16"
    "memorysetup-bucket-allocator-bucket-count=8"
    "memorysetup-bucket-allocator-block-size=33554432"
    "memorysetup-bucket-allocator-block-count=8"
    "memorysetup-main-allocator-block-size=16777216"
    "memorysetup-thread-allocator-block-size=16777216"
    "memorysetup-gfx-main-allocator-block-size=16777216"
    "memorysetup-gfx-thread-allocator-block-size=16777216"
    "memorysetup-cache-allocator-block-size=4194304"
    "memorysetup-typetree-allocator-block-size=2097152"
    "memorysetup-profiler-bucket-allocator-granularity=16"
    "memorysetup-profiler-bucket-allocator-bucket-count=8"
    "memorysetup-profiler-bucket-allocator-block-size=33554432"
    "memorysetup-profiler-bucket-allocator-block-count=8"
    "memorysetup-profiler-allocator-block-size=16777216"
    "memorysetup-profiler-editor-allocator-block-size=1048576"
    "memorysetup-temp-allocator-size-main=16777216"
    "memorysetup-job-temp-allocator-block-size=2097152"
    "memorysetup-job-temp-allocator-block-size-background=1048576"
    "memorysetup-job-temp-allocator-reduction-small-platforms=262144"
    "memorysetup-temp-allocator-size-background-worker=32768"
    "memorysetup-temp-allocator-size-job-worker=262144"
    "memorysetup-temp-allocator-size-preload-manager=33554432"
    "memorysetup-temp-allocator-size-nav-mesh-worker=65536"
    "memorysetup-temp-allocator-size-audio-worker=65536"
    "memorysetup-temp-allocator-size-cloud-worker=32768"
    "memorysetup-temp-allocator-size-gi-baking-worker=262144"
    "memorysetup-temp-allocator-size-gi-baking-worker=262144"
    "memorysetup-temp-allocator-size-gi-baking-worker=262144"
    "memorysetup-temp-allocator-size-gi-baking-worker=262144"
    "memorysetup-temp-allocator-size-gi-baking-worker=262144"
    "memorysetup-temp-allocator-size-gfx=262144"
Player connection [17064]  Target information:

Player connection [17064]  * "[IP] 192.168.1.6 [Port] 0 [Flags] 2 [Guid] 445832367 [EditorId] 445832367 [Version] 1048832 [Id] WindowsEditor(7,GHAREEB) [Debug] 1 [PackageName] WindowsEditor [ProjectName] Editor" 

Player connection [17064] Host joined multi-casting on [225.0.0.222:54997]...
Player connection [17064] Host joined alternative multi-casting on [225.0.0.222:34997]...
JobSystem: Creating JobQueue using job-worker-count value 5
Input System module state changed to: Initialized.
[Physics::Module] Initialized fallback backend.
[Physics::Module] Id: 0xdecafbad
Library Redirect Path: Library/
[Physics::Module] Selected backend.
[Physics::Module] Name: PhysX
[Physics::Module] Id: 0xf2b8ea05
[Physics::Module] SDK Version: 4.1.2
[Physics::Module] Integration Version: 1.0.0
[Physics::Module] Threading Mode: Multi-Threaded
ETC Legacy compression has been deprecated and will be removed in a future release. You can review compressors in "Project Settings > Editor > Texture Compressors".
Refreshing native plugins compatible for Editor in 0.80 ms, found 2 plugins.
Preloading 0 native plugins for Editor in 0.00 ms.
Initialize engine version: 6000.2.13f1 (abdb44fca7f7)
[Subsystems] Discovering subsystems at path C:/Program Files/Unity/Hub/Editor/6000.2.13f1/Editor/Data/Resources/UnitySubsystems
[Subsystems] Discovering subsystems at path G:/Projects/GitHub/Ultimate-Tetris-3D-Unity/Assets
GfxDevice: creating device client; kGfxThreadingModeNonThreaded
Direct3D:
    Version:  Direct3D 11.0 [level 11.1]
    Renderer: AMD Radeon(TM) RX 6500M (ID=0x743f)
    Vendor:   ATI
    VRAM:     4050 MB
    Driver:   32.0.21041.1000
Initialize mono
Mono path[0] = 'C:/Program Files/Unity/Hub/Editor/6000.2.13f1/Editor/Data/Managed'
Mono path[1] = 'C:/Program Files/Unity/Hub/Editor/6000.2.13f1/Editor/Data/MonoBleedingEdge/lib/mono/unityjit-win32'
Mono config path = 'C:/Program Files/Unity/Hub/Editor/6000.2.13f1/Editor/Data/MonoBleedingEdge/etc'
Using monoOptions --debugger-agent=transport=dt_socket,embedding=1,server=y,suspend=n,address=127.0.0.1:56260
Begin MonoManager ReloadAssembly
Registering precompiled unity dll's ...
Register platform support module: C:/Program Files/Unity/Hub/Editor/6000.2.13f1/Editor/Data/PlaybackEngines/WindowsStandaloneSupport/UnityEditor.WindowsStandalone.Extensions.dll
Registered in 0.003877 seconds.
- Loaded All Assemblies, in  0.710 seconds
Native extension for WindowsStandalone target not found
[Licensing::Client] Handshaking with LicensingClient:
  Version:                 1.17.4+4293ba1
  Session Id:              8facccf11fec407c9c44fa12ff885d54
  Correlation Id:          b3377701fa5dc71542f7e890195ee8c1
  External correlation Id: 5534528779612384954
  Machine Id:              MPHFJoEt7r+Xj9SB1xMq3pIcDjE=
[Licensing::Module] Successfully connected to LicensingClient on channel: "LicenseClient-stran" (connect: 0.00s, validation: 0.00s, handshake: 1.33s)
[Licensing::IpcConnector] Successfully connected to: "LicenseClient-stran-notifications" at "2026-02-05T18:38:02.5420903Z"
[Licensing::Module] Licensing Background thread has ended after 1.34s
Mono: successfully reloaded assembly
- Finished resetting the current domain, in  0.537 seconds
Domain Reload Profiling: 1243ms
	BeginReloadAssembly (244ms)
		ExecutionOrderSort (0ms)
		DisableScriptedObjects (0ms)
		BackupInstance (0ms)
		ReleaseScriptingObjects (0ms)
		CreateAndSetChildDomain (1ms)
	RebuildCommonClasses (69ms)
	RebuildNativeTypeToScriptingClass (20ms)
	initialDomainReloadingComplete (84ms)
	LoadAllAssembliesAndSetupDomain (290ms)
		LoadAssemblies (240ms)
		RebuildTransferFunctionScriptingTraits (0ms)
		AnalyzeDomain (283ms)
			TypeCache.Refresh (282ms)
				TypeCache.ScanAssembly (261ms)
			BuildScriptInfoCaches (0ms)
			ResolveRequiredComponents (1ms)
	FinalizeReload (537ms)
		ReleaseScriptCaches (0ms)
		RebuildScriptCaches (0ms)
		SetupLoadedEditorAssemblies (464ms)
			LogAssemblyErrors (0ms)
			InitializePlatformSupportModulesInManaged (77ms)
			SetLoadedEditorAssemblies (7ms)
			BeforeProcessingInitializeOnLoad (103ms)
			ProcessInitializeOnLoadAttributes (189ms)
			ProcessInitializeOnLoadMethodAttributes (87ms)
			AfterProcessingInitializeOnLoad (0ms)
			EditorAssembliesLoaded (0ms)
		ExecutionOrderSort2 (0ms)
		AwakeInstancesAfterBackupRestoration (0ms)
========================================================================
Worker process is ready to serve import requests
Import Worker Mode flag is 0x00
Begin MonoManager ReloadAssembly
[Licensing::Client] Successfully resolved entitlement details
[Licensing::Module] License group:
  Id: F4-S6VB-6VNM-MCA7-YRJZ-XXXX
  Product: Unity Personal
  Type: ULF
  Expiration: Unlimited
[Licensing::Module] License group:
  Id: 11270200047816-UnityPersXXXX
  Product: Unity Personal
  Type: Assigned
  Expiration: Unlimited
- Loaded All Assemblies, in  1.113 seconds
Refreshing native plugins compatible for Editor in 0.26 ms, found 2 plugins.
Native extension for WindowsStandalone target not found
Package Manager log level set to [2]
[Package Manager] Failed to launch server process. Reason: Unity was launched with the -noUpm command-line argument
[Package Manager] Unable to send message (not connected to server process).
[Package Manager] Cannot connect to Unity Package Manager local server
[MODES] ModeService[none].Initialize
[MODES] ModeService[none].LoadModes
[MODES] Loading mode Default (0) for mode-current-id-Ultimate Tetris
Mono: successfully reloaded assembly
- Finished resetting the current domain, in  0.889 seconds
Domain Reload Profiling: 1999ms
	BeginReloadAssembly (332ms)
		ExecutionOrderSort (0ms)
		DisableScriptedObjects (12ms)
		BackupInstance (0ms)
		ReleaseScriptingObjects (0ms)
		CreateAndSetChildDomain (80ms)
	RebuildCommonClasses (57ms)
	RebuildNativeTypeToScriptingClass (16ms)
	initialDomainReloadingComplete (55ms)
	LoadAllAssembliesAndSetupDomain (649ms)
		LoadAssemblies (562ms)
		RebuildTransferFunctionScriptingTraits (0ms)
		AnalyzeDomain (231ms)
			TypeCache.Refresh (170ms)
				TypeCache.ScanAssembly (158ms)
			BuildScriptInfoCaches (42ms)
			ResolveRequiredComponents (14ms)
	FinalizeReload (889ms)
		ReleaseScriptCaches (0ms)
		RebuildScriptCaches (0ms)
		SetupLoadedEditorAssemblies (671ms)
			LogAssemblyErrors (0ms)
			InitializePlatformSupportModulesInManaged (2ms)
			SetLoadedEditorAssemblies (6ms)
			BeforeProcessingInitializeOnLoad (124ms)
			ProcessInitializeOnLoadAttributes (420ms)
			ProcessInitializeOnLoadMethodAttributes (115ms)
			AfterProcessingInitializeOnLoad (4ms)
			EditorAssembliesLoaded (0ms)
		ExecutionOrderSort2 (0ms)
		AwakeInstancesAfterBackupRestoration (6ms)
ETC Legacy compression has been deprecated and will be removed in a future release. You can review compressors in "Project Settings > Editor > Texture Compressors".
Launched and connected shader compiler UnityShaderCompiler.exe after 0.02 seconds
Refreshing native plugins compatible for Editor in 0.32 ms, found 2 plugins.
Preloading 0 native plugins for Editor in 0.00 ms.
Unloading 15 Unused Serialized files (Serialized files now loaded: 0)
Unloading 4477 unused Assets / (4.0 MB). Loaded Objects now: 5214.
Memory consumption went from 120.8 MB to 116.8 MB.
Total: 10.773300 ms (FindLiveObjects: 0.783100 ms CreateObjectMapping: 0.757800 ms MarkObjects: 6.901800 ms  DeleteObjects: 2.329400 ms)

========================================================================
Received Import Request.
  Time since last request: 120496.319978 seconds.
  path: Assets/Models/Triangle.fbx
  artifactKey: Guid(eb2b47c6595614e4780ec3e37efa9cd3) Importer(815301076,1909f56bfc062723c751e8b465ee728b)
Start importing Assets/Models/Triangle.fbx using Guid(eb2b47c6595614e4780ec3e37efa9cd3) Importer(815301076,1909f56bfc062723c751e8b465ee728b) (PreviewImporter) -> (artifact id: '85ca0bc2b9cb721a0bef798013237132') in 0.6439526 seconds
Number of updated asset objects reloaded before import = 0Number of asset objects unloaded after import = 9

========================================================================
Received Import Request.
  Time since last request: 92.630723 seconds.
  path: Assets/Scenes/Main.unity
  artifactKey: Guid(deac80e34eb314406b365f9cc4b09fc9) Importer(2089858483,192608db42251d675da83286b1cce702)
Start importing Assets/Scenes/Main.unity using Guid(deac80e34eb314406b365f9cc4b09fc9) Importer(2089858483,192608db42251d675da83286b1cce702) (ScriptedImporter) -> (artifact id: '51eb441cb99c6fde915a2b0106e2715d') in 0.2210617 seconds
Number of updated asset objects reloaded before import = 0Number of asset objects unloaded after import = 1

========================================================================
Received Import Request.
  Time since last request: 0.000058 seconds.
  path: Assets/Sprites/Continue.png
  artifactKey: Guid(d862ca4175280cc4c8450bfb6912804c) Importer(2089858483,192608db42251d675da83286b1cce702)
Start importing Assets/Sprites/Continue.png using Guid(d862ca4175280cc4c8450bfb6912804c) Importer(2089858483,192608db42251d675da83286b1cce702) (ScriptedImporter) -> (artifact id: '3fae212047b8ce408480a6ce7b51efea') in 0.1124715 seconds
Number of updated asset objects reloaded before import = 0Number of asset objects unloaded after import = 3

========================================================================
Received Import Request.
  Time since last request: 0.000047 seconds.
  path: Assets/Models/Circle.fbx
  artifactKey: Guid(67a63be3864e31d4986f2d64d1b16403) Importer(2089858483,192608db42251d675da83286b1cce702)
Start importing Assets/Models/Circle.fbx using Guid(67a63be3864e31d4986f2d64d1b16403) Importer(2089858483,192608db42251d675da83286b1cce702) (ScriptedImporter) -> (artifact id: '607fa5fc15ab67c54abeea9e24883e82') in 0.0793106 seconds
Number of updated asset objects reloaded before import = 0Number of asset objects unloaded after import = 8

========================================================================
Received Import Request.
  Time since last request: 0.000024 seconds.
  path: Assets/Models/Triangle.fbx
  artifactKey: Guid(eb2b47c6595614e4780ec3e37efa9cd3) Importer(2089858483,192608db42251d675da83286b1cce702)
Start importing Assets/Models/Triangle.fbx using Guid(eb2b47c6595614e4780ec3e37efa9cd3) Importer(2089858483,192608db42251d675da83286b1cce702) (ScriptedImporter) -> (artifact id: 'd31525a886680d44623cbfa304f080a0') in 0.0305787 seconds
Number of updated asset objects reloaded before import = 0Number of asset objects unloaded after import = 8

========================================================================
Received Import Request.
  Time since last request: 0.000024 seconds.
  path: Assets/Models/ShniderLogo.fbx
  artifactKey: Guid(912f628677822bc4ab766ca03e2c2314) Importer(2089858483,192608db42251d675da83286b1cce702)
Start importing Assets/Models/ShniderLogo.fbx using Guid(912f628677822bc4ab766ca03e2c2314) Importer(2089858483,192608db42251d675da83286b1cce702) (ScriptedImporter) -> (artifact id: '4dc89bdf5f4da919676de14c06b30fce') in 0.0331483 seconds
Number of updated asset objects reloaded before import = 0Number of asset objects unloaded after import = 8

========================================================================
Received Import Request.
  Time since last request: 0.000028 seconds.
  path: Assets/Models/X.fbx
  artifactKey: Guid(0b351658181217d4ea5d5e87e9357545) Importer(2089858483,192608db42251d675da83286b1cce702)
Start importing Assets/Models/X.fbx using Guid(0b351658181217d4ea5d5e87e9357545) Importer(2089858483,192608db42251d675da83286b1cce702) (ScriptedImporter) -> (artifact id: '94e98a0c89348cfdbca8f889fb37455c') in 0.0293547 seconds
Number of updated asset objects reloaded before import = 0Number of asset objects unloaded after import = 8

========================================================================
Received Import Request.
  Time since last request: 0.000036 seconds.
  path: Assets/Sprites/RotateButton.png
  artifactKey: Guid(1f3923e6dac264243a12d17f37367245) Importer(2089858483,192608db42251d675da83286b1cce702)
Start importing Assets/Sprites/RotateButton.png using Guid(1f3923e6dac264243a12d17f37367245) Importer(2089858483,192608db42251d675da83286b1cce702) (ScriptedImporter) -> (artifact id: '4126d151d88a925be31e88b591f0cb44') in 0.0307494 seconds
Number of updated asset objects reloaded before import = 0Number of asset objects unloaded after import = 3

========================================================================
Received Import Request.
  Time since last request: 0.000026 seconds.
  path: Assets/Scripts/GameManager.cs
  artifactKey: Guid(d5e1611a428644f229134e1a3f5b0842) Importer(2089858483,192608db42251d675da83286b1cce702)
Start importing Assets/Scripts/GameManager.cs using Guid(d5e1611a428644f229134e1a3f5b0842) Importer(2089858483,192608db42251d675da83286b1cce702) (ScriptedImporter) -> (artifact id: 'd060beeae50f479b50761a522c8dec37') in 0.0184838 seconds
Number of updated asset objects reloaded before import = 0Number of asset objects unloaded after import = 0

========================================================================
Received Import Request.
  Time since last request: 1.589618 seconds.
  path: Assets/Models/OpenTriangle.fbx
  artifactKey: Guid(6e3509c3278f5a44e8552e6ffe6b84b1) Importer(815301076,1909f56bfc062723c751e8b465ee728b)
Start importing Assets/Models/OpenTriangle.fbx using Guid(6e3509c3278f5a44e8552e6ffe6b84b1) Importer(815301076,1909f56bfc062723c751e8b465ee728b) (PreviewImporter) -> (artifact id: 'd69a3bb106e6bf31704fc7788af070cb') in 0.0325187 seconds
Number of updated asset objects reloaded before import = 0Number of asset objects unloaded after import = 8

========================================================================
Received Import Request.
  Time since last request: 20.050404 seconds.
  path: Assets/Materials/Border.mat
  artifactKey: Guid(e098479a6c74845c186b5118b5b06360) Importer(815301076,1909f56bfc062723c751e8b465ee728b)
Start importing Assets/Materials/Border.mat using Guid(e098479a6c74845c186b5118b5b06360) Importer(815301076,1909f56bfc062723c751e8b465ee728b) (PreviewImporter) -> (artifact id: '172071fb28b33a9a80d51ff0af6954c4') in 0.0301664 seconds
Number of updated asset objects reloaded before import = 0Number of asset objects unloaded after import = 3

========================================================================
Received Import Request.
  Time since last request: 0.275953 seconds.
  path: Assets/Materials/black.mat
  artifactKey: Guid(73b6d814027472d46b7401d01c3cfd83) Importer(815301076,1909f56bfc062723c751e8b465ee728b)
Start importing Assets/Materials/black.mat using Guid(73b6d814027472d46b7401d01c3cfd83) Importer(815301076,1909f56bfc062723c751e8b465ee728b) (PreviewImporter) -> (artifact id: '22625852720c77d0ede2dc0d9760740f') in 0.025624 seconds
Number of updated asset objects reloaded before import = 0Number of asset objects unloaded after import = 2

========================================================================
Received Import Request.
  Time since last request: 62.850220 seconds.
  path: Assets/Scenes/Main.unity
  artifactKey: Guid(deac80e34eb314406b365f9cc4b09fc9) Importer(2089858483,192608db42251d675da83286b1cce702)
Start importing Assets/Scenes/Main.unity using Guid(deac80e34eb314406b365f9cc4b09fc9) Importer(2089858483,192608db42251d675da83286b1cce702) (ScriptedImporter) -> (artifact id: '9fb995828e26ba36fc72002cc7723997') in 0.0339248 seconds
Number of updated asset objects reloaded before import = 0Number of asset objects unloaded after import = 1

========================================================================
Received Import Request.
  Time since last request: 15.100581 seconds.
  path: Assets/Scenes/Main.unity
  artifactKey: Guid(deac80e34eb314406b365f9cc4b09fc9) Importer(2089858483,192608db42251d675da83286b1cce702)
Start importing Assets/Scenes/Main.unity using Guid(deac80e34eb314406b365f9cc4b09fc9) Importer(2089858483,192608db42251d675da83286b1cce702) (ScriptedImporter) -> (artifact id: 'f838d1847ec52f0c78234fb86b340ae2') in 0.033207 seconds
Number of updated asset objects reloaded before import = 0Number of asset objects unloaded after import = 1

========================================================================
Received Import Request.
  Time since last request: 10.203321 seconds.
  path: Assets/Scenes/Main.unity
  artifactKey: Guid(deac80e34eb314406b365f9cc4b09fc9) Importer(2089858483,192608db42251d675da83286b1cce702)
Start importing Assets/Scenes/Main.unity using Guid(deac80e34eb314406b365f9cc4b09fc9) Importer(2089858483,192608db42251d675da83286b1cce702) (ScriptedImporter) -> (artifact id: 'edfa031ed548ea59efa8d11e5f12c937') in 0.0335809 seconds
Number of updated asset objects reloaded before import = 0Number of asset objects unloaded after import = 1

========================================================================
Received Import Request.
  Time since last request: 7.585741 seconds.
  path: Assets/Scenes/Main.unity
  artifactKey: Guid(deac80e34eb314406b365f9cc4b09fc9) Importer(2089858483,192608db42251d675da83286b1cce702)
Start importing Assets/Scenes/Main.unity using Guid(deac80e34eb314406b365f9cc4b09fc9) Importer(2089858483,192608db42251d675da83286b1cce702) (ScriptedImporter) -> (artifact id: 'f1373f04de60be5f697022f2098e2d46') in 0.0318118 seconds
Number of updated asset objects reloaded before import = 0Number of asset objects unloaded after import = 1

========================================================================
Received Import Request.
  Time since last request: 39.635430 seconds.
  path: Assets/Scenes/Main.unity
  artifactKey: Guid(deac80e34eb314406b365f9cc4b09fc9) Importer(2089858483,192608db42251d675da83286b1cce702)
Start importing Assets/Scenes/Main.unity using Guid(deac80e34eb314406b365f9cc4b09fc9) Importer(2089858483,192608db42251d675da83286b1cce702) (ScriptedImporter) -> (artifact id: 'b949985b59874bff35f74f1a67bdbdf4') in 0.0253992 seconds
Number of updated asset objects reloaded before import = 0Number of asset objects unloaded after import = 1

========================================================================
Received Import Request.
  Time since last request: 6.324444 seconds.
  path: Assets/Scenes/Main.unity
  artifactKey: Guid(deac80e34eb314406b365f9cc4b09fc9) Importer(2089858483,192608db42251d675da83286b1cce702)
Start importing Assets/Scenes/Main.unity using Guid(deac80e34eb314406b365f9cc4b09fc9) Importer(2089858483,192608db42251d675da83286b1cce702) (ScriptedImporter) -> (artifact id: '315284161035da5dae36c051b01490e3') in 0.0364529 seconds
Number of updated asset objects reloaded before import = 0Number of asset objects unloaded after import = 1

========================================================================
Received Import Request.
  Time since last request: 26.554858 seconds.
  path: Assets/Scenes/Main.unity
  artifactKey: Guid(deac80e34eb314406b365f9cc4b09fc9) Importer(2089858483,192608db42251d675da83286b1cce702)
Start importing Assets/Scenes/Main.unity using Guid(deac80e34eb314406b365f9cc4b09fc9) Importer(2089858483,192608db42251d675da83286b1cce702) (ScriptedImporter) -> (artifact id: 'b82a9e6188a9dec5be959e0f2287a061') in 0.0262022 seconds
Number of updated asset objects reloaded before import = 0Number of asset objects unloaded after import = 1

========================================================================
Received Import Request.
  Time since last request: 44.170131 seconds.
  path: Assets/Scenes/Main.unity
  artifactKey: Guid(deac80e34eb314406b365f9cc4b09fc9) Importer(2089858483,192608db42251d675da83286b1cce702)
Start importing Assets/Scenes/Main.unity using Guid(deac80e34eb314406b365f9cc4b09fc9) Importer(2089858483,192608db42251d675da83286b1cce702) (ScriptedImporter) -> (artifact id: '229810e44d522d6ece040d3f664111d6') in 0.0343813 seconds
Number of updated asset objects reloaded before import = 0Number of asset objects unloaded after import = 1

========================================================================
Received Import Request.
  Time since last request: 16.981942 seconds.
  path: Assets/Scenes/Main.unity
  artifactKey: Guid(deac80e34eb314406b365f9cc4b09fc9) Importer(2089858483,192608db42251d675da83286b1cce702)
Start importing Assets/Scenes/Main.unity using Guid(deac80e34eb314406b365f9cc4b09fc9) Importer(2089858483,192608db42251d675da83286b1cce702) (ScriptedImporter) -> (artifact id: 'daa1dad1451a474f98951f8ca547cc10') in 0.0257747 seconds
Number of updated asset objects reloaded before import = 0Number of asset objects unloaded after import = 1

========================================================================
Received Import Request.
  Time since last request: 6.857584 seconds.
  path: Assets/Scenes/Main.unity
  artifactKey: Guid(deac80e34eb314406b365f9cc4b09fc9) Importer(2089858483,192608db42251d675da83286b1cce702)
Start importing Assets/Scenes/Main.unity using Guid(deac80e34eb314406b365f9cc4b09fc9) Importer(2089858483,192608db42251d675da83286b1cce702) (ScriptedImporter) -> (artifact id: '596022e2e4288ddbae1fd0a6aaf378c6') in 0.029084 seconds
Number of updated asset objects reloaded before import = 0Number of asset objects unloaded after import = 1

========================================================================
Received Import Request.
  Time since last request: 8.630439 seconds.
  path: Assets/Scenes/Main.unity
  artifactKey: Guid(deac80e34eb314406b365f9cc4b09fc9) Importer(2089858483,192608db42251d675da83286b1cce702)
Start importing Assets/Scenes/Main.unity using Guid(deac80e34eb314406b365f9cc4b09fc9) Importer(2089858483,192608db42251d675da83286b1cce702) (ScriptedImporter) -> (artifact id: '9e585a44dc12eef9dd246e163e938293') in 0.0295554 seconds
Number of updated asset objects reloaded before import = 0Number of asset objects unloaded after import = 1

========================================================================
Received Import Request.
  Time since last request: 6.835609 seconds.
  path: Assets/Scenes/Main.unity
  artifactKey: Guid(deac80e34eb314406b365f9cc4b09fc9) Importer(2089858483,192608db42251d675da83286b1cce702)
Start importing Assets/Scenes/Main.unity using Guid(deac80e34eb314406b365f9cc4b09fc9) Importer(2089858483,192608db42251d675da83286b1cce702) (ScriptedImporter) -> (artifact id: '3629c84f0d9d35412ccdb4c7aedf4601') in 0.0279484 seconds
Number of updated asset objects reloaded before import = 0Number of asset objects unloaded after import = 1

========================================================================
Received Import Request.
  Time since last request: 310.569665 seconds.
  path: Assets/Scenes/Main.unity
  artifactKey: Guid(deac80e34eb314406b365f9cc4b09fc9) Importer(2089858483,192608db42251d675da83286b1cce702)
Start importing Assets/Scenes/Main.unity using Guid(deac80e34eb314406b365f9cc4b09fc9) Importer(2089858483,192608db42251d675da83286b1cce702) (ScriptedImporter) -> (artifact id: '9a412906d8cc951877d1e18c9c6dcddb') in 0.0262578 seconds
Number of updated asset objects reloaded before import = 0Number of asset objects unloaded after import = 1

========================================================================
Received Import Request.
  Time since last request: 94.347867 seconds.
  path: Assets/Scenes/Main.unity
  artifactKey: Guid(deac80e34eb314406b365f9cc4b09fc9) Importer(2089858483,192608db42251d675da83286b1cce702)
Start importing Assets/Scenes/Main.unity using Guid(deac80e34eb314406b365f9cc4b09fc9) Importer(2089858483,192608db42251d675da83286b1cce702) (ScriptedImporter) -> (artifact id: '8002a76dd22bd07ffe4a9986f9574ab6') in 0.036553 seconds
Number of updated asset objects reloaded before import = 0Number of asset objects unloaded after import = 1

========================================================================
Received Import Request.
  Time since last request: 71.074855 seconds.
  path: Assets/Scenes/Main.unity
  artifactKey: Guid(deac80e34eb314406b365f9cc4b09fc9) Importer(2089858483,192608db42251d675da83286b1cce702)
Start importing Assets/Scenes/Main.unity using Guid(deac80e34eb314406b365f9cc4b09fc9) Importer(2089858483,192608db42251d675da83286b1cce702) (ScriptedImporter) -> (artifact id: 'f1cf39254e44c8045dfd9b8503d55273') in 0.0306899 seconds
Number of updated asset objects reloaded before import = 0Number of asset objects unloaded after import = 1

========================================================================
Received Import Request.
  Time since last request: 26.029981 seconds.
  path: Assets/Scenes/Main.unity
  artifactKey: Guid(deac80e34eb314406b365f9cc4b09fc9) Importer(2089858483,192608db42251d675da83286b1cce702)
Start importing Assets/Scenes/Main.unity using Guid(deac80e34eb314406b365f9cc4b09fc9) Importer(2089858483,192608db42251d675da83286b1cce702) (ScriptedImporter) -> (artifact id: '2f951a69fe01d32b8af58c4060601a46') in 0.0316194 seconds
Number of updated asset objects reloaded before import = 0Number of asset objects unloaded after import = 1

========================================================================
Received Import Request.
  Time since last request: 10.045523 seconds.
  path: Assets/Scenes/Main.unity
  artifactKey: Guid(deac80e34eb314406b365f9cc4b09fc9) Importer(2089858483,192608db42251d675da83286b1cce702)
Start importing Assets/Scenes/Main.unity using Guid(deac80e34eb314406b365f9cc4b09fc9) Importer(2089858483,192608db42251d675da83286b1cce702) (ScriptedImporter) -> (artifact id: 'ebf6b2059afb612cbf538429d6ffc72f') in 0.0410253 seconds
Number of updated asset objects reloaded before import = 0Number of asset objects unloaded after import = 1

========================================================================
Received Import Request.
  Time since last request: 548.066402 seconds.
  path: Assets/Scenes/Main.unity
  artifactKey: Guid(deac80e34eb314406b365f9cc4b09fc9) Importer(2089858483,192608db42251d675da83286b1cce702)
Start importing Assets/Scenes/Main.unity using Guid(deac80e34eb314406b365f9cc4b09fc9) Importer(2089858483,192608db42251d675da83286b1cce702) (ScriptedImporter) -> (artifact id: '4fd68d8796e703b9adf7626c06786a53') in 0.0304694 seconds
Number of updated asset objects reloaded before import = 0Number of asset objects unloaded after import = 1

========================================================================
Received Import Request.
  Time since last request: 44.073554 seconds.
  path: Assets/Scenes/Main.unity
  artifactKey: Guid(deac80e34eb314406b365f9cc4b09fc9) Importer(2089858483,192608db42251d675da83286b1cce702)
Start importing Assets/Scenes/Main.unity using Guid(deac80e34eb314406b365f9cc4b09fc9) Importer(2089858483,192608db42251d675da83286b1cce702) (ScriptedImporter) -> (artifact id: '172ba2ae083b4ba09b5e6715f652bb53') in 0.0247566 seconds
Number of updated asset objects reloaded before import = 0Number of asset objects unloaded after import = 1

========================================================================
Received Import Request.
  Time since last request: 14.948861 seconds.
  path: Assets/Scenes/Main.unity
  artifactKey: Guid(deac80e34eb314406b365f9cc4b09fc9) Importer(2089858483,192608db42251d675da83286b1cce702)
Start importing Assets/Scenes/Main.unity using Guid(deac80e34eb314406b365f9cc4b09fc9) Importer(2089858483,192608db42251d675da83286b1cce702) (ScriptedImporter) -> (artifact id: 'ab2a7a98f27f83913d703e7115c6dd03') in 0.0265435 seconds
Number of updated asset objects reloaded before import = 0Number of asset objects unloaded after import = 1

========================================================================
Received Import Request.
  Time since last request: 10.170933 seconds.
  path: Assets/Scenes/Main.unity
  artifactKey: Guid(deac80e34eb314406b365f9cc4b09fc9) Importer(2089858483,192608db42251d675da83286b1cce702)
Start importing Assets/Scenes/Main.unity using Guid(deac80e34eb314406b365f9cc4b09fc9) Importer(2089858483,192608db42251d675da83286b1cce702) (ScriptedImporter) -> (artifact id: '581406c27c848e9e4b3152506b4bb661') in 0.0239106 seconds
Number of updated asset objects reloaded before import = 0Number of asset objects unloaded after import = 1

========================================================================
Received Import Request.
  Time since last request: 18.855743 seconds.
  path: Assets/Scenes/Main.unity
  artifactKey: Guid(deac80e34eb314406b365f9cc4b09fc9) Importer(2089858483,192608db42251d675da83286b1cce702)
Start importing Assets/Scenes/Main.unity using Guid(deac80e34eb314406b365f9cc4b09fc9) Importer(2089858483,192608db42251d675da83286b1cce702) (ScriptedImporter) -> (artifact id: '8a728d57b6fb1f270e6db87956baeed9') in 0.0346025 seconds
Number of updated asset objects reloaded before import = 0Number of asset objects unloaded after import = 1

========================================================================
Received Import Request.
  Time since last request: 2.340906 seconds.
  path: Assets/Scenes/Main.unity
  artifactKey: Guid(deac80e34eb314406b365f9cc4b09fc9) Importer(2089858483,192608db42251d675da83286b1cce702)
Start importing Assets/Scenes/Main.unity using Guid(deac80e34eb314406b365f9cc4b09fc9) Importer(2089858483,192608db42251d675da83286b1cce702) (ScriptedImporter) -> (artifact id: '22abeb133d426ca9f09c4c827e222ad6') in 0.0227252 seconds
Number of updated asset objects reloaded before import = 0Number of asset objects unloaded after import = 1

========================================================================
Received Import Request.
  Time since last request: 2.491543 seconds.
  path: Assets/Scenes/Main.unity
  artifactKey: Guid(deac80e34eb314406b365f9cc4b09fc9) Importer(2089858483,192608db42251d675da83286b1cce702)
Start importing Assets/Scenes/Main.unity using Guid(deac80e34eb314406b365f9cc4b09fc9) Importer(2089858483,192608db42251d675da83286b1cce702) (ScriptedImporter) -> (artifact id: '1709531696bba13f6213902336bee790') in 0.034566 seconds
Number of updated asset objects reloaded before import = 0Number of asset objects unloaded after import = 1

========================================================================
Received Import Request.
  Time since last request: 79.307530 seconds.
  path: Assets/Scenes/Main.unity
  artifactKey: Guid(deac80e34eb314406b365f9cc4b09fc9) Importer(2089858483,192608db42251d675da83286b1cce702)
Start importing Assets/Scenes/Main.unity using Guid(deac80e34eb314406b365f9cc4b09fc9) Importer(2089858483,192608db42251d675da83286b1cce702) (ScriptedImporter) -> (artifact id: '2bfc942175a91ff1dce00e454e79f1b0') in 0.0292811 seconds
Number of updated asset objects reloaded before import = 0Number of asset objects unloaded after import = 1

========================================================================
Received Import Request.
  Time since last request: 11.490502 seconds.
  path: Assets/Scenes/Main.unity
  artifactKey: Guid(deac80e34eb314406b365f9cc4b09fc9) Importer(2089858483,192608db42251d675da83286b1cce702)
Start importing Assets/Scenes/Main.unity using Guid(deac80e34eb314406b365f9cc4b09fc9) Importer(2089858483,192608db42251d675da83286b1cce702) (ScriptedImporter) -> (artifact id: '2e3365506519a735ee1992c9c83e49c7') in 0.0249592 seconds
Number of updated asset objects reloaded before import = 0Number of asset objects unloaded after import = 1

========================================================================
Received Import Request.
  Time since last request: 13.266614 seconds.
  path: Assets/Scenes/Main.unity
  artifactKey: Guid(deac80e34eb314406b365f9cc4b09fc9) Importer(2089858483,192608db42251d675da83286b1cce702)
Start importing Assets/Scenes/Main.unity using Guid(deac80e34eb314406b365f9cc4b09fc9) Importer(2089858483,192608db42251d675da83286b1cce702) (ScriptedImporter) -> (artifact id: '420d8748816bf56f826a31fec86fa3f0') in 0.0287524 seconds
Number of updated asset objects reloaded before import = 0Number of asset objects unloaded after import = 1

========================================================================
Received Import Request.
  Time since last request: 38.990852 seconds.
  path: Assets/Scenes/Main.unity
  artifactKey: Guid(deac80e34eb314406b365f9cc4b09fc9) Importer(2089858483,192608db42251d675da83286b1cce702)
Start importing Assets/Scenes/Main.unity using Guid(deac80e34eb314406b365f9cc4b09fc9) Importer(2089858483,192608db42251d675da83286b1cce702) (ScriptedImporter) -> (artifact id: '2f51d1628bf4fa64c74e2c5ce90dd687') in 0.0309264 seconds
Number of updated asset objects reloaded before import = 0Number of asset objects unloaded after import = 1

========================================================================
Received Import Request.
  Time since last request: 725.438440 seconds.
  path: Assets/Scenes/Main.unity
  artifactKey: Guid(deac80e34eb314406b365f9cc4b09fc9) Importer(2089858483,192608db42251d675da83286b1cce702)
Start importing Assets/Scenes/Main.unity using Guid(deac80e34eb314406b365f9cc4b09fc9) Importer(2089858483,192608db42251d675da83286b1cce702) (ScriptedImporter) -> (artifact id: '21228c97f2f59158d984f628f198191e') in 0.0258908 seconds
Number of updated asset objects reloaded before import = 0Number of asset objects unloaded after import = 1

========================================================================
Received Import Request.
  Time since last request: 6.860986 seconds.
  path: Assets/Scenes/Main.unity
  artifactKey: Guid(deac80e34eb314406b365f9cc4b09fc9) Importer(2089858483,192608db42251d675da83286b1cce702)
Start importing Assets/Scenes/Main.unity using Guid(deac80e34eb314406b365f9cc4b09fc9) Importer(2089858483,192608db42251d675da83286b1cce702) (ScriptedImporter) -> (artifact id: '468d120937e993c69f4b94ee9eac5cc5') in 0.0282699 seconds
Number of updated asset objects reloaded before import = 0Number of asset objects unloaded after import = 1

========================================================================
Received Import Request.
  Time since last request: 11.277403 seconds.
  path: Assets/Scenes/Main.unity
  artifactKey: Guid(deac80e34eb314406b365f9cc4b09fc9) Importer(2089858483,192608db42251d675da83286b1cce702)
Start importing Assets/Scenes/Main.unity using Guid(deac80e34eb314406b365f9cc4b09fc9) Importer(2089858483,192608db42251d675da83286b1cce702) (ScriptedImporter) -> (artifact id: '03a87d7279f25dca32b590dd1c2165bb') in 0.0266463 seconds
Number of updated asset objects reloaded before import = 0Number of asset objects unloaded after import = 1

========================================================================
Received Import Request.
  Time since last request: 20.499933 seconds.
  path: Assets/Scenes/Main.unity
  artifactKey: Guid(deac80e34eb314406b365f9cc4b09fc9) Importer(2089858483,192608db42251d675da83286b1cce702)
Start importing Assets/Scenes/Main.unity using Guid(deac80e34eb314406b365f9cc4b09fc9) Importer(2089858483,192608db42251d675da83286b1cce702) (ScriptedImporter) -> (artifact id: '7ea588f175c2ad78beb162af8d68ee2c') in 0.0335548 seconds
Number of updated asset objects reloaded before import = 0Number of asset objects unloaded after import = 1

========================================================================
Received Import Request.
  Time since last request: 4.901845 seconds.
  path: Assets/Scenes/Main.unity
  artifactKey: Guid(deac80e34eb314406b365f9cc4b09fc9) Importer(2089858483,192608db42251d675da83286b1cce702)
Start importing Assets/Scenes/Main.unity using Guid(deac80e34eb314406b365f9cc4b09fc9) Importer(2089858483,192608db42251d675da83286b1cce702) (ScriptedImporter) -> (artifact id: '7ca67e71544d1958689924a8c78ccb16') in 0.0290836 seconds
Number of updated asset objects reloaded before import = 0Number of asset objects unloaded after import = 1

========================================================================
Received Import Request.
  Time since last request: 80.891775 seconds.
  path: Assets/Scenes/Main.unity
  artifactKey: Guid(deac80e34eb314406b365f9cc4b09fc9) Importer(2089858483,192608db42251d675da83286b1cce702)
Start importing Assets/Scenes/Main.unity using Guid(deac80e34eb314406b365f9cc4b09fc9) Importer(2089858483,192608db42251d675da83286b1cce702) (ScriptedImporter) -> (artifact id: '69cf7aec7f3a8d8743194b46d0b5313d') in 0.0379828 seconds
Number of updated asset objects reloaded before import = 0Number of asset objects unloaded after import = 1

========================================================================
Received Import Request.
  Time since last request: 24.426824 seconds.
  path: Assets/Scenes/Main.unity
  artifactKey: Guid(deac80e34eb314406b365f9cc4b09fc9) Importer(2089858483,192608db42251d675da83286b1cce702)
Start importing Assets/Scenes/Main.unity using Guid(deac80e34eb314406b365f9cc4b09fc9) Importer(2089858483,192608db42251d675da83286b1cce702) (ScriptedImporter) -> (artifact id: 'baaf452933f76419a62357c2078b450a') in 0.0282087 seconds
Number of updated asset objects reloaded before import = 0Number of asset objects unloaded after import = 1

========================================================================
Received Import Request.
  Time since last request: 9.793361 seconds.
  path: Assets/Scenes/Main.unity
  artifactKey: Guid(deac80e34eb314406b365f9cc4b09fc9) Importer(2089858483,192608db42251d675da83286b1cce702)
Start importing Assets/Scenes/Main.unity using Guid(deac80e34eb314406b365f9cc4b09fc9) Importer(2089858483,192608db42251d675da83286b1cce702) (ScriptedImporter) -> (artifact id: 'c871a92355d623d38f253614aad09179') in 0.0314106 seconds
Number of updated asset objects reloaded before import = 0Number of asset objects unloaded after import = 1

========================================================================
Received Import Request.
  Time since last request: 19.533084 seconds.
  path: Assets/Scenes/Main.unity
  artifactKey: Guid(deac80e34eb314406b365f9cc4b09fc9) Importer(2089858483,192608db42251d675da83286b1cce702)
Start importing Assets/Scenes/Main.unity using Guid(deac80e34eb314406b365f9cc4b09fc9) Importer(2089858483,192608db42251d675da83286b1cce702) (ScriptedImporter) -> (artifact id: 'e171216f8198534f952bf9e0103d4cd1') in 0.031661 seconds
Number of updated asset objects reloaded before import = 0Number of asset objects unloaded after import = 1

========================================================================
Received Import Request.
  Time since last request: 73.732573 seconds.
  path: Assets/Scenes/Main.unity
  artifactKey: Guid(deac80e34eb314406b365f9cc4b09fc9) Importer(2089858483,192608db42251d675da83286b1cce702)
Start importing Assets/Scenes/Main.unity using Guid(deac80e34eb314406b365f9cc4b09fc9) Importer(2089858483,192608db42251d675da83286b1cce702) (ScriptedImporter) -> (artifact id: '283a2684fa49e68722b0c583e715467c') in 0.0302181 seconds
Number of updated asset objects reloaded before import = 0Number of asset objects unloaded after import = 1

========================================================================
Received Import Request.
  Time since last request: 4.453640 seconds.
  path: Assets/Scenes/Main.unity
  artifactKey: Guid(deac80e34eb314406b365f9cc4b09fc9) Importer(2089858483,192608db42251d675da83286b1cce702)
Start importing Assets/Scenes/Main.unity using Guid(deac80e34eb314406b365f9cc4b09fc9) Importer(2089858483,192608db42251d675da83286b1cce702) (ScriptedImporter) -> (artifact id: '275deb2740f020087c50ed03d4f08c0f') in 0.0290219 seconds
Number of updated asset objects reloaded before import = 0Number of asset objects unloaded after import = 1

========================================================================
Received Import Request.
  Time since last request: 4.431608 seconds.
  path: Assets/Scenes/Main.unity
  artifactKey: Guid(deac80e34eb314406b365f9cc4b09fc9) Importer(2089858483,192608db42251d675da83286b1cce702)
Start importing Assets/Scenes/Main.unity using Guid(deac80e34eb314406b365f9cc4b09fc9) Importer(2089858483,192608db42251d675da83286b1cce702) (ScriptedImporter) -> (artifact id: 'f37c67f057cfbe1a7a0f28d32b81ded5') in 0.0261561 seconds
Number of updated asset objects reloaded before import = 0Number of asset objects unloaded after import = 1

========================================================================
Received Import Request.
  Time since last request: 41.188375 seconds.
  path: Assets/Scenes/Main.unity
  artifactKey: Guid(deac80e34eb314406b365f9cc4b09fc9) Importer(2089858483,192608db42251d675da83286b1cce702)
Start importing Assets/Scenes/Main.unity using Guid(deac80e34eb314406b365f9cc4b09fc9) Importer(2089858483,192608db42251d675da83286b1cce702) (ScriptedImporter) -> (artifact id: '33c47d2483f78230b61ff4ab3615895a') in 0.0288476 seconds
Number of updated asset objects reloaded before import = 0Number of asset objects unloaded after import = 1

========================================================================
Received Import Request.
  Time since last request: 15.669193 seconds.
  path: Assets/Scenes/Main.unity
  artifactKey: Guid(deac80e34eb314406b365f9cc4b09fc9) Importer(2089858483,192608db42251d675da83286b1cce702)
Start importing Assets/Scenes/Main.unity using Guid(deac80e34eb314406b365f9cc4b09fc9) Importer(2089858483,192608db42251d675da83286b1cce702) (ScriptedImporter) -> (artifact id: 'e6e515bb111a5b0c5f0b16e7a3767282') in 0.0278854 seconds
Number of updated asset objects reloaded before import = 0Number of asset objects unloaded after import = 1

========================================================================
Received Prepare
ETC Legacy compression has been deprecated and will be removed in a future release. You can review compressors in "Project Settings > Editor > Texture Compressors".
Begin MonoManager ReloadAssembly
[Licensing::Client] Successfully resolved entitlement details
[Licensing::Module] License group:
  Id: F4-S6VB-6VNM-MCA7-YRJZ-XXXX
  Product: Unity Personal
  Type: ULF
  Expiration: Unlimited
[Licensing::Module] License group:
  Id: 11270200047816-UnityPersXXXX
  Product: Unity Personal
  Type: Assigned
  Expiration: Unlimited
- Loaded All Assemblies, in  6.801 seconds
Refreshing native plugins compatible for Editor in 0.55 ms, found 2 plugins.
Native extension for WindowsStandalone target not found
[Package Manager] Failed to launch server process. Reason: Unity was launched with the -noUpm command-line argument
[Package Manager] Unable to send message (not connected to server process).
[Package Manager] Cannot connect to Unity Package Manager local server
[MODES] ModeService[none].Initialize
[MODES] ModeService[none].LoadModes
Mono: successfully reloaded assembly
- Finished resetting the current domain, in  1.047 seconds
Domain Reload Profiling: 7848ms
	BeginReloadAssembly (721ms)
		ExecutionOrderSort (0ms)
		DisableScriptedObjects (90ms)
		BackupInstance (0ms)
		ReleaseScriptingObjects (1ms)
		CreateAndSetChildDomain (160ms)
	RebuildCommonClasses (190ms)
	RebuildNativeTypeToScriptingClass (12ms)
	initialDomainReloadingComplete (41ms)
	LoadAllAssembliesAndSetupDomain (5837ms)
		LoadAssemblies (5896ms)
		RebuildTransferFunctionScriptingTraits (0ms)
		AnalyzeDomain (204ms)
			TypeCache.Refresh (13ms)
				TypeCache.ScanAssembly (0ms)
			BuildScriptInfoCaches (171ms)
			ResolveRequiredComponents (12ms)
	FinalizeReload (1048ms)
		ReleaseScriptCaches (0ms)
		RebuildScriptCaches (0ms)
		SetupLoadedEditorAssemblies (803ms)
			LogAssemblyErrors (0ms)
			InitializePlatformSupportModulesInManaged (3ms)
			SetLoadedEditorAssemblies (7ms)
			BeforeProcessingInitializeOnLoad (174ms)
			ProcessInitializeOnLoadAttributes (457ms)
			ProcessInitializeOnLoadMethodAttributes (154ms)
			AfterProcessingInitializeOnLoad (7ms)
			EditorAssembliesLoaded (0ms)
		ExecutionOrderSort2 (0ms)
		AwakeInstancesAfterBackupRestoration (21ms)
Refreshing native plugins compatible for Editor in 0.50 ms, found 2 plugins.
Preloading 0 native plugins for Editor in 0.00 ms.
Unloading 15 Unused Serialized files (Serialized files now loaded: 0)
Unloading 4477 unused Assets / (3.7 MB). Loaded Objects now: 5298.
Memory consumption went from 131.9 MB to 128.2 MB.
Total: 11.208800 ms (FindLiveObjects: 0.672700 ms CreateObjectMapping: 0.709400 ms MarkObjects: 7.520400 ms  DeleteObjects: 2.304900 ms)

Prepare: number of updated asset objects reloaded= 0
========================================================================
Received Prepare
ETC Legacy compression has been deprecated and will be removed in a future release. You can review compressors in "Project Settings > Editor > Texture Compressors".
Refreshing native plugins compatible for Editor in 0.33 ms, found 2 plugins.
Preloading 0 native plugins for Editor in 0.00 ms.
Unloading 15 Unused Serialized files (Serialized files now loaded: 0)
Unloading 4472 unused Assets / (4.3 MB). Loaded Objects now: 5298.
Memory consumption went from 132.0 MB to 127.7 MB.
Total: 12.710300 ms (FindLiveObjects: 0.773600 ms CreateObjectMapping: 0.925100 ms MarkObjects: 7.850500 ms  DeleteObjects: 3.159700 ms)

Prepare: number of updated asset objects reloaded= 0
========================================================================
Received Prepare
ETC Legacy compression has been deprecated and will be removed in a future release. You can review compressors in "Project Settings > Editor > Texture Compressors".
Begin MonoManager ReloadAssembly
[Licensing::Client] Successfully resolved entitlement details
[Licensing::Module] License group:
  Id: F4-S6VB-6VNM-MCA7-YRJZ-XXXX
  Product: Unity Personal
  Type: ULF
  Expiration: Unlimited
[Licensing::Module] License group:
  Id: 11270200047816-UnityPersXXXX
  Product: Unity Personal
  Type: Assigned
  Expiration: Unlimited
- Loaded All Assemblies, in  0.816 seconds
Refreshing native plugins compatible for Editor in 0.38 ms, found 2 plugins.
Native extension for WindowsStandalone target not found
[Package Manager] Failed to launch server process. Reason: Unity was launched with the -noUpm command-line argument
[Package Manager] Unable to send message (not connected to server process).
[Package Manager] Cannot connect to Unity Package Manager local server
[MODES] ModeService[none].Initialize
[MODES] ModeService[none].LoadModes
Mono: successfully reloaded assembly
- Finished resetting the current domain, in  0.854 seconds
Domain Reload Profiling: 1667ms
	BeginReloadAssembly (284ms)
		ExecutionOrderSort (0ms)
		DisableScriptedObjects (10ms)
		BackupInstance (0ms)
		ReleaseScriptingObjects (0ms)
		CreateAndSetChildDomain (70ms)
	RebuildCommonClasses (54ms)
	RebuildNativeTypeToScriptingClass (20ms)
	initialDomainReloadingComplete (38ms)
	LoadAllAssembliesAndSetupDomain (418ms)
		LoadAssemblies (382ms)
		RebuildTransferFunctionScriptingTraits (0ms)
		AnalyzeDomain (166ms)
			TypeCache.Refresh (12ms)
				TypeCache.ScanAssembly (1ms)
			BuildScriptInfoCaches (142ms)
			ResolveRequiredComponents (9ms)
	FinalizeReload (854ms)
		ReleaseScriptCaches (0ms)
		RebuildScriptCaches (0ms)
		SetupLoadedEditorAssemblies (673ms)
			LogAssemblyErrors (0ms)
			InitializePlatformSupportModulesInManaged (2ms)
			SetLoadedEditorAssemblies (5ms)
			BeforeProcessingInitializeOnLoad (124ms)
			ProcessInitializeOnLoadAttributes (397ms)
			ProcessInitializeOnLoadMethodAttributes (141ms)
			AfterProcessingInitializeOnLoad (4ms)
			EditorAssembliesLoaded (0ms)
		ExecutionOrderSort2 (0ms)
		AwakeInstancesAfterBackupRestoration (16ms)
Refreshing native plugins compatible for Editor in 0.30 ms, found 2 plugins.
Preloading 0 native plugins for Editor in 0.00 ms.
Unloading 15 Unused Serialized files (Serialized files now loaded: 0)
Unloading 4475 unused Assets / (3.8 MB). Loaded Objects now: 5301.
Memory consumption went from 131.8 MB to 127.9 MB.
Total: 8.477300 ms (FindLiveObjects: 0.669800 ms CreateObjectMapping: 0.392600 ms MarkObjects: 5.432900 ms  DeleteObjects: 1.980700 ms)

Prepare: number of updated asset objects reloaded= 0
========================================================================
Received Prepare
ETC Legacy compression has been deprecated and will be removed in a future release. You can review compressors in "Project Settings > Editor > Texture Compressors".
Begin MonoManager ReloadAssembly
[Licensing::Client] Successfully resolved entitlement details
[Licensing::Module] License group:
  Id: F4-S6VB-6VNM-MCA7-YRJZ-XXXX
  Product: Unity Personal
  Type: ULF
  Expiration: Unlimited
[Licensing::Module] License group:
  Id: 11270200047816-UnityPersXXXX
  Product: Unity Personal
  Type: Assigned
  Expiration: Unlimited
- Loaded All Assemblies, in  0.844 seconds
Refreshing native plugins compatible for Editor in 0.26 ms, found 2 plugins.
Native extension for WindowsStandalone target not found
[Package Manager] Failed to launch server process. Reason: Unity was launched with the -noUpm command-line argument
[Package Manager] Unable to send message (not connected to server process).
[Package Manager] Cannot connect to Unity Package Manager local server
[MODES] ModeService[none].Initialize
[MODES] ModeService[none].LoadModes
Mono: successfully reloaded assembly
- Finished resetting the current domain, in  0.899 seconds
Domain Reload Profiling: 1741ms
	BeginReloadAssembly (271ms)
		ExecutionOrderSort (0ms)
		DisableScriptedObjects (9ms)
		BackupInstance (0ms)
		ReleaseScriptingObjects (0ms)
		CreateAndSetChildDomain (57ms)
	RebuildCommonClasses (56ms)
	RebuildNativeTypeToScriptingClass (18ms)
	initialDomainReloadingComplete (37ms)
	LoadAllAssembliesAndSetupDomain (460ms)
		LoadAssemblies (418ms)
		RebuildTransferFunctionScriptingTraits (0ms)
		AnalyzeDomain (179ms)
			TypeCache.Refresh (5ms)
				TypeCache.ScanAssembly (0ms)
			BuildScriptInfoCaches (155ms)
			ResolveRequiredComponents (13ms)
	FinalizeReload (899ms)
		ReleaseScriptCaches (0ms)
		RebuildScriptCaches (0ms)
		SetupLoadedEditorAssemblies (685ms)
			LogAssemblyErrors (0ms)
			InitializePlatformSupportModulesInManaged (3ms)
			SetLoadedEditorAssemblies (8ms)
			BeforeProcessingInitializeOnLoad (155ms)
			ProcessInitializeOnLoadAttributes (369ms)
			ProcessInitializeOnLoadMethodAttributes (143ms)
			AfterProcessingInitializeOnLoad (7ms)
			EditorAssembliesLoaded (0ms)
		ExecutionOrderSort2 (0ms)
		AwakeInstancesAfterBackupRestoration (23ms)
Refreshing native plugins compatible for Editor in 0.46 ms, found 2 plugins.
Preloading 0 native plugins for Editor in 0.00 ms.
Unloading 15 Unused Serialized files (Serialized files now loaded: 0)
Unloading 4475 unused Assets / (4.4 MB). Loaded Objects now: 5304.
Memory consumption went from 131.8 MB to 127.4 MB.
Total: 10.767200 ms (FindLiveObjects: 0.621300 ms CreateObjectMapping: 0.884700 ms MarkObjects: 6.244900 ms  DeleteObjects: 3.014100 ms)

Prepare: number of updated asset objects reloaded= 0
========================================================================
Received Import Request.
  Time since last request: 1582.886233 seconds.
  path: Assets/Scripts/refresh.png
  artifactKey: Guid(10283b48122063444a3af51144baa0c9) Importer(815301076,1909f56bfc062723c751e8b465ee728b)
Start importing Assets/Scripts/refresh.png using Guid(10283b48122063444a3af51144baa0c9) Importer(815301076,1909f56bfc062723c751e8b465ee728b) (PreviewImporter) -> (artifact id: '867136a95e057261ee802edf9c6eb19a') in 0.0805239 seconds
Number of updated asset objects reloaded before import = 0Number of asset objects unloaded after import = 2

========================================================================
Received Import Request.
  Time since last request: 108.056814 seconds.
  path: Assets/Sprites/Restart.png
  artifactKey: Guid(4d153bb12ba79744d9ccc1e12ec5f2e2) Importer(815301076,1909f56bfc062723c751e8b465ee728b)
Start importing Assets/Sprites/Restart.png using Guid(4d153bb12ba79744d9ccc1e12ec5f2e2) Importer(815301076,1909f56bfc062723c751e8b465ee728b) (PreviewImporter) -> (artifact id: '30e1407930012f09db46f624bafc8b36') in 0.0243892 seconds
Number of updated asset objects reloaded before import = 0Number of asset objects unloaded after import = 2

========================================================================
Received Import Request.
  Time since last request: 7.078489 seconds.
  path: Assets/Sprites/Restart.png
  artifactKey: Guid(4d153bb12ba79744d9ccc1e12ec5f2e2) Importer(815301076,1909f56bfc062723c751e8b465ee728b)
Start importing Assets/Sprites/Restart.png using Guid(4d153bb12ba79744d9ccc1e12ec5f2e2) Importer(815301076,1909f56bfc062723c751e8b465ee728b) (PreviewImporter) -> (artifact id: '5a5b36eaae2f94344554ca6595ff8667') in 0.0301263 seconds
Number of updated asset objects reloaded before import = 0Number of asset objects unloaded after import = 2

========================================================================
Received Import Request.
  Time since last request: 27.317007 seconds.
  path: Assets/Sprites/Restart.png
  artifactKey: Guid(4d153bb12ba79744d9ccc1e12ec5f2e2) Importer(815301076,1909f56bfc062723c751e8b465ee728b)
Start importing Assets/Sprites/Restart.png using Guid(4d153bb12ba79744d9ccc1e12ec5f2e2) Importer(815301076,1909f56bfc062723c751e8b465ee728b) (PreviewImporter) -> (artifact id: '99d9cf1e4c9605e706c8b4803a951f4d') in 0.0453684 seconds
Number of updated asset objects reloaded before import = 0Number of asset objects unloaded after import = 3

========================================================================
Received Import Request.
  Time since last request: 151.243554 seconds.
  path: Assets/Sprites/Exit.png
  artifactKey: Guid(f1140321cdd768a448aea8c7f71bd58b) Importer(815301076,1909f56bfc062723c751e8b465ee728b)
Start importing Assets/Sprites/Exit.png using Guid(f1140321cdd768a448aea8c7f71bd58b) Importer(815301076,1909f56bfc062723c751e8b465ee728b) (PreviewImporter) -> (artifact id: '0c9503000c4218497f83528a279297af') in 0.0259129 seconds
Number of updated asset objects reloaded before import = 0Number of asset objects unloaded after import = 2

========================================================================
Received Import Request.
  Time since last request: 7.419329 seconds.
  path: Assets/Sprites/Exit.png
  artifactKey: Guid(f1140321cdd768a448aea8c7f71bd58b) Importer(815301076,1909f56bfc062723c751e8b465ee728b)
Start importing Assets/Sprites/Exit.png using Guid(f1140321cdd768a448aea8c7f71bd58b) Importer(815301076,1909f56bfc062723c751e8b465ee728b) (PreviewImporter) -> (artifact id: '6c1d9e8b5261fc4395b8f0c6d64c05ef') in 0.027693 seconds
Number of updated asset objects reloaded before import = 0Number of asset objects unloaded after import = 3

========================================================================
Received Prepare
ETC Legacy compression has been deprecated and will be removed in a future release. You can review compressors in "Project Settings > Editor > Texture Compressors".
Begin MonoManager ReloadAssembly
[Licensing::Client] Successfully resolved entitlement details
[Licensing::Module] License group:
  Id: F4-S6VB-6VNM-MCA7-YRJZ-XXXX
  Product: Unity Personal
  Type: ULF
  Expiration: Unlimited
[Licensing::Module] License group:
  Id: 11270200047816-UnityPersXXXX
  Product: Unity Personal
  Type: Assigned
  Expiration: Unlimited
- Loaded All Assemblies, in  0.783 seconds
Refreshing native plugins compatible for Editor in 0.27 ms, found 2 plugins.
Native extension for WindowsStandalone target not found
[Package Manager] Failed to launch server process. Reason: Unity was launched with the -noUpm command-line argument
[Package Manager] Unable to send message (not connected to server process).
[Package Manager] Cannot connect to Unity Package Manager local server
[MODES] ModeService[none].Initialize
[MODES] ModeService[none].LoadModes
Mono: successfully reloaded assembly
- Finished resetting the current domain, in  0.848 seconds
Domain Reload Profiling: 1632ms
	BeginReloadAssembly (280ms)
		ExecutionOrderSort (0ms)
		DisableScriptedObjects (9ms)
		BackupInstance (0ms)
		ReleaseScriptingObjects (0ms)
		CreateAndSetChildDomain (56ms)
	RebuildCommonClasses (38ms)
	RebuildNativeTypeToScriptingClass (12ms)
	initialDomainReloadingComplete (27ms)
	LoadAllAssembliesAndSetupDomain (426ms)
		LoadAssemblies (388ms)
		RebuildTransferFunctionScriptingTraits (0ms)
		AnalyzeDomain (179ms)
			TypeCache.Refresh (6ms)
				TypeCache.ScanAssembly (0ms)
			BuildScriptInfoCaches (156ms)
			ResolveRequiredComponents (13ms)
	FinalizeReload (848ms)
		ReleaseScriptCaches (0ms)
		RebuildScriptCaches (0ms)
		SetupLoadedEditorAssemblies (652ms)
			LogAssemblyErrors (0ms)
			InitializePlatformSupportModulesInManaged (3ms)
			SetLoadedEditorAssemblies (6ms)
			BeforeProcessingInitializeOnLoad (137ms)
			ProcessInitializeOnLoadAttributes (367ms)
			ProcessInitializeOnLoadMethodAttributes (132ms)
			AfterProcessingInitializeOnLoad (7ms)
			EditorAssembliesLoaded (0ms)
		ExecutionOrderSort2 (0ms)
		AwakeInstancesAfterBackupRestoration (21ms)
Refreshing native plugins compatible for Editor in 0.39 ms, found 2 plugins.
Preloading 0 native plugins for Editor in 0.00 ms.
Unloading 15 Unused Serialized files (Serialized files now loaded: 0)
Unloading 4475 unused Assets / (4.4 MB). Loaded Objects now: 5310.
Memory consumption went from 131.9 MB to 127.5 MB.
Total: 11.537200 ms (FindLiveObjects: 0.575000 ms CreateObjectMapping: 0.323400 ms MarkObjects: 7.209800 ms  DeleteObjects: 3.427400 ms)

Prepare: number of updated asset objects reloaded= 0
========================================================================
Received Prepare
ETC Legacy compression has been deprecated and will be removed in a future release. You can review compressors in "Project Settings > Editor > Texture Compressors".
Refreshing native plugins compatible for Editor in 0.44 ms, found 2 plugins.
Preloading 0 native plugins for Editor in 0.00 ms.
Unloading 15 Unused Serialized files (Serialized files now loaded: 0)
Unloading 4473 unused Assets / (3.8 MB). Loaded Objects now: 5311.
Memory consumption went from 132.1 MB to 128.3 MB.
Total: 8.476500 ms (FindLiveObjects: 0.882700 ms CreateObjectMapping: 0.625000 ms MarkObjects: 4.881300 ms  DeleteObjects: 2.086300 ms)

Prepare: number of updated asset objects reloaded= 0
========================================================================
Received Import Request.
  Time since last request: 211.491820 seconds.
  path: Assets/Scripts/EnableSecondDisplay.cs
  artifactKey: Guid(ff80b15440ded7e43b37abe805db627d) Importer(815301076,1909f56bfc062723c751e8b465ee728b)
Start importing Assets/Scripts/EnableSecondDisplay.cs using Guid(ff80b15440ded7e43b37abe805db627d) Importer(815301076,1909f56bfc062723c751e8b465ee728b) (PreviewImporter) -> (artifact id: '4d8d6c76fe4243fa56b5cf57f24f0d3a') in 0.002794 seconds
Number of updated asset objects reloaded before import = 0Number of asset objects unloaded after import = 0

========================================================================
Received Prepare
ETC Legacy compression has been deprecated and will be removed in a future release. You can review compressors in "Project Settings > Editor > Texture Compressors".
Refreshing native plugins compatible for Editor in 0.48 ms, found 2 plugins.
Preloading 0 native plugins for Editor in 0.00 ms.
Unloading 15 Unused Serialized files (Serialized files now loaded: 0)
Unloading 4473 unused Assets / (4.3 MB). Loaded Objects now: 5311.
Memory consumption went from 132.1 MB to 127.8 MB.
Total: 12.714800 ms (FindLiveObjects: 0.742100 ms CreateObjectMapping: 0.934200 ms MarkObjects: 7.439300 ms  DeleteObjects: 3.597600 ms)

Prepare: number of updated asset objects reloaded= 0
========================================================================
Received Prepare
ETC Legacy compression has been deprecated and will be removed in a future release. You can review compressors in "Project Settings > Editor > Texture Compressors".
Begin MonoManager ReloadAssembly
[Licensing::Client] Successfully resolved entitlement details
[Licensing::Module] License group:
  Id: F4-S6VB-6VNM-MCA7-YRJZ-XXXX
  Product: Unity Personal
  Type: ULF
  Expiration: Unlimited
[Licensing::Module] License group:
  Id: 11270200047816-UnityPersXXXX
  Product: Unity Personal
  Type: Assigned
  Expiration: Unlimited
- Loaded All Assemblies, in  0.835 seconds
Refreshing native plugins compatible for Editor in 0.27 ms, found 2 plugins.
Native extension for WindowsStandalone target not found
[Package Manager] Failed to launch server process. Reason: Unity was launched with the -noUpm command-line argument
[Package Manager] Unable to send message (not connected to server process).
[Package Manager] Cannot connect to Unity Package Manager local server
[MODES] ModeService[none].Initialize
[MODES] ModeService[none].LoadModes
Mono: successfully reloaded assembly
- Finished resetting the current domain, in  0.863 seconds
Domain Reload Profiling: 1700ms
	BeginReloadAssembly (264ms)
		ExecutionOrderSort (0ms)
		DisableScriptedObjects (8ms)
		BackupInstance (0ms)
		ReleaseScriptingObjects (0ms)
		CreateAndSetChildDomain (69ms)
	RebuildCommonClasses (47ms)
	RebuildNativeTypeToScriptingClass (16ms)
	initialDomainReloadingComplete (36ms)
	LoadAllAssembliesAndSetupDomain (473ms)
		LoadAssemblies (386ms)
		RebuildTransferFunctionScriptingTraits (0ms)
		AnalyzeDomain (207ms)
			TypeCache.Refresh (12ms)
				TypeCache.ScanAssembly (1ms)
			BuildScriptInfoCaches (176ms)
			ResolveRequiredComponents (14ms)
	FinalizeReload (863ms)
		ReleaseScriptCaches (0ms)
		RebuildScriptCaches (0ms)
		SetupLoadedEditorAssemblies (675ms)
			LogAssemblyErrors (0ms)
			InitializePlatformSupportModulesInManaged (2ms)
			SetLoadedEditorAssemblies (5ms)
			BeforeProcessingInitializeOnLoad (139ms)
			ProcessInitializeOnLoadAttributes (373ms)
			ProcessInitializeOnLoadMethodAttributes (149ms)
			AfterProcessingInitializeOnLoad (6ms)
			EditorAssembliesLoaded (0ms)
		ExecutionOrderSort2 (0ms)
		AwakeInstancesAfterBackupRestoration (26ms)
Refreshing native plugins compatible for Editor in 0.34 ms, found 2 plugins.
Preloading 0 native plugins for Editor in 0.00 ms.
Unloading 15 Unused Serialized files (Serialized files now loaded: 0)
Unloading 4476 unused Assets / (2.4 MB). Loaded Objects now: 5314.
Memory consumption went from 131.9 MB to 129.5 MB.
Total: 17.313100 ms (FindLiveObjects: 1.017400 ms CreateObjectMapping: 0.884900 ms MarkObjects: 10.287200 ms  DeleteObjects: 5.121800 ms)

Prepare: number of updated asset objects reloaded= 0
========================================================================
Received Import Request.
  Time since last request: 77.648612 seconds.
  path: Assets/Scripts/EnableSecondDisplay.cs
  artifactKey: Guid(ff80b15440ded7e43b37abe805db627d) Importer(815301076,1909f56bfc062723c751e8b465ee728b)
Start importing Assets/Scripts/EnableSecondDisplay.cs using Guid(ff80b15440ded7e43b37abe805db627d) Importer(815301076,1909f56bfc062723c751e8b465ee728b) (PreviewImporter) -> (artifact id: 'ba410ed0ce457654ba02c734a464f043') in 0.003134 seconds
Number of updated asset objects reloaded before import = 0Number of asset objects unloaded after import = 0

========================================================================
Received Prepare
ETC Legacy compression has been deprecated and will be removed in a future release. You can review compressors in "Project Settings > Editor > Texture Compressors".
Begin MonoManager ReloadAssembly
[Licensing::Client] Successfully resolved entitlement details
[Licensing::Module] License group:
  Id: F4-S6VB-6VNM-MCA7-YRJZ-XXXX
  Product: Unity Personal
  Type: ULF
  Expiration: Unlimited
[Licensing::Module] License group:
  Id: 11270200047816-UnityPersXXXX
  Product: Unity Personal
  Type: Assigned
  Expiration: Unlimited
- Loaded All Assemblies, in  0.867 seconds
Refreshing native plugins compatible for Editor in 0.45 ms, found 2 plugins.
Native extension for WindowsStandalone target not found
[Package Manager] Failed to launch server process. Reason: Unity was launched with the -noUpm command-line argument
[Package Manager] Unable to send message (not connected to server process).
[Package Manager] Cannot connect to Unity Package Manager local server
[MODES] ModeService[none].Initialize
[MODES] ModeService[none].LoadModes
Mono: successfully reloaded assembly
- Finished resetting the current domain, in  0.894 seconds
Domain Reload Profiling: 1762ms
	BeginReloadAssembly (299ms)
		ExecutionOrderSort (0ms)
		DisableScriptedObjects (10ms)
		BackupInstance (0ms)
		ReleaseScriptingObjects (0ms)
		CreateAndSetChildDomain (66ms)
	RebuildCommonClasses (52ms)
	RebuildNativeTypeToScriptingClass (17ms)
	initialDomainReloadingComplete (36ms)
	LoadAllAssembliesAndSetupDomain (465ms)
		LoadAssemblies (436ms)
		RebuildTransferFunctionScriptingTraits (0ms)
		AnalyzeDomain (174ms)
			TypeCache.Refresh (7ms)
				TypeCache.ScanAssembly (0ms)
			BuildScriptInfoCaches (152ms)
			ResolveRequiredComponents (10ms)
	FinalizeReload (894ms)
		ReleaseScriptCaches (0ms)
		RebuildScriptCaches (0ms)
		SetupLoadedEditorAssemblies (693ms)
			LogAssemblyErrors (0ms)
			InitializePlatformSupportModulesInManaged (2ms)
			SetLoadedEditorAssemblies (5ms)
			BeforeProcessingInitializeOnLoad (141ms)
			ProcessInitializeOnLoadAttributes (400ms)
			ProcessInitializeOnLoadMethodAttributes (138ms)
			AfterProcessingInitializeOnLoad (6ms)
			EditorAssembliesLoaded (0ms)
		ExecutionOrderSort2 (0ms)
		AwakeInstancesAfterBackupRestoration (19ms)
Refreshing native plugins compatible for Editor in 0.33 ms, found 2 plugins.
Preloading 0 native plugins for Editor in 0.00 ms.
Unloading 15 Unused Serialized files (Serialized files now loaded: 0)
Unloading 4476 unused Assets / (3.6 MB). Loaded Objects now: 5317.
Memory consumption went from 132.0 MB to 128.3 MB.
Total: 10.722100 ms (FindLiveObjects: 0.647600 ms CreateObjectMapping: 0.896500 ms MarkObjects: 6.648400 ms  DeleteObjects: 2.528500 ms)

Prepare: number of updated asset objects reloaded= 0
========================================================================
Received Prepare
ETC Legacy compression has been deprecated and will be removed in a future release. You can review compressors in "Project Settings > Editor > Texture Compressors".
Begin MonoManager ReloadAssembly
- Loaded All Assemblies, in  0.825 seconds
Refreshing native plugins compatible for Editor in 0.29 ms, found 2 plugins.
Native extension for WindowsStandalone target not found
[Package Manager] Failed to launch server process. Reason: Unity was launched with the -noUpm command-line argument
[Package Manager] Unable to send message (not connected to server process).
[Package Manager] Cannot connect to Unity Package Manager local server
[MODES] ModeService[none].Initialize
[MODES] ModeService[none].LoadModes
Mono: successfully reloaded assembly
- Finished resetting the current domain, in  0.813 seconds
Domain Reload Profiling: 1636ms
	BeginReloadAssembly (282ms)
		ExecutionOrderSort (0ms)
		DisableScriptedObjects (7ms)
		BackupInstance (0ms)
		ReleaseScriptingObjects (0ms)
		CreateAndSetChildDomain (70ms)
	RebuildCommonClasses (61ms)
	RebuildNativeTypeToScriptingClass (21ms)
	initialDomainReloadingComplete (38ms)
	LoadAllAssembliesAndSetupDomain (420ms)
		LoadAssemblies (410ms)
		RebuildTransferFunctionScriptingTraits (0ms)
		AnalyzeDomain (152ms)
			TypeCache.Refresh (6ms)
				TypeCache.ScanAssembly (0ms)
			BuildScriptInfoCaches (134ms)
			ResolveRequiredComponents (9ms)
	FinalizeReload (814ms)
		ReleaseScriptCaches (0ms)
		RebuildScriptCaches (0ms)
		SetupLoadedEditorAssemblies (645ms)
			LogAssemblyErrors (0ms)
			InitializePlatformSupportModulesInManaged (2ms)
			SetLoadedEditorAssemblies (5ms)
			BeforeProcessingInitializeOnLoad (125ms)
			ProcessInitializeOnLoadAttributes (352ms)
			ProcessInitializeOnLoadMethodAttributes (153ms)
			AfterProcessingInitializeOnLoad (8ms)
			EditorAssembliesLoaded (0ms)
		ExecutionOrderSort2 (0ms)
		AwakeInstancesAfterBackupRestoration (25ms)
Refreshing native plugins compatible for Editor in 0.43 ms, found 2 plugins.
Preloading 0 native plugins for Editor in 0.00 ms.
Unloading 15 Unused Serialized files (Serialized files now loaded: 0)
Unloading 4476 unused Assets / (3.6 MB). Loaded Objects now: 5320.
Memory consumption went from 132.0 MB to 128.4 MB.
Total: 9.020600 ms (FindLiveObjects: 0.521800 ms CreateObjectMapping: 0.872400 ms MarkObjects: 5.267100 ms  DeleteObjects: 2.358000 ms)

Prepare: number of updated asset objects reloaded= 0
========================================================================
Received Prepare
ETC Legacy compression has been deprecated and will be removed in a future release. You can review compressors in "Project Settings > Editor > Texture Compressors".
Begin MonoManager ReloadAssembly
- Loaded All Assemblies, in  0.806 seconds
Refreshing native plugins compatible for Editor in 0.47 ms, found 2 plugins.
Native extension for WindowsStandalone target not found
[Package Manager] Failed to launch server process. Reason: Unity was launched with the -noUpm command-line argument
[Package Manager] Unable to send message (not connected to server process).
[Package Manager] Cannot connect to Unity Package Manager local server
[MODES] ModeService[none].Initialize
[MODES] ModeService[none].LoadModes
Mono: successfully reloaded assembly
- Finished resetting the current domain, in  0.847 seconds
Domain Reload Profiling: 1652ms
	BeginReloadAssembly (280ms)
		ExecutionOrderSort (0ms)
		DisableScriptedObjects (8ms)
		BackupInstance (0ms)
		ReleaseScriptingObjects (0ms)
		CreateAndSetChildDomain (61ms)
	RebuildCommonClasses (43ms)
	RebuildNativeTypeToScriptingClass (19ms)
	initialDomainReloadingComplete (33ms)
	LoadAllAssembliesAndSetupDomain (430ms)
		LoadAssemblies (411ms)
		RebuildTransferFunctionScriptingTraits (0ms)
		AnalyzeDomain (160ms)
			TypeCache.Refresh (6ms)
				TypeCache.ScanAssembly (0ms)
			BuildScriptInfoCaches (141ms)
			ResolveRequiredComponents (10ms)
	FinalizeReload (847ms)
		ReleaseScriptCaches (0ms)
		RebuildScriptCaches (0ms)
		SetupLoadedEditorAssemblies (637ms)
			LogAssemblyErrors (0ms)
			InitializePlatformSupportModulesInManaged (3ms)
			SetLoadedEditorAssemblies (7ms)
			BeforeProcessingInitializeOnLoad (120ms)
			ProcessInitializeOnLoadAttributes (378ms)
			ProcessInitializeOnLoadMethodAttributes (125ms)
			AfterProcessingInitializeOnLoad (4ms)
			EditorAssembliesLoaded (0ms)
		ExecutionOrderSort2 (0ms)
		AwakeInstancesAfterBackupRestoration (18ms)
Refreshing native plugins compatible for Editor in 0.32 ms, found 2 plugins.
Preloading 0 native plugins for Editor in 0.00 ms.
Unloading 15 Unused Serialized files (Serialized files now loaded: 0)
Unloading 4476 unused Assets / (4.2 MB). Loaded Objects now: 5323.
Memory consumption went from 132.0 MB to 127.8 MB.
Total: 10.958300 ms (FindLiveObjects: 0.558000 ms CreateObjectMapping: 0.693600 ms MarkObjects: 6.887200 ms  DeleteObjects: 2.818400 ms)

Prepare: number of updated asset objects reloaded= 0
========================================================================
Received Prepare
ETC Legacy compression has been deprecated and will be removed in a future release. You can review compressors in "Project Settings > Editor > Texture Compressors".
Begin MonoManager ReloadAssembly
- Loaded All Assemblies, in  0.761 seconds
Refreshing native plugins compatible for Editor in 0.38 ms, found 2 plugins.
Native extension for WindowsStandalone target not found
[Package Manager] Failed to launch server process. Reason: Unity was launched with the -noUpm command-line argument
[Package Manager] Unable to send message (not connected to server process).
[Package Manager] Cannot connect to Unity Package Manager local server
[MODES] ModeService[none].Initialize
[MODES] ModeService[none].LoadModes
Mono: successfully reloaded assembly
- Finished resetting the current domain, in  0.828 seconds
Domain Reload Profiling: 1591ms
	BeginReloadAssembly (243ms)
		ExecutionOrderSort (0ms)
		DisableScriptedObjects (6ms)
		BackupInstance (0ms)
		ReleaseScriptingObjects (0ms)
		CreateAndSetChildDomain (65ms)
	RebuildCommonClasses (61ms)
	RebuildNativeTypeToScriptingClass (18ms)
	initialDomainReloadingComplete (37ms)
	LoadAllAssembliesAndSetupDomain (402ms)
		LoadAssemblies (365ms)
		RebuildTransferFunctionScriptingTraits (0ms)
		AnalyzeDomain (148ms)
			TypeCache.Refresh (7ms)
				TypeCache.ScanAssembly (0ms)
			BuildScriptInfoCaches (128ms)
			ResolveRequiredComponents (10ms)
	FinalizeReload (829ms)
		ReleaseScriptCaches (0ms)
		RebuildScriptCaches (0ms)
		SetupLoadedEditorAssemblies (663ms)
			LogAssemblyErrors (0ms)
			InitializePlatformSupportModulesInManaged (2ms)
			SetLoadedEditorAssemblies (5ms)
			BeforeProcessingInitializeOnLoad (134ms)
			ProcessInitializeOnLoadAttributes (400ms)
			ProcessInitializeOnLoadMethodAttributes (117ms)
			AfterProcessingInitializeOnLoad (4ms)
			EditorAssembliesLoaded (0ms)
		ExecutionOrderSort2 (0ms)
		AwakeInstancesAfterBackupRestoration (17ms)
Refreshing native plugins compatible for Editor in 0.47 ms, found 2 plugins.
Preloading 0 native plugins for Editor in 0.00 ms.
Unloading 15 Unused Serialized files (Serialized files now loaded: 0)
Unloading 4476 unused Assets / (4.2 MB). Loaded Objects now: 5326.
Memory consumption went from 132.1 MB to 127.8 MB.
Total: 11.822200 ms (FindLiveObjects: 0.702100 ms CreateObjectMapping: 0.821000 ms MarkObjects: 6.825000 ms  DeleteObjects: 3.472000 ms)

Prepare: number of updated asset objects reloaded= 0
========================================================================
Received Prepare
ETC Legacy compression has been deprecated and will be removed in a future release. You can review compressors in "Project Settings > Editor > Texture Compressors".
Begin MonoManager ReloadAssembly
[Licensing::Client] Successfully resolved entitlement details
[Licensing::Module] License group:
  Id: F4-S6VB-6VNM-MCA7-YRJZ-XXXX
  Product: Unity Personal
  Type: ULF
  Expiration: Unlimited
[Licensing::Module] License group:
  Id: 11270200047816-UnityPersXXXX
  Product: Unity Personal
  Type: Assigned
  Expiration: Unlimited
- Loaded All Assemblies, in  0.848 seconds
Refreshing native plugins compatible for Editor in 0.48 ms, found 2 plugins.
Native extension for WindowsStandalone target not found
[Package Manager] Failed to launch server process. Reason: Unity was launched with the -noUpm command-line argument
[Package Manager] Unable to send message (not connected to server process).
[Package Manager] Cannot connect to Unity Package Manager local server
[MODES] ModeService[none].Initialize
[MODES] ModeService[none].LoadModes
Mono: successfully reloaded assembly
- Finished resetting the current domain, in  0.829 seconds
Domain Reload Profiling: 1677ms
	BeginReloadAssembly (316ms)
		ExecutionOrderSort (0ms)
		DisableScriptedObjects (7ms)
		BackupInstance (0ms)
		ReleaseScriptingObjects (0ms)
		CreateAndSetChildDomain (67ms)
	RebuildCommonClasses (43ms)
	RebuildNativeTypeToScriptingClass (13ms)
	initialDomainReloadingComplete (29ms)
	LoadAllAssembliesAndSetupDomain (447ms)
		LoadAssemblies (427ms)
		RebuildTransferFunctionScriptingTraits (0ms)
		AnalyzeDomain (159ms)
			TypeCache.Refresh (7ms)
				TypeCache.ScanAssembly (0ms)
			BuildScriptInfoCaches (140ms)
			ResolveRequiredComponents (9ms)
	FinalizeReload (829ms)
		ReleaseScriptCaches (0ms)
		RebuildScriptCaches (0ms)
		SetupLoadedEditorAssemblies (654ms)
			LogAssemblyErrors (0ms)
			InitializePlatformSupportModulesInManaged (2ms)
			SetLoadedEditorAssemblies (7ms)
			BeforeProcessingInitializeOnLoad (126ms)
			ProcessInitializeOnLoadAttributes (390ms)
			ProcessInitializeOnLoadMethodAttributes (123ms)
			AfterProcessingInitializeOnLoad (5ms)
			EditorAssembliesLoaded (0ms)
		ExecutionOrderSort2 (0ms)
		AwakeInstancesAfterBackupRestoration (18ms)
Refreshing native plugins compatible for Editor in 0.46 ms, found 2 plugins.
Preloading 0 native plugins for Editor in 0.00 ms.
Unloading 15 Unused Serialized files (Serialized files now loaded: 0)
Unloading 4476 unused Assets / (3.9 MB). Loaded Objects now: 5329.
Memory consumption went from 132.1 MB to 128.2 MB.
Total: 10.496400 ms (FindLiveObjects: 0.539500 ms CreateObjectMapping: 0.696200 ms MarkObjects: 6.332500 ms  DeleteObjects: 2.926500 ms)

Prepare: number of updated asset objects reloaded= 0
========================================================================
Received Prepare
ETC Legacy compression has been deprecated and will be removed in a future release. You can review compressors in "Project Settings > Editor > Texture Compressors".
Begin MonoManager ReloadAssembly
- Loaded All Assemblies, in  0.811 seconds
Refreshing native plugins compatible for Editor in 0.36 ms, found 2 plugins.
Native extension for WindowsStandalone target not found
[Package Manager] Failed to launch server process. Reason: Unity was launched with the -noUpm command-line argument
[Package Manager] Unable to send message (not connected to server process).
[Package Manager] Cannot connect to Unity Package Manager local server
[MODES] ModeService[none].Initialize
[MODES] ModeService[none].LoadModes
Mono: successfully reloaded assembly
- Finished resetting the current domain, in  0.860 seconds
Domain Reload Profiling: 1671ms
	BeginReloadAssembly (256ms)
		ExecutionOrderSort (0ms)
		DisableScriptedObjects (10ms)
		BackupInstance (0ms)
		ReleaseScriptingObjects (0ms)
		CreateAndSetChildDomain (61ms)
	RebuildCommonClasses (59ms)
	RebuildNativeTypeToScriptingClass (17ms)
	initialDomainReloadingComplete (45ms)
	LoadAllAssembliesAndSetupDomain (434ms)
		LoadAssemblies (374ms)
		RebuildTransferFunctionScriptingTraits (0ms)
		AnalyzeDomain (175ms)
			TypeCache.Refresh (6ms)
				TypeCache.ScanAssembly (0ms)
			BuildScriptInfoCaches (154ms)
			ResolveRequiredComponents (12ms)
	FinalizeReload (860ms)
		ReleaseScriptCaches (0ms)
		RebuildScriptCaches (0ms)
		SetupLoadedEditorAssemblies (656ms)
			LogAssemblyErrors (0ms)
			InitializePlatformSupportModulesInManaged (2ms)
			SetLoadedEditorAssemblies (6ms)
			BeforeProcessingInitializeOnLoad (134ms)
			ProcessInitializeOnLoadAttributes (375ms)
			ProcessInitializeOnLoadMethodAttributes (134ms)
			AfterProcessingInitializeOnLoad (4ms)
			EditorAssembliesLoaded (0ms)
		ExecutionOrderSort2 (0ms)
		AwakeInstancesAfterBackupRestoration (21ms)
Refreshing native plugins compatible for Editor in 0.34 ms, found 2 plugins.
Preloading 0 native plugins for Editor in 0.00 ms.
Unloading 15 Unused Serialized files (Serialized files now loaded: 0)
Unloading 4476 unused Assets / (3.9 MB). Loaded Objects now: 5332.
Memory consumption went from 132.2 MB to 128.3 MB.
Total: 11.341300 ms (FindLiveObjects: 0.499900 ms CreateObjectMapping: 0.647700 ms MarkObjects: 7.006300 ms  DeleteObjects: 3.186000 ms)

Prepare: number of updated asset objects reloaded= 0
========================================================================
Received Prepare
ETC Legacy compression has been deprecated and will be removed in a future release. You can review compressors in "Project Settings > Editor > Texture Compressors".
Begin MonoManager ReloadAssembly
- Loaded All Assemblies, in  0.802 seconds
Refreshing native plugins compatible for Editor in 0.63 ms, found 2 plugins.
Native extension for WindowsStandalone target not found
[Package Manager] Failed to launch server process. Reason: Unity was launched with the -noUpm command-line argument
[Package Manager] Unable to send message (not connected to server process).
[Package Manager] Cannot connect to Unity Package Manager local server
[MODES] ModeService[none].Initialize
[MODES] ModeService[none].LoadModes
Mono: successfully reloaded assembly
- Finished resetting the current domain, in  0.883 seconds
Domain Reload Profiling: 1684ms
	BeginReloadAssembly (255ms)
		ExecutionOrderSort (0ms)
		DisableScriptedObjects (9ms)
		BackupInstance (0ms)
		ReleaseScriptingObjects (0ms)
		CreateAndSetChildDomain (64ms)
	RebuildCommonClasses (37ms)
	RebuildNativeTypeToScriptingClass (13ms)
	initialDomainReloadingComplete (27ms)
	LoadAllAssembliesAndSetupDomain (468ms)
		LoadAssemblies (403ms)
		RebuildTransferFunctionScriptingTraits (0ms)
		AnalyzeDomain (180ms)
			TypeCache.Refresh (7ms)
				TypeCache.ScanAssembly (0ms)
			BuildScriptInfoCaches (161ms)
			ResolveRequiredComponents (9ms)
	FinalizeReload (883ms)
		ReleaseScriptCaches (0ms)
		RebuildScriptCaches (0ms)
		SetupLoadedEditorAssemblies (686ms)
			LogAssemblyErrors (0ms)
			InitializePlatformSupportModulesInManaged (2ms)
			SetLoadedEditorAssemblies (7ms)
			BeforeProcessingInitializeOnLoad (145ms)
			ProcessInitializeOnLoadAttributes (399ms)
			ProcessInitializeOnLoadMethodAttributes (128ms)
			AfterProcessingInitializeOnLoad (4ms)
			EditorAssembliesLoaded (0ms)
		ExecutionOrderSort2 (0ms)
		AwakeInstancesAfterBackupRestoration (22ms)
Refreshing native plugins compatible for Editor in 0.38 ms, found 2 plugins.
Preloading 0 native plugins for Editor in 0.00 ms.
Unloading 15 Unused Serialized files (Serialized files now loaded: 0)
Unloading 4476 unused Assets / (3.8 MB). Loaded Objects now: 5335.
Memory consumption went from 132.2 MB to 128.4 MB.
Total: 10.491000 ms (FindLiveObjects: 0.582500 ms CreateObjectMapping: 0.678100 ms MarkObjects: 6.525000 ms  DeleteObjects: 2.703800 ms)

Prepare: number of updated asset objects reloaded= 0
========================================================================
Received Prepare
ETC Legacy compression has been deprecated and will be removed in a future release. You can review compressors in "Project Settings > Editor > Texture Compressors".
Begin MonoManager ReloadAssembly
- Loaded All Assemblies, in  0.788 seconds
Refreshing native plugins compatible for Editor in 0.25 ms, found 2 plugins.
Native extension for WindowsStandalone target not found
[Package Manager] Failed to launch server process. Reason: Unity was launched with the -noUpm command-line argument
[Package Manager] Unable to send message (not connected to server process).
[Package Manager] Cannot connect to Unity Package Manager local server
[MODES] ModeService[none].Initialize
[MODES] ModeService[none].LoadModes
Mono: successfully reloaded assembly
- Finished resetting the current domain, in  0.830 seconds
Domain Reload Profiling: 1620ms
	BeginReloadAssembly (260ms)
		ExecutionOrderSort (0ms)
		DisableScriptedObjects (9ms)
		BackupInstance (0ms)
		ReleaseScriptingObjects (0ms)
		CreateAndSetChildDomain (70ms)
	RebuildCommonClasses (44ms)
	RebuildNativeTypeToScriptingClass (12ms)
	initialDomainReloadingComplete (28ms)
	LoadAllAssembliesAndSetupDomain (445ms)
		LoadAssemblies (356ms)
		RebuildTransferFunctionScriptingTraits (0ms)
		AnalyzeDomain (197ms)
			TypeCache.Refresh (6ms)
				TypeCache.ScanAssembly (0ms)
			BuildScriptInfoCaches (172ms)
			ResolveRequiredComponents (15ms)
	FinalizeReload (830ms)
		ReleaseScriptCaches (0ms)
		RebuildScriptCaches (0ms)
		SetupLoadedEditorAssemblies (657ms)
			LogAssemblyErrors (0ms)
			InitializePlatformSupportModulesInManaged (2ms)
			SetLoadedEditorAssemblies (6ms)
			BeforeProcessingInitializeOnLoad (129ms)
			ProcessInitializeOnLoadAttributes (389ms)
			ProcessInitializeOnLoadMethodAttributes (125ms)
			AfterProcessingInitializeOnLoad (5ms)
			EditorAssembliesLoaded (0ms)
		ExecutionOrderSort2 (0ms)
		AwakeInstancesAfterBackupRestoration (24ms)
Refreshing native plugins compatible for Editor in 0.50 ms, found 2 plugins.
Preloading 0 native plugins for Editor in 0.00 ms.
Unloading 15 Unused Serialized files (Serialized files now loaded: 0)
Unloading 4476 unused Assets / (4.0 MB). Loaded Objects now: 5338.
Memory consumption went from 132.3 MB to 128.2 MB.
Total: 9.993600 ms (FindLiveObjects: 0.797900 ms CreateObjectMapping: 0.915200 ms MarkObjects: 6.057400 ms  DeleteObjects: 2.221300 ms)

Prepare: number of updated asset objects reloaded= 0
========================================================================
Received Import Request.
  Time since last request: 247.890590 seconds.
  path: Assets/Mobile Game GUI Vector Pack/Sprite/Icon/1.png
  artifactKey: Guid(fc55b8018fa0f5f4898efb6f1ce46f4f) Importer(815301076,1909f56bfc062723c751e8b465ee728b)
Start importing Assets/Mobile Game GUI Vector Pack/Sprite/Icon/1.png using Guid(fc55b8018fa0f5f4898efb6f1ce46f4f) Importer(815301076,1909f56bfc062723c751e8b465ee728b) (PreviewImporter) -> (artifact id: 'ffc7825daf9ccefdbaebf6ad912f4234') in 0.0651224 seconds
Number of updated asset objects reloaded before import = 0Number of asset objects unloaded after import = 2

========================================================================
Received Import Request.
  Time since last request: 0.000029 seconds.
  path: Assets/Mobile Game GUI Vector Pack/Sprite/Icon/3.png
  artifactKey: Guid(06cd132bf5648b84dafdd80f471dfed7) Importer(815301076,1909f56bfc062723c751e8b465ee728b)
Start importing Assets/Mobile Game GUI Vector Pack/Sprite/Icon/3.png using Guid(06cd132bf5648b84dafdd80f471dfed7) Importer(815301076,1909f56bfc062723c751e8b465ee728b) (PreviewImporter) -> (artifact id: '024a71d50f6e055cfd40b19391a09d8b') in 0.0192411 seconds
Number of updated asset objects reloaded before import = 0Number of asset objects unloaded after import = 2

========================================================================
Received Import Request.
  Time since last request: 0.502695 seconds.
  path: Assets/Mobile Game GUI Vector Pack/Sprite/Icon/4.png
  artifactKey: Guid(0de86e3e0599d8a49ae1e32951172f11) Importer(815301076,1909f56bfc062723c751e8b465ee728b)
Start importing Assets/Mobile Game GUI Vector Pack/Sprite/Icon/4.png using Guid(0de86e3e0599d8a49ae1e32951172f11) Importer(815301076,1909f56bfc062723c751e8b465ee728b) (PreviewImporter) -> (artifact id: '738b2f3fea5e889c920c7db7b4feaa04') in 0.0182058 seconds
Number of updated asset objects reloaded before import = 0Number of asset objects unloaded after import = 2

========================================================================
Received Import Request.
  Time since last request: 0.041488 seconds.
  path: Assets/Mobile Game GUI Vector Pack/Sprite/Icon/5.png
  artifactKey: Guid(ed111f2d5e576844d91d87f71d4a0530) Importer(815301076,1909f56bfc062723c751e8b465ee728b)
Start importing Assets/Mobile Game GUI Vector Pack/Sprite/Icon/5.png using Guid(ed111f2d5e576844d91d87f71d4a0530) Importer(815301076,1909f56bfc062723c751e8b465ee728b) (PreviewImporter) -> (artifact id: '167abdb36218a34a51b20278793e87f5') in 0.0229529 seconds
Number of updated asset objects reloaded before import = 0Number of asset objects unloaded after import = 2

========================================================================
Received Import Request.
  Time since last request: 0.248579 seconds.
  path: Assets/Mobile Game GUI Vector Pack/Sprite/Icon/6.png
  artifactKey: Guid(9cb2c19f1a5af3a44b5e6dad947204d6) Importer(815301076,1909f56bfc062723c751e8b465ee728b)
Start importing Assets/Mobile Game GUI Vector Pack/Sprite/Icon/6.png using Guid(9cb2c19f1a5af3a44b5e6dad947204d6) Importer(815301076,1909f56bfc062723c751e8b465ee728b) (PreviewImporter) -> (artifact id: 'fb7112cc7bc16ddeeba72e7317ac6ba2') in 0.0181627 seconds
Number of updated asset objects reloaded before import = 0Number of asset objects unloaded after import = 2

========================================================================
Received Import Request.
  Time since last request: 0.054400 seconds.
  path: Assets/Mobile Game GUI Vector Pack/Sprite/Icon/7.png
  artifactKey: Guid(57ef460b3939a3d4fb817dbc139afec0) Importer(815301076,1909f56bfc062723c751e8b465ee728b)
Start importing Assets/Mobile Game GUI Vector Pack/Sprite/Icon/7.png using Guid(57ef460b3939a3d4fb817dbc139afec0) Importer(815301076,1909f56bfc062723c751e8b465ee728b) (PreviewImporter) -> (artifact id: '35dbf930b177382f04610e2b061f993b') in 0.0182573 seconds
Number of updated asset objects reloaded before import = 0Number of asset objects unloaded after import = 2

========================================================================
Received Import Request.
  Time since last request: 0.039422 seconds.
  path: Assets/Mobile Game GUI Vector Pack/Sprite/Icon/8.png
  artifactKey: Guid(8ba8967dd5aa45d4ab3729a69ac298e9) Importer(815301076,1909f56bfc062723c751e8b465ee728b)
Start importing Assets/Mobile Game GUI Vector Pack/Sprite/Icon/8.png using Guid(8ba8967dd5aa45d4ab3729a69ac298e9) Importer(815301076,1909f56bfc062723c751e8b465ee728b) (PreviewImporter) -> (artifact id: 'c9f93f658973918ebbd64d708edb42ec') in 0.0189796 seconds
Number of updated asset objects reloaded before import = 0Number of asset objects unloaded after import = 2

========================================================================
Received Import Request.
  Time since last request: 0.303456 seconds.
  path: Assets/Mobile Game GUI Vector Pack/Sprite/Icon/9.png
  artifactKey: Guid(adb29349396fbee4c84bc90f4f0804f9) Importer(815301076,1909f56bfc062723c751e8b465ee728b)
Start importing Assets/Mobile Game GUI Vector Pack/Sprite/Icon/9.png using Guid(adb29349396fbee4c84bc90f4f0804f9) Importer(815301076,1909f56bfc062723c751e8b465ee728b) (PreviewImporter) -> (artifact id: 'e41c2fb1e2dd9c4b532d7b8b97f40161') in 0.0139636 seconds
Number of updated asset objects reloaded before import = 0Number of asset objects unloaded after import = 2

========================================================================
Received Import Request.
  Time since last request: 0.052174 seconds.
  path: Assets/Mobile Game GUI Vector Pack/Sprite/Icon/10.png
  artifactKey: Guid(3657922491e927047ac6e91eaeb8b39d) Importer(815301076,1909f56bfc062723c751e8b465ee728b)
Start importing Assets/Mobile Game GUI Vector Pack/Sprite/Icon/10.png using Guid(3657922491e927047ac6e91eaeb8b39d) Importer(815301076,1909f56bfc062723c751e8b465ee728b) (PreviewImporter) -> (artifact id: 'f07c35485d00528f0ea5e89614c31b3c') in 0.0156987 seconds
Number of updated asset objects reloaded before import = 0Number of asset objects unloaded after import = 2

========================================================================
Received Import Request.
  Time since last request: 0.463310 seconds.
  path: Assets/Mobile Game GUI Vector Pack/Sprite/Icon/11.png
  artifactKey: Guid(e30f2fee0192b414bb487cf073664f4c) Importer(815301076,1909f56bfc062723c751e8b465ee728b)
Start importing Assets/Mobile Game GUI Vector Pack/Sprite/Icon/11.png using Guid(e30f2fee0192b414bb487cf073664f4c) Importer(815301076,1909f56bfc062723c751e8b465ee728b) (PreviewImporter) -> (artifact id: '288ea21811843b358d2cafe0ed20691d') in 0.0174986 seconds
Number of updated asset objects reloaded before import = 0Number of asset objects unloaded after import = 2

========================================================================
Received Import Request.
  Time since last request: 0.000022 seconds.
  path: Assets/Mobile Game GUI Vector Pack/Sprite/Icon/12.png
  artifactKey: Guid(46d4a4569b494dd4c89d09a32fb971b9) Importer(815301076,1909f56bfc062723c751e8b465ee728b)
Start importing Assets/Mobile Game GUI Vector Pack/Sprite/Icon/12.png using Guid(46d4a4569b494dd4c89d09a32fb971b9) Importer(815301076,1909f56bfc062723c751e8b465ee728b) (PreviewImporter) -> (artifact id: 'c6763400b38237c71d769b6bfc887d0f') in 0.01687 seconds
Number of updated asset objects reloaded before import = 0Number of asset objects unloaded after import = 2

========================================================================
Received Import Request.
  Time since last request: 0.065028 seconds.
  path: Assets/Mobile Game GUI Vector Pack/Sprite/Icon/13.png
  artifactKey: Guid(a24ac9fa03c271a45b41ac503d801537) Importer(815301076,1909f56bfc062723c751e8b465ee728b)
Start importing Assets/Mobile Game GUI Vector Pack/Sprite/Icon/13.png using Guid(a24ac9fa03c271a45b41ac503d801537) Importer(815301076,1909f56bfc062723c751e8b465ee728b) (PreviewImporter) -> (artifact id: 'e7a10c8657b3610a301947a8638c4917') in 0.0165387 seconds
Number of updated asset objects reloaded before import = 0Number of asset objects unloaded after import = 2

========================================================================
Received Import Request.
  Time since last request: 0.000021 seconds.
  path: Assets/Mobile Game GUI Vector Pack/Sprite/Icon/14.png
  artifactKey: Guid(6a57c46f70a4bf64383ca6d99115f827) Importer(815301076,1909f56bfc062723c751e8b465ee728b)
Start importing Assets/Mobile Game GUI Vector Pack/Sprite/Icon/14.png using Guid(6a57c46f70a4bf64383ca6d99115f827) Importer(815301076,1909f56bfc062723c751e8b465ee728b) (PreviewImporter) -> (artifact id: '66f31c5054ec15039829350ee7ae3d48') in 0.0218694 seconds
Number of updated asset objects reloaded before import = 0Number of asset objects unloaded after import = 2

========================================================================
Received Import Request.
  Time since last request: 0.155578 seconds.
  path: Assets/Mobile Game GUI Vector Pack/Sprite/Icon/15.png
  artifactKey: Guid(b80c8e76553781a4883cd0261c67173a) Importer(815301076,1909f56bfc062723c751e8b465ee728b)
Start importing Assets/Mobile Game GUI Vector Pack/Sprite/Icon/15.png using Guid(b80c8e76553781a4883cd0261c67173a) Importer(815301076,1909f56bfc062723c751e8b465ee728b) (PreviewImporter) -> (artifact id: 'a27cc1b16ad97547c5079e4a0d746216') in 0.0182075 seconds
Number of updated asset objects reloaded before import = 0Number of asset objects unloaded after import = 2

========================================================================
Received Import Request.
  Time since last request: 0.050654 seconds.
  path: Assets/Mobile Game GUI Vector Pack/Sprite/Icon/16.png
  artifactKey: Guid(1d1de31431708a443bc727ef50db2e5d) Importer(815301076,1909f56bfc062723c751e8b465ee728b)
Start importing Assets/Mobile Game GUI Vector Pack/Sprite/Icon/16.png using Guid(1d1de31431708a443bc727ef50db2e5d) Importer(815301076,1909f56bfc062723c751e8b465ee728b) (PreviewImporter) -> (artifact id: 'b8597a87f3967a7a262da5c4a7b35dc3') in 0.0165932 seconds
Number of updated asset objects reloaded before import = 0Number of asset objects unloaded after import = 2

========================================================================
Received Import Request.
  Time since last request: 0.935783 seconds.
  path: Assets/Mobile Game GUI Vector Pack/Sprite/Icon/17.png
  artifactKey: Guid(1a8990cfae178e343af4d82c0dd844b4) Importer(815301076,1909f56bfc062723c751e8b465ee728b)
Start importing Assets/Mobile Game GUI Vector Pack/Sprite/Icon/17.png using Guid(1a8990cfae178e343af4d82c0dd844b4) Importer(815301076,1909f56bfc062723c751e8b465ee728b) (PreviewImporter) -> (artifact id: '7815885ca53c61bce522894a6327c5b4') in 0.0187693 seconds
Number of updated asset objects reloaded before import = 0Number of asset objects unloaded after import = 2

========================================================================
Received Import Request.
  Time since last request: 0.000021 seconds.
  path: Assets/Mobile Game GUI Vector Pack/Sprite/Icon/18.png
  artifactKey: Guid(7e22492b0b8f99f4a8552bff0f8dddec) Importer(815301076,1909f56bfc062723c751e8b465ee728b)
Start importing Assets/Mobile Game GUI Vector Pack/Sprite/Icon/18.png using Guid(7e22492b0b8f99f4a8552bff0f8dddec) Importer(815301076,1909f56bfc062723c751e8b465ee728b) (PreviewImporter) -> (artifact id: '84f48baca4061a31f5f9a32a1b5365ae') in 0.0166675 seconds
Number of updated asset objects reloaded before import = 0Number of asset objects unloaded after import = 2

========================================================================
Received Import Request.
  Time since last request: 0.128347 seconds.
  path: Assets/Mobile Game GUI Vector Pack/Sprite/Icon/19.png
  artifactKey: Guid(bbdc46b42a6dbab4b8eaea8bd919846d) Importer(815301076,1909f56bfc062723c751e8b465ee728b)
Start importing Assets/Mobile Game GUI Vector Pack/Sprite/Icon/19.png using Guid(bbdc46b42a6dbab4b8eaea8bd919846d) Importer(815301076,1909f56bfc062723c751e8b465ee728b) (PreviewImporter) -> (artifact id: '63e4458e4a0a332142935c6c8f2a9219') in 0.0423318 seconds
Number of updated asset objects reloaded before import = 0Number of asset objects unloaded after import = 2

========================================================================
Received Import Request.
  Time since last request: 0.038484 seconds.
  path: Assets/Mobile Game GUI Vector Pack/Sprite/Icon/20.png
  artifactKey: Guid(68e637b0d6a0f8f489a329f62cac4749) Importer(815301076,1909f56bfc062723c751e8b465ee728b)
Start importing Assets/Mobile Game GUI Vector Pack/Sprite/Icon/20.png using Guid(68e637b0d6a0f8f489a329f62cac4749) Importer(815301076,1909f56bfc062723c751e8b465ee728b) (PreviewImporter) -> (artifact id: '42de0ad9350e84f670f3c5fd15e94c1c') in 0.0362599 seconds
Number of updated asset objects reloaded before import = 0Number of asset objects unloaded after import = 2

========================================================================
Received Import Request.
  Time since last request: 0.084332 seconds.
  path: Assets/Mobile Game GUI Vector Pack/Sprite/Icon/21.png
  artifactKey: Guid(83a4667097f37584488755b7e43cebce) Importer(815301076,1909f56bfc062723c751e8b465ee728b)
Start importing Assets/Mobile Game GUI Vector Pack/Sprite/Icon/21.png using Guid(83a4667097f37584488755b7e43cebce) Importer(815301076,1909f56bfc062723c751e8b465ee728b) (PreviewImporter) -> (artifact id: '4c92fd0f5efeb889ce6c5d580b0dc7f4') in 0.0183202 seconds
Number of updated asset objects reloaded before import = 0Number of asset objects unloaded after import = 2

========================================================================
Received Import Request.
  Time since last request: 0.059752 seconds.
  path: Assets/Mobile Game GUI Vector Pack/Sprite/Icon/22.png
  artifactKey: Guid(47443b6c6d9abb24b8554e653ab5cfc4) Importer(815301076,1909f56bfc062723c751e8b465ee728b)
Start importing Assets/Mobile Game GUI Vector Pack/Sprite/Icon/22.png using Guid(47443b6c6d9abb24b8554e653ab5cfc4) Importer(815301076,1909f56bfc062723c751e8b465ee728b) (PreviewImporter) -> (artifact id: 'b80fc5602ecacacf3f287e83457cd168') in 0.0188855 seconds
Number of updated asset objects reloaded before import = 0Number of asset objects unloaded after import = 2

========================================================================
Received Import Request.
  Time since last request: 0.000028 seconds.
  path: Assets/Mobile Game GUI Vector Pack/Sprite/Icon/23.png
  artifactKey: Guid(80d01d901e7dec1469568e84577ee213) Importer(815301076,1909f56bfc062723c751e8b465ee728b)
Start importing Assets/Mobile Game GUI Vector Pack/Sprite/Icon/23.png using Guid(80d01d901e7dec1469568e84577ee213) Importer(815301076,1909f56bfc062723c751e8b465ee728b) (PreviewImporter) -> (artifact id: 'b0e50e6bfb79276917c11242efe73770') in 0.019687 seconds
Number of updated asset objects reloaded before import = 0Number of asset objects unloaded after import = 2

========================================================================
Received Import Request.
  Time since last request: 0.098117 seconds.
  path: Assets/Mobile Game GUI Vector Pack/Sprite/Icon/25.png
  artifactKey: Guid(1e21724970e541a46a06a2a8c1508d40) Importer(815301076,1909f56bfc062723c751e8b465ee728b)
Start importing Assets/Mobile Game GUI Vector Pack/Sprite/Icon/25.png using Guid(1e21724970e541a46a06a2a8c1508d40) Importer(815301076,1909f56bfc062723c751e8b465ee728b) (PreviewImporter) -> (artifact id: '8381f728b054bd4a509e010e402b2af6') in 0.0154275 seconds
Number of updated asset objects reloaded before import = 0Number of asset objects unloaded after import = 2

========================================================================
Received Import Request.
  Time since last request: 0.027883 seconds.
  path: Assets/Mobile Game GUI Vector Pack/Sprite/Icon/27.png
  artifactKey: Guid(6387917110e84cd4cbdefc66e0c1b261) Importer(815301076,1909f56bfc062723c751e8b465ee728b)
Start importing Assets/Mobile Game GUI Vector Pack/Sprite/Icon/27.png using Guid(6387917110e84cd4cbdefc66e0c1b261) Importer(815301076,1909f56bfc062723c751e8b465ee728b) (PreviewImporter) -> (artifact id: '1f73af396e3280dfcddf6b42d793c902') in 0.0210248 seconds
Number of updated asset objects reloaded before import = 0Number of asset objects unloaded after import = 2

========================================================================
Received Import Request.
  Time since last request: 0.006182 seconds.
  path: Assets/Mobile Game GUI Vector Pack/Sprite/Button/28.png
  artifactKey: Guid(97d6dd9bc533a2d48bb34426e6f6e9d7) Importer(815301076,1909f56bfc062723c751e8b465ee728b)
Start importing Assets/Mobile Game GUI Vector Pack/Sprite/Button/28.png using Guid(97d6dd9bc533a2d48bb34426e6f6e9d7) Importer(815301076,1909f56bfc062723c751e8b465ee728b) (PreviewImporter) -> (artifact id: '5cf25faebfa457162ab3b8a51a9d5245') in 0.0514504 seconds
Number of updated asset objects reloaded before import = 0Number of asset objects unloaded after import = 3

========================================================================
Received Import Request.
  Time since last request: 0.000021 seconds.
  path: Assets/Mobile Game GUI Vector Pack/Sprite/Icon/29.png
  artifactKey: Guid(e5ba6e1f170f0644ca68989abc5d74ec) Importer(815301076,1909f56bfc062723c751e8b465ee728b)
Start importing Assets/Mobile Game GUI Vector Pack/Sprite/Icon/29.png using Guid(e5ba6e1f170f0644ca68989abc5d74ec) Importer(815301076,1909f56bfc062723c751e8b465ee728b) (PreviewImporter) -> (artifact id: '95b63c6d5b088c85987e69467675c0a6') in 0.0342057 seconds
Number of updated asset objects reloaded before import = 0Number of asset objects unloaded after import = 2

========================================================================
Received Import Request.
  Time since last request: 0.000021 seconds.
  path: Assets/Mobile Game GUI Vector Pack/Sprite/Icon/30.png
  artifactKey: Guid(8f73bba186037de40a16b52ba5d2fdcd) Importer(815301076,1909f56bfc062723c751e8b465ee728b)
Start importing Assets/Mobile Game GUI Vector Pack/Sprite/Icon/30.png using Guid(8f73bba186037de40a16b52ba5d2fdcd) Importer(815301076,1909f56bfc062723c751e8b465ee728b) (PreviewImporter) -> (artifact id: 'aee0315543dcb2705ca379736d5d7140') in 0.0254086 seconds
Number of updated asset objects reloaded before import = 0Number of asset objects unloaded after import = 2

========================================================================
Received Import Request.
  Time since last request: 0.000031 seconds.
  path: Assets/Mobile Game GUI Vector Pack/Sprite/Icon/31.png
  artifactKey: Guid(1c9160270d8205d47b6314353152b40e) Importer(815301076,1909f56bfc062723c751e8b465ee728b)
Start importing Assets/Mobile Game GUI Vector Pack/Sprite/Icon/31.png using Guid(1c9160270d8205d47b6314353152b40e) Importer(815301076,1909f56bfc062723c751e8b465ee728b) (PreviewImporter) -> (artifact id: '4b72b3705e016e7cb13c488f4da07bfb') in 0.0158053 seconds
Number of updated asset objects reloaded before import = 0Number of asset objects unloaded after import = 2

========================================================================
Received Import Request.
  Time since last request: 0.000035 seconds.
  path: Assets/Mobile Game GUI Vector Pack/Sprite/Icon/32.png
  artifactKey: Guid(29874497d1f88ff438b87e8a4ba04971) Importer(815301076,1909f56bfc062723c751e8b465ee728b)
Start importing Assets/Mobile Game GUI Vector Pack/Sprite/Icon/32.png using Guid(29874497d1f88ff438b87e8a4ba04971) Importer(815301076,1909f56bfc062723c751e8b465ee728b) (PreviewImporter) -> (artifact id: 'b33694cbfb571f56aad9b87a66f98056') in 0.0225737 seconds
Number of updated asset objects reloaded before import = 0Number of asset objects unloaded after import = 2

========================================================================
Received Import Request.
  Time since last request: 0.000021 seconds.
  path: Assets/Mobile Game GUI Vector Pack/Sprite/Icon/33.png
  artifactKey: Guid(2250263bc4e44d6429b8817fe11e3745) Importer(815301076,1909f56bfc062723c751e8b465ee728b)
Start importing Assets/Mobile Game GUI Vector Pack/Sprite/Icon/33.png using Guid(2250263bc4e44d6429b8817fe11e3745) Importer(815301076,1909f56bfc062723c751e8b465ee728b) (PreviewImporter) -> (artifact id: '17f962b7e4fb35eb9c1ebd45376799d9') in 0.0265685 seconds
Number of updated asset objects reloaded before import = 0Number of asset objects unloaded after import = 2

========================================================================
Received Import Request.
  Time since last request: 0.000029 seconds.
  path: Assets/Mobile Game GUI Vector Pack/Sprite/Icon/34.png
  artifactKey: Guid(fe96cc761204c1a479ced8b0cae84874) Importer(815301076,1909f56bfc062723c751e8b465ee728b)
Start importing Assets/Mobile Game GUI Vector Pack/Sprite/Icon/34.png using Guid(fe96cc761204c1a479ced8b0cae84874) Importer(815301076,1909f56bfc062723c751e8b465ee728b) (PreviewImporter) -> (artifact id: 'f6391ae51c29052278ced01244b31ebd') in 0.0205812 seconds
Number of updated asset objects reloaded before import = 0Number of asset objects unloaded after import = 2

========================================================================
Received Import Request.
  Time since last request: 0.038474 seconds.
  path: Assets/Mobile Game GUI Vector Pack/Sprite/Icon/35.png
  artifactKey: Guid(20fefba889dd91245b095f2ec532e9a8) Importer(815301076,1909f56bfc062723c751e8b465ee728b)
Start importing Assets/Mobile Game GUI Vector Pack/Sprite/Icon/35.png using Guid(20fefba889dd91245b095f2ec532e9a8) Importer(815301076,1909f56bfc062723c751e8b465ee728b) (PreviewImporter) -> (artifact id: 'e2b80a5eaf6a9bc3511fb5c7c30600b4') in 0.0185963 seconds
Number of updated asset objects reloaded before import = 0Number of asset objects unloaded after import = 2

========================================================================
Received Import Request.
  Time since last request: 0.093348 seconds.
  path: Assets/Mobile Game GUI Vector Pack/Sprite/Icon/37.png
  artifactKey: Guid(adc87165ae9898c4aa140c2d7fdba83f) Importer(815301076,1909f56bfc062723c751e8b465ee728b)
Start importing Assets/Mobile Game GUI Vector Pack/Sprite/Icon/37.png using Guid(adc87165ae9898c4aa140c2d7fdba83f) Importer(815301076,1909f56bfc062723c751e8b465ee728b) (PreviewImporter) -> (artifact id: 'a69b09752bdd5c4911ce53da489b06f0') in 0.0179797 seconds
Number of updated asset objects reloaded before import = 0Number of asset objects unloaded after import = 2

========================================================================
Received Import Request.
  Time since last request: 0.000021 seconds.
  path: Assets/Mobile Game GUI Vector Pack/Sprite/Icon/39.png
  artifactKey: Guid(71d77c75131fddf418778bcc2f796e33) Importer(815301076,1909f56bfc062723c751e8b465ee728b)
Start importing Assets/Mobile Game GUI Vector Pack/Sprite/Icon/39.png using Guid(71d77c75131fddf418778bcc2f796e33) Importer(815301076,1909f56bfc062723c751e8b465ee728b) (PreviewImporter) -> (artifact id: 'e9b7f69fa5e8eda7db0b3a96da920b3c') in 0.0231887 seconds
Number of updated asset objects reloaded before import = 0Number of asset objects unloaded after import = 2

========================================================================
Received Import Request.
  Time since last request: 0.056567 seconds.
  path: Assets/Mobile Game GUI Vector Pack/Sprite/Icon/40.png
  artifactKey: Guid(764d5edf212a7a94ba4a62daf263d8af) Importer(815301076,1909f56bfc062723c751e8b465ee728b)
Start importing Assets/Mobile Game GUI Vector Pack/Sprite/Icon/40.png using Guid(764d5edf212a7a94ba4a62daf263d8af) Importer(815301076,1909f56bfc062723c751e8b465ee728b) (PreviewImporter) -> (artifact id: '7f4740b6c8cc9c7badc4126fd4cb189d') in 0.0438917 seconds
Number of updated asset objects reloaded before import = 0Number of asset objects unloaded after import = 2

========================================================================
Received Import Request.
  Time since last request: 0.130193 seconds.
  path: Assets/Mobile Game GUI Vector Pack/Sprite/Icon/41.png
  artifactKey: Guid(df5dc0a8c82f6a34d8598be46fb1a5b9) Importer(815301076,1909f56bfc062723c751e8b465ee728b)
Start importing Assets/Mobile Game GUI Vector Pack/Sprite/Icon/41.png using Guid(df5dc0a8c82f6a34d8598be46fb1a5b9) Importer(815301076,1909f56bfc062723c751e8b465ee728b) (PreviewImporter) -> (artifact id: '638e36b9432fbbcb87764ba02a275938') in 0.0208389 seconds
Number of updated asset objects reloaded before import = 0Number of asset objects unloaded after import = 2

========================================================================
Received Import Request.
  Time since last request: 0.029822 seconds.
  path: Assets/Mobile Game GUI Vector Pack/Sprite/Icon/42.png
  artifactKey: Guid(0684e92e96a6041469a5321cac6b99d4) Importer(815301076,1909f56bfc062723c751e8b465ee728b)
Start importing Assets/Mobile Game GUI Vector Pack/Sprite/Icon/42.png using Guid(0684e92e96a6041469a5321cac6b99d4) Importer(815301076,1909f56bfc062723c751e8b465ee728b) (PreviewImporter) -> (artifact id: 'faa8a75284c7a8b32268433067556ff2') in 0.0213296 seconds
Number of updated asset objects reloaded before import = 0Number of asset objects unloaded after import = 2

========================================================================
Received Import Request.
  Time since last request: 0.105676 seconds.
  path: Assets/Mobile Game GUI Vector Pack/Sprite/Icon/43.png
  artifactKey: Guid(b2ba2fe85d99a1345a9951c915dc4f4c) Importer(815301076,1909f56bfc062723c751e8b465ee728b)
Start importing Assets/Mobile Game GUI Vector Pack/Sprite/Icon/43.png using Guid(b2ba2fe85d99a1345a9951c915dc4f4c) Importer(815301076,1909f56bfc062723c751e8b465ee728b) (PreviewImporter) -> (artifact id: 'c505a4eaec0fe97021492504c4878932') in 0.0223456 seconds
Number of updated asset objects reloaded before import = 0Number of asset objects unloaded after import = 2

========================================================================
Received Import Request.
  Time since last request: 0.042028 seconds.
  path: Assets/Mobile Game GUI Vector Pack/Sprite/Icon/44.png
  artifactKey: Guid(90b829a8d1188c940b45f839554c5fca) Importer(815301076,1909f56bfc062723c751e8b465ee728b)
Start importing Assets/Mobile Game GUI Vector Pack/Sprite/Icon/44.png using Guid(90b829a8d1188c940b45f839554c5fca) Importer(815301076,1909f56bfc062723c751e8b465ee728b) (PreviewImporter) -> (artifact id: '1a0a81ecbe2017a6eaa9aefb946e2670') in 0.0210416 seconds
Number of updated asset objects reloaded before import = 0Number of asset objects unloaded after import = 2

========================================================================
Received Import Request.
  Time since last request: 0.027197 seconds.
  path: Assets/Mobile Game GUI Vector Pack/Sprite/Button/45.png
  artifactKey: Guid(25444a6834aea704eb09429b7affd47a) Importer(815301076,1909f56bfc062723c751e8b465ee728b)
Start importing Assets/Mobile Game GUI Vector Pack/Sprite/Button/45.png using Guid(25444a6834aea704eb09429b7affd47a) Importer(815301076,1909f56bfc062723c751e8b465ee728b) (PreviewImporter) -> (artifact id: '685d3ef45a4accc5476e772f12a2f060') in 0.0294963 seconds
Number of updated asset objects reloaded before import = 0Number of asset objects unloaded after import = 3

========================================================================
Received Import Request.
  Time since last request: 0.088846 seconds.
  path: Assets/Mobile Game GUI Vector Pack/Sprite/Icon/46.png
  artifactKey: Guid(a36ee9ea0c7ca7640b3373ec1bf69097) Importer(815301076,1909f56bfc062723c751e8b465ee728b)
Start importing Assets/Mobile Game GUI Vector Pack/Sprite/Icon/46.png using Guid(a36ee9ea0c7ca7640b3373ec1bf69097) Importer(815301076,1909f56bfc062723c751e8b465ee728b) (PreviewImporter) -> (artifact id: '30ac3b76ec1a38e422249f6be852188f') in 0.0195788 seconds
Number of updated asset objects reloaded before import = 0Number of asset objects unloaded after import = 2

========================================================================
Received Import Request.
  Time since last request: 0.090791 seconds.
  path: Assets/Mobile Game GUI Vector Pack/Sprite/Icon/48.png
  artifactKey: Guid(afbcfa2d85873c047a94fcbf293984aa) Importer(815301076,1909f56bfc062723c751e8b465ee728b)
Start importing Assets/Mobile Game GUI Vector Pack/Sprite/Icon/48.png using Guid(afbcfa2d85873c047a94fcbf293984aa) Importer(815301076,1909f56bfc062723c751e8b465ee728b) (PreviewImporter) -> (artifact id: '17e5d9cceb2b9fe31fd76a756508b7cd') in 0.0211771 seconds
Number of updated asset objects reloaded before import = 0Number of asset objects unloaded after import = 2

========================================================================
Received Import Request.
  Time since last request: 0.000028 seconds.
  path: Assets/Mobile Game GUI Vector Pack/Sprite/Icon/49.png
  artifactKey: Guid(c6228c77cb667a343bf159660d11ac3b) Importer(815301076,1909f56bfc062723c751e8b465ee728b)
Start importing Assets/Mobile Game GUI Vector Pack/Sprite/Icon/49.png using Guid(c6228c77cb667a343bf159660d11ac3b) Importer(815301076,1909f56bfc062723c751e8b465ee728b) (PreviewImporter) -> (artifact id: '37792cdffab1c231a566cf692881675d') in 0.0283294 seconds
Number of updated asset objects reloaded before import = 0Number of asset objects unloaded after import = 2

========================================================================
Received Import Request.
  Time since last request: 0.093611 seconds.
  path: Assets/SCIFI Shader/Example/Texture/BaseMap.png
  artifactKey: Guid(53ce0b87e20a3d44fb3d3f68b6f098ca) Importer(815301076,1909f56bfc062723c751e8b465ee728b)
Start importing Assets/SCIFI Shader/Example/Texture/BaseMap.png using Guid(53ce0b87e20a3d44fb3d3f68b6f098ca) Importer(815301076,1909f56bfc062723c751e8b465ee728b) (PreviewImporter) -> (artifact id: '511766aadeb4e1135b44ed2f5b4ad1f4') in 0.0239718 seconds
Number of updated asset objects reloaded before import = 0Number of asset objects unloaded after import = 2

========================================================================
Received Import Request.
  Time since last request: 0.028584 seconds.
  path: Assets/SCIFI Shader/Example/Texture/Circiut.png
  artifactKey: Guid(0a00007b6de2062479336992533360b0) Importer(815301076,1909f56bfc062723c751e8b465ee728b)
Start importing Assets/SCIFI Shader/Example/Texture/Circiut.png using Guid(0a00007b6de2062479336992533360b0) Importer(815301076,1909f56bfc062723c751e8b465ee728b) (PreviewImporter) -> (artifact id: '795e34aba573ccc79305f9bb32a0c4ce') in 0.0235446 seconds
Number of updated asset objects reloaded before import = 0Number of asset objects unloaded after import = 2

========================================================================
Received Import Request.
  Time since last request: 0.000022 seconds.
  path: Assets/Skybox/Textures/CloudyCrown_Sunset_Down.png
  artifactKey: Guid(dd10416b224641b459fe04b5eb7aec37) Importer(815301076,1909f56bfc062723c751e8b465ee728b)
Start importing Assets/Skybox/Textures/CloudyCrown_Sunset_Down.png using Guid(dd10416b224641b459fe04b5eb7aec37) Importer(815301076,1909f56bfc062723c751e8b465ee728b) (PreviewImporter) -> (artifact id: '874fb6cb80f78d5e1e543bbf1254f765') in 0.0371403 seconds
Number of updated asset objects reloaded before import = 0Number of asset objects unloaded after import = 2

========================================================================
Received Import Request.
  Time since last request: 0.000046 seconds.
  path: Assets/Skybox/Textures/CloudyCrown_Sunset_Left.png
  artifactKey: Guid(3a1c3cd9f2f146245be4af3a1123a528) Importer(815301076,1909f56bfc062723c751e8b465ee728b)
Start importing Assets/Skybox/Textures/CloudyCrown_Sunset_Left.png using Guid(3a1c3cd9f2f146245be4af3a1123a528) Importer(815301076,1909f56bfc062723c751e8b465ee728b) (PreviewImporter) -> (artifact id: 'f94d0421b5496d1b4c4d0ac63409e314') in 0.0354847 seconds
Number of updated asset objects reloaded before import = 0Number of asset objects unloaded after import = 2

========================================================================
Received Import Request.
  Time since last request: 0.000026 seconds.
  path: Assets/Skybox/Textures/CloudyCrown_Sunset_Up.png
  artifactKey: Guid(53897097b1cb7644eb130bc157b99eaf) Importer(815301076,1909f56bfc062723c751e8b465ee728b)
Start importing Assets/Skybox/Textures/CloudyCrown_Sunset_Up.png using Guid(53897097b1cb7644eb130bc157b99eaf) Importer(815301076,1909f56bfc062723c751e8b465ee728b) (PreviewImporter) -> (artifact id: 'd4673edc2379d6566baa4f2c20ec7e72') in 0.0347045 seconds
Number of updated asset objects reloaded before import = 0Number of asset objects unloaded after import = 2

========================================================================
Received Import Request.
  Time since last request: 0.000024 seconds.
  path: Assets/SCIFI Shader/Example/Texture/Data.png
  artifactKey: Guid(1cfe0100fe9e1694abcd4909355832c2) Importer(815301076,1909f56bfc062723c751e8b465ee728b)
Start importing Assets/SCIFI Shader/Example/Texture/Data.png using Guid(1cfe0100fe9e1694abcd4909355832c2) Importer(815301076,1909f56bfc062723c751e8b465ee728b) (PreviewImporter) -> (artifact id: '12e3c237ba6bb98d2f774fa7d2b605c9') in 0.0229579 seconds
Number of updated asset objects reloaded before import = 0Number of asset objects unloaded after import = 2

========================================================================
Received Import Request.
  Time since last request: 0.083508 seconds.
  path: Assets/Plugins/Demigiant/DOTween/Editor/Imgs/DOTweenIcon.png
  artifactKey: Guid(8da095e39e9b4df488dfd436f81116d6) Importer(815301076,1909f56bfc062723c751e8b465ee728b)
Start importing Assets/Plugins/Demigiant/DOTween/Editor/Imgs/DOTweenIcon.png using Guid(8da095e39e9b4df488dfd436f81116d6) Importer(815301076,1909f56bfc062723c751e8b465ee728b) (PreviewImporter) -> (artifact id: 'b2666579e317b342a028c249190c19d0') in 0.0190788 seconds
Number of updated asset objects reloaded before import = 0Number of asset objects unloaded after import = 2

========================================================================
Received Import Request.
  Time since last request: 0.213142 seconds.
  path: Assets/SCIFI Shader/Example/Texture/Emmision.png
  artifactKey: Guid(6e0258a50010f1e4c8442ee6a782f216) Importer(815301076,1909f56bfc062723c751e8b465ee728b)
Start importing Assets/SCIFI Shader/Example/Texture/Emmision.png using Guid(6e0258a50010f1e4c8442ee6a782f216) Importer(815301076,1909f56bfc062723c751e8b465ee728b) (PreviewImporter) -> (artifact id: '8e71ffcfaeab0611b37f3896ebad5dce') in 0.0236129 seconds
Number of updated asset objects reloaded before import = 0Number of asset objects unloaded after import = 2

========================================================================
Received Import Request.
  Time since last request: 0.831907 seconds.
  path: Assets/Plugins/Demigiant/DOTween/Editor/Imgs/Footer.png
  artifactKey: Guid(7051dba417b3d53409f2918f1ea4938d) Importer(815301076,1909f56bfc062723c751e8b465ee728b)
Start importing Assets/Plugins/Demigiant/DOTween/Editor/Imgs/Footer.png using Guid(7051dba417b3d53409f2918f1ea4938d) Importer(815301076,1909f56bfc062723c751e8b465ee728b) (PreviewImporter) -> (artifact id: 'e9bc17ca9f459f3215d1b410b192fee2') in 0.0212531 seconds
Number of updated asset objects reloaded before import = 0Number of asset objects unloaded after import = 2

========================================================================
Received Import Request.
  Time since last request: 0.171758 seconds.
  path: Assets/Plugins/Demigiant/DOTween/Editor/Imgs/Footer_dark.png
  artifactKey: Guid(519694efe2bb2914788b151fbd8c01f4) Importer(815301076,1909f56bfc062723c751e8b465ee728b)
Start importing Assets/Plugins/Demigiant/DOTween/Editor/Imgs/Footer_dark.png using Guid(519694efe2bb2914788b151fbd8c01f4) Importer(815301076,1909f56bfc062723c751e8b465ee728b) (PreviewImporter) -> (artifact id: '0469ed53235a8396f0aba9cc7d967517') in 0.0180848 seconds
Number of updated asset objects reloaded before import = 0Number of asset objects unloaded after import = 2

========================================================================
Received Import Request.
  Time since last request: 1.156433 seconds.
  path: Assets/Plugins/Demigiant/DOTween/Editor/Imgs/Header.jpg
  artifactKey: Guid(78a59ca99f8987941adb61f9e14a06a7) Importer(815301076,1909f56bfc062723c751e8b465ee728b)
Start importing Assets/Plugins/Demigiant/DOTween/Editor/Imgs/Header.jpg using Guid(78a59ca99f8987941adb61f9e14a06a7) Importer(815301076,1909f56bfc062723c751e8b465ee728b) (PreviewImporter) -> (artifact id: 'bd85a64d425ecd4a61a904043f98351c') in 0.0235005 seconds
Number of updated asset objects reloaded before import = 0Number of asset objects unloaded after import = 2

========================================================================
Received Import Request.
  Time since last request: 0.000025 seconds.
  path: Assets/SCIFI Shader/Example/Texture/Noise.png
  artifactKey: Guid(656bec78f34cda243b3cd40425ec8af0) Importer(815301076,1909f56bfc062723c751e8b465ee728b)
Start importing Assets/SCIFI Shader/Example/Texture/Noise.png using Guid(656bec78f34cda243b3cd40425ec8af0) Importer(815301076,1909f56bfc062723c751e8b465ee728b) (PreviewImporter) -> (artifact id: 'ccb0c9134f2c93ee2d26719202dda9d2') in 0.0211867 seconds
Number of updated asset objects reloaded before import = 0Number of asset objects unloaded after import = 2

========================================================================
Received Import Request.
  Time since last request: 0.000025 seconds.
  path: Assets/Scenes/Main/ReflectionProbe-0.exr
  artifactKey: Guid(23ebf1528f236824db94b4bce34ba0df) Importer(815301076,1909f56bfc062723c751e8b465ee728b)
Start importing Assets/Scenes/Main/ReflectionProbe-0.exr using Guid(23ebf1528f236824db94b4bce34ba0df) Importer(815301076,1909f56bfc062723c751e8b465ee728b) (PreviewImporter) -> (artifact id: '4a1994e3d4db227ccc869efb56460176') in 0.6042771 seconds
Number of updated asset objects reloaded before import = 0Number of asset objects unloaded after import = 2

========================================================================
Received Import Request.
  Time since last request: 195.086922 seconds.
  path: Assets/UniversalRenderPipelineGlobalSettings.asset
  artifactKey: Guid(f303cf6a9c82d124ab1451db7f17f644) Importer(815301076,1909f56bfc062723c751e8b465ee728b)
Start importing Assets/UniversalRenderPipelineGlobalSettings.asset using Guid(f303cf6a9c82d124ab1451db7f17f644) Importer(815301076,1909f56bfc062723c751e8b465ee728b) (PreviewImporter) -> (artifact id: 'f5058d8062bfe450bae1d615a76c427f') in 0.001314 seconds
Number of updated asset objects reloaded before import = 2Number of asset objects unloaded after import = 0

========================================================================
Received Prepare
ETC Legacy compression has been deprecated and will be removed in a future release. You can review compressors in "Project Settings > Editor > Texture Compressors".
Begin MonoManager ReloadAssembly
[Licensing::Client] Successfully resolved entitlement details
[Licensing::Module] License group:
  Id: F4-S6VB-6VNM-MCA7-YRJZ-XXXX
  Product: Unity Personal
  Type: ULF
  Expiration: Unlimited
[Licensing::Module] License group:
  Id: 11270200047816-UnityPersXXXX
  Product: Unity Personal
  Type: Assigned
  Expiration: Unlimited
- Loaded All Assemblies, in  0.918 seconds
Refreshing native plugins compatible for Editor in 0.38 ms, found 2 plugins.
Native extension for WindowsStandalone target not found
[Package Manager] Failed to launch server process. Reason: Unity was launched with the -noUpm command-line argument
[Package Manager] Unable to send message (not connected to server process).
[Package Manager] Cannot connect to Unity Package Manager local server
[MODES] ModeService[none].Initialize
[MODES] ModeService[none].LoadModes
Mono: successfully reloaded assembly
- Finished resetting the current domain, in  0.915 seconds
Domain Reload Profiling: 1832ms
	BeginReloadAssembly (306ms)
		ExecutionOrderSort (0ms)
		DisableScriptedObjects (36ms)
		BackupInstance (0ms)
		ReleaseScriptingObjects (0ms)
		CreateAndSetChildDomain (73ms)
	RebuildCommonClasses (51ms)
	RebuildNativeTypeToScriptingClass (15ms)
	initialDomainReloadingComplete (38ms)
	LoadAllAssembliesAndSetupDomain (507ms)
		LoadAssemblies (429ms)
		RebuildTransferFunctionScriptingTraits (0ms)
		AnalyzeDomain (202ms)
			TypeCache.Refresh (7ms)
				TypeCache.ScanAssembly (0ms)
			BuildScriptInfoCaches (178ms)
			ResolveRequiredComponents (13ms)
	FinalizeReload (916ms)
		ReleaseScriptCaches (0ms)
		RebuildScriptCaches (0ms)
		SetupLoadedEditorAssemblies (711ms)
			LogAssemblyErrors (0ms)
			InitializePlatformSupportModulesInManaged (3ms)
			SetLoadedEditorAssemblies (5ms)
			BeforeProcessingInitializeOnLoad (171ms)
			ProcessInitializeOnLoadAttributes (396ms)
			ProcessInitializeOnLoadMethodAttributes (131ms)
			AfterProcessingInitializeOnLoad (5ms)
			EditorAssembliesLoaded (0ms)
		ExecutionOrderSort2 (0ms)
		AwakeInstancesAfterBackupRestoration (22ms)
Refreshing native plugins compatible for Editor in 0.49 ms, found 2 plugins.
Preloading 0 native plugins for Editor in 0.00 ms.
Unloading 15 Unused Serialized files (Serialized files now loaded: 0)
Unloading 4477 unused Assets / (4.0 MB). Loaded Objects now: 5372.
Memory consumption went from 132.9 MB to 128.8 MB.
Total: 9.108900 ms (FindLiveObjects: 0.546700 ms CreateObjectMapping: 0.623500 ms MarkObjects: 5.717200 ms  DeleteObjects: 2.220200 ms)

Prepare: number of updated asset objects reloaded= 0
========================================================================
Received Import Request.
  Time since last request: 855.783811 seconds.
  path: Assets/Resources/CubeDone.prefab
  artifactKey: Guid(59f53938417176a4ba8e13a0642fedfb) Importer(815301076,1909f56bfc062723c751e8b465ee728b)
Start importing Assets/Resources/CubeDone.prefab using Guid(59f53938417176a4ba8e13a0642fedfb) Importer(815301076,1909f56bfc062723c751e8b465ee728b) (PreviewImporter) -> (artifact id: '1707519c48e06a9d0515df38edacbe85') in 0.6797542 seconds
Number of updated asset objects reloaded before import = 0Number of asset objects unloaded after import = 12

========================================================================
Received Import Request.
  Time since last request: 0.000060 seconds.
  path: Assets/Resources/L.prefab
  artifactKey: Guid(c81f39e67f02749b6808603b77033943) Importer(815301076,1909f56bfc062723c751e8b465ee728b)
Start importing Assets/Resources/L.prefab using Guid(c81f39e67f02749b6808603b77033943) Importer(815301076,1909f56bfc062723c751e8b465ee728b) (PreviewImporter) -> (artifact id: 'a163471d9980bb5ba70a9ecfcf54188f') in 0.0287051 seconds
Number of updated asset objects reloaded before import = 0Number of asset objects unloaded after import = 39

========================================================================
Received Import Request.
  Time since last request: 0.000076 seconds.
  path: Assets/Resources/T.prefab
  artifactKey: Guid(9336f9799086c48969588c424eb4260e) Importer(815301076,1909f56bfc062723c751e8b465ee728b)
Start importing Assets/Resources/T.prefab using Guid(9336f9799086c48969588c424eb4260e) Importer(815301076,1909f56bfc062723c751e8b465ee728b) (PreviewImporter) -> (artifact id: '3f517dfa2f53cc398ee5c33a38413020') in 0.0457626 seconds
Number of updated asset objects reloaded before import = 0Number of asset objects unloaded after import = 40

========================================================================
Received Import Request.
  Time since last request: 0.000035 seconds.
  path: Assets/Resources/L2.prefab
  artifactKey: Guid(14125b05857d84fc1a861ee8bea8acd2) Importer(815301076,1909f56bfc062723c751e8b465ee728b)
Start importing Assets/Resources/L2.prefab using Guid(14125b05857d84fc1a861ee8bea8acd2) Importer(815301076,1909f56bfc062723c751e8b465ee728b) (PreviewImporter) -> (artifact id: '45b32dff37fb08b3d1167eb8f2fc18f9') in 0.0460866 seconds
Number of updated asset objects reloaded before import = 0Number of asset objects unloaded after import = 40

========================================================================
Received Import Request.
  Time since last request: 372.631688 seconds.
  path: Assets/Resources/20260205_2222_Image Generation_simple_compose_01kgqqgby9ep4axgmr5qdat6zv.png
  artifactKey: Guid(fa99242d3edb94b4197d21c9427d916c) Importer(815301076,1909f56bfc062723c751e8b465ee728b)
Start importing Assets/Resources/20260205_2222_Image Generation_simple_compose_01kgqqgby9ep4axgmr5qdat6zv.png using Guid(fa99242d3edb94b4197d21c9427d916c) Importer(815301076,1909f56bfc062723c751e8b465ee728b) (PreviewImporter) -> (artifact id: 'd96a2e67cd5e0a8966b12ec7b43f4871') in 0.0306243 seconds
Number of updated asset objects reloaded before import = 0Number of asset objects unloaded after import = 2

========================================================================
Received Import Request.
  Time since last request: 18.470892 seconds.
  path: Assets/Sprites/20260205_2222_Image Generation_simple_compose_01kgqqgby9ep4axgmr5qdat6zv.png
  artifactKey: Guid(fa99242d3edb94b4197d21c9427d916c) Importer(815301076,1909f56bfc062723c751e8b465ee728b)
Start importing Assets/Sprites/20260205_2222_Image Generation_simple_compose_01kgqqgby9ep4axgmr5qdat6zv.png using Guid(fa99242d3edb94b4197d21c9427d916c) Importer(815301076,1909f56bfc062723c751e8b465ee728b) (PreviewImporter) -> (artifact id: 'e938c620170256804c101ab815374bb1') in 0.035815 seconds
Number of updated asset objects reloaded before import = 0Number of asset objects unloaded after import = 3

========================================================================
Received Import Request.
  Time since last request: 254.479289 seconds.
  path: Assets/Mobile Game GUI Vector Pack
  artifactKey: Guid(5993491385a26a445bd1d98069d39486) Importer(815301076,1909f56bfc062723c751e8b465ee728b)
Start importing Assets/Mobile Game GUI Vector Pack using Guid(5993491385a26a445bd1d98069d39486) Importer(815301076,1909f56bfc062723c751e8b465ee728b) (PreviewImporter) -> (artifact id: 'c5b6ed5c06081c1e780b48bcb6cc14ce') in 0.0005792 seconds
Number of updated asset objects reloaded before import = 0Number of asset objects unloaded after import = 0

========================================================================
Received Prepare
ETC Legacy compression has been deprecated and will be removed in a future release. You can review compressors in "Project Settings > Editor > Texture Compressors".
Refreshing native plugins compatible for Editor in 0.43 ms, found 2 plugins.
Preloading 0 native plugins for Editor in 0.00 ms.
Unloading 15 Unused Serialized files (Serialized files now loaded: 0)
Unloading 4474 unused Assets / (4.1 MB). Loaded Objects now: 5506.
Memory consumption went from 133.7 MB to 129.6 MB.
Total: 11.269200 ms (FindLiveObjects: 0.562000 ms CreateObjectMapping: 0.624800 ms MarkObjects: 7.369200 ms  DeleteObjects: 2.711200 ms)

Prepare: number of updated asset objects reloaded= 1
========================================================================
Received Prepare
ETC Legacy compression has been deprecated and will be removed in a future release. You can review compressors in "Project Settings > Editor > Texture Compressors".
Begin MonoManager ReloadAssembly
[Licensing::Client] Successfully resolved entitlement details
[Licensing::Module] License group:
  Id: F4-S6VB-6VNM-MCA7-YRJZ-XXXX
  Product: Unity Personal
  Type: ULF
  Expiration: Unlimited
[Licensing::Module] License group:
  Id: 11270200047816-UnityPersXXXX
  Product: Unity Personal
  Type: Assigned
  Expiration: Unlimited
- Loaded All Assemblies, in  0.832 seconds
Refreshing native plugins compatible for Editor in 0.26 ms, found 2 plugins.
Native extension for WindowsStandalone target not found
[Package Manager] Failed to launch server process. Reason: Unity was launched with the -noUpm command-line argument
[Package Manager] Unable to send message (not connected to server process).
[Package Manager] Cannot connect to Unity Package Manager local server
[MODES] ModeService[none].Initialize
[MODES] ModeService[none].LoadModes
Mono: successfully reloaded assembly
- Finished resetting the current domain, in  0.924 seconds
Domain Reload Profiling: 1755ms
	BeginReloadAssembly (302ms)
		ExecutionOrderSort (0ms)
		DisableScriptedObjects (35ms)
		BackupInstance (0ms)
		ReleaseScriptingObjects (0ms)
		CreateAndSetChildDomain (75ms)
	RebuildCommonClasses (43ms)
	RebuildNativeTypeToScriptingClass (15ms)
	initialDomainReloadingComplete (38ms)
	LoadAllAssembliesAndSetupDomain (431ms)
		LoadAssemblies (390ms)
		RebuildTransferFunctionScriptingTraits (0ms)
		AnalyzeDomain (165ms)
			TypeCache.Refresh (10ms)
				TypeCache.ScanAssembly (0ms)
			BuildScriptInfoCaches (138ms)
			ResolveRequiredComponents (13ms)
	FinalizeReload (925ms)
		ReleaseScriptCaches (0ms)
		RebuildScriptCaches (0ms)
		SetupLoadedEditorAssemblies (737ms)
			LogAssemblyErrors (0ms)
			InitializePlatformSupportModulesInManaged (2ms)
			SetLoadedEditorAssemblies (5ms)
			BeforeProcessingInitializeOnLoad (181ms)
			ProcessInitializeOnLoadAttributes (396ms)
			ProcessInitializeOnLoadMethodAttributes (145ms)
			AfterProcessingInitializeOnLoad (7ms)
			EditorAssembliesLoaded (0ms)
		ExecutionOrderSort2 (0ms)
		AwakeInstancesAfterBackupRestoration (20ms)
Refreshing native plugins compatible for Editor in 0.29 ms, found 2 plugins.
Preloading 0 native plugins for Editor in 0.00 ms.
Unloading 15 Unused Serialized files (Serialized files now loaded: 0)
Unloading 4475 unused Assets / (3.6 MB). Loaded Objects now: 5395.
Memory consumption went from 132.8 MB to 129.2 MB.
Total: 7.749900 ms (FindLiveObjects: 0.665200 ms CreateObjectMapping: 0.791900 ms MarkObjects: 4.617200 ms  DeleteObjects: 1.674600 ms)

Prepare: number of updated asset objects reloaded= 0
